Ammonia,Benzene,Alcohol,CO,Methane,CNG,LPG,Butane,Hydrogen,Smoke,Propane,AQI
41.56,3.86,8.1,6.45,7.71,9.76,4.74,6.56,7.99,35.7,2.99,143.27
39.29,2.32,9.46,7.9,1.61,6.7,0.28,2.63,9.89,175.77,6.27,197.5
31.26,0.17,4.95,1.4,7.05,2.91,0.45,2.03,4.2,79.12,6.16,105.75
8.41,3.26,8.9,13.84,5.84,5.62,5.17,7.33,8.35,15.59,8.59,97.39
5.28,4.39,8.56,13.05,4.53,3.86,2.47,9.42,8.37,108.53,6.85,136.43
38.41,0.72,1.57,7.76,6.78,5.99,4.24,7.08,4.77,32.41,1.9,90.26
9.05,3.9,3.92,19.23,1.32,0.21,4.94,9.39,4.54,161.58,7.94,191.4
36.12,2.7,5.02,2.34,2.25,3.12,5.89,6.72,4.98,113.97,0.02,148.73
0.13,3.88,9,3.84,5.53,3.37,3.12,6.29,3.04,187.03,0.97,172.47
24.86,0.19,3.06,6.6,5.89,8.7,2,2.78,9.18,134.97,9.24,145.31
30.4,3.9,5.96,0,2.32,7.78,9.19,5.52,5.58,41.21,9.43,125.35
30.94,1.94,3.37,10.6,7.96,5.24,6.47,1.48,5.16,110.97,9.69,163.11
17.26,2.63,3.28,18.51,1.95,2.77,0.88,6.31,7.88,17.68,3.79,102.64
1.26,1.45,8.03,13.81,3.96,6.7,6.2,3.65,1.18,182.05,7.99,160.05
3.28,1.18,9.49,19.3,3.31,4.97,6.46,0.96,0.35,52.45,8.91,102.39
34.39,0.16,0.39,3,1.01,5.67,7.26,2.47,2.29,93.64,0.01,104.19
10.9,3.44,0.29,9.85,9.72,6.72,9.4,6.65,6.95,118.68,2.48,144.35
21.64,3.6,1.29,19.88,0.44,0.06,9.59,6.49,4.34,10.72,7.29,91.96
32.85,2.82,2.94,1.27,9.65,8.52,2.42,7.06,2.79,133.2,6.85,151.71
32.12,0.83,1.59,0.63,5.86,0.17,3.06,5.39,3.39,143.6,9.47,156.38
36.54,4.46,3.6,13.05,0.14,8.46,0.85,3.42,7.56,113.93,9.67,153.24
6.81,4.1,7.76,12.73,3.17,6.53,1.43,3.76,3.47,104.47,8.72,121.56
30.99,1.27,4.71,13.36,4.01,4.98,4.24,0.21,1.83,134.26,2.63,154.67
42.61,1.21,5.54,0.99,9.51,2.23,0.25,5.31,8.41,26.13,3.13,83.24
5.77,4.31,3.17,15.25,1.56,4.53,6.52,4.89,2.74,141.57,6.63,166.89
16.45,3.28,3.69,6.18,5.94,3.97,4.73,3.98,6.01,142.13,2.38,159.81
4.96,2.65,3.84,14.01,3.37,6.73,5.32,1.6,8.29,35.19,0.65,81.98
6.54,1.45,9.12,16.3,5.39,9.46,3.92,5.41,8.72,158.53,2.6,179.88
4.15,1.06,0.57,1.65,4.76,5.37,3.09,5.03,9.11,98.34,9.55,118.6
27.54,4.66,9.37,7.83,9.37,1.27,7.46,2,4.69,190.31,9.46,213.12
47.49,3.94,8.4,3.83,7.65,1.93,4,5.33,0.41,67.84,8.97,120.61
8.15,3.68,8.37,4.22,7.36,1.4,8.46,3.33,7.84,119.44,0.38,116.53
15.98,2.69,9.22,8.05,4.21,4.4,4.61,4.41,5.3,197.71,0.19,185.62
39.59,2.57,1.35,1.9,8.73,2.35,0.69,3.03,7.68,137.35,1.83,149.36
23.82,0.65,3.24,4.24,9.25,4.39,1.27,7.49,3.84,64.62,4.81,104.74
12.46,2.19,0.56,11.11,8.11,7.42,5.25,1.03,7.98,186.87,5.59,180.58
23.52,4.59,3.89,15.48,8.63,2.37,8.6,0.43,6.45,186.89,9.18,218.02
40.23,1.24,8.37,3.34,5.49,5.29,5.62,2.91,3.12,189.55,9.69,178.76
5.59,1.16,3.87,5.37,3.01,9.88,5.55,2.59,9.48,138.57,2.44,142.25
41.51,3.79,4.87,0.18,5.12,7.22,2.14,9.7,9.9,123.23,1.09,170.13
15.41,0.4,7.17,5.99,0.94,4.33,1.39,7.12,0.69,81.3,6.18,105.06
33.64,4.87,5.02,5.34,6.66,3.64,4.5,1.62,9.23,170.3,0.73,189.83
17.29,2.33,9.47,9.34,2.51,5.23,8.13,4.13,7.9,18.9,9.92,99.79
2.49,1.43,8.06,16.5,5.15,5.65,2.72,4.91,1.1,11.83,0.41,72.04
16.43,4.12,0.2,1.79,6.12,6.45,1.82,4.63,7.47,197.66,7.8,176.99
9.44,0.28,6.34,18.49,9.58,3.33,6.82,5.99,9.81,185.52,6.68,197.34
37.53,2.36,4.47,4.65,2.3,7.25,2.86,6.29,8.49,25.26,5.94,103.01
29.19,4.1,0.56,13.74,2.4,9.24,4.81,2.83,3.46,131.73,4.16,163.64
24.98,2.84,0.17,9.59,5.6,4.33,7.87,3.89,9.72,44.92,8.46,123.56
5.7,1.44,7.38,19.67,8.7,8.1,8.44,5.12,8,101.11,3.1,170.95
29.23,3.1,0.53,5.48,1.14,8.99,1.67,4.66,2.38,118.2,8.14,135.08
8.92,3.65,0.6,1.13,3.27,1.99,3.08,6.88,6.18,132.99,4.11,143.21
4.57,1.24,3.23,0.78,4.34,7.85,5,3.21,9.7,45.72,9.07,79.01
44.73,2.68,2.04,1.38,4.12,6.29,8.77,3.45,7.14,159.05,0.48,195.7
31.23,3.49,5.94,7.18,4.96,4.78,5.54,3.35,0.49,96.02,1.57,136.18
14.48,4.32,0.21,11.81,4.38,4.27,0.58,1.4,1.82,3.26,7,65.83
23.97,1.67,6.11,19.92,5.47,6.95,5.54,0.4,4.69,17.93,9.35,95.86
40.35,4.43,4.92,10.9,4.11,1.81,2.86,4.31,3.04,101.89,7.68,133.21
32.04,0.68,9.18,14.85,3.29,9.56,1.32,9.26,6.03,72.71,8.6,147.88
41.1,1.3,8.72,13.25,4.19,9.16,3.13,7.02,9.43,80.12,0.36,142.86
7.52,4.06,1.65,13.08,0.35,3.52,7.63,4.91,8.37,26.21,1.82,86.35
47.22,3.81,3.05,11.44,2.5,2.07,1.03,1.71,3.52,183.61,8.45,201.46
32.46,3.01,5.72,3.49,9.18,9.58,2.62,4.23,8.05,128.08,2.93,172.36
20.79,3.62,1.21,12.48,8.69,1.57,9.6,2.31,1.58,198.8,4.7,176.07
36.9,2.23,2.98,9.23,4.95,0.17,0.19,1.26,9.17,6.89,9.75,82.87
15.67,0.31,1.69,17.93,6.84,9.5,7.82,9.92,5.37,154.54,6.64,194.43
16.34,0.76,0.87,1.89,8.91,0.31,0.86,8.94,3.01,150.39,0.64,135.87
3.82,4.89,8.91,4.45,9.79,9.66,4.18,0.47,9.81,147.95,8.35,169.25
16.44,3.43,0.78,11.51,5.7,6.46,9.37,3.79,0.52,196.19,6.96,207.13
2.82,1.24,6.71,17.67,4.93,8.23,3.47,7.9,0.69,184.31,2,205.19
3.42,3.2,6.57,2.37,6.32,9.19,4.08,5.43,8.14,109.18,9.31,135.25
46.65,0.42,8.83,18.93,0.73,5.56,4.71,9.67,4.37,94.58,7.34,152.58
3.22,4.87,5.45,11.53,3.8,8.24,0.48,3.74,7.51,29.39,5.23,87.88
6.55,4.41,1.84,1.48,3.44,6.95,7.95,7.61,8.14,63.89,6.01,114.28
41.65,1.18,4.71,14.28,7.84,3.76,0.95,8.19,0.52,78.87,8.25,139.43
27.93,1.62,3.05,17.28,2.6,3.52,1.24,6.5,9.65,77.06,4.09,139.97
9.33,1.05,7.69,5.23,8.71,4.79,4.28,5.26,2.43,99.01,2.01,112.37
35.34,3.39,5.14,16.91,4.04,7.26,3.73,5.18,9.83,54.94,1.8,147.2
28.09,1.01,6.61,10.75,3.46,8.81,6.21,3.2,2.14,176.63,1.44,194.2
42.32,2.52,2.44,6.41,2.45,0.59,9.49,5.73,3,73.62,0.75,128.22
3.99,3.4,0.64,18.27,6.41,0.91,3.94,8.51,9.54,12.06,8.19,105.33
29.51,4.46,7.04,5.05,3.83,3.23,7.99,1.21,6.88,115,1.33,146.32
9.79,2.55,2.19,15.13,7.53,1.1,8.83,6.54,6.24,173.86,8.61,178.92
35.24,1.87,7.48,9.72,0.22,7.51,2.04,0.39,8.96,83.35,5.55,114.64
3.68,4.52,1.35,18.31,6.49,3.7,8.23,2.11,2.05,132.71,1.39,136.18
16.63,1.95,2.05,16.78,6.78,2.14,4.12,5.93,2.39,149.69,8.4,173.9
43.79,3.97,3.45,6.86,8.17,4.45,4.24,8.88,9.97,163.44,6.02,212.68
37.25,0.27,6.9,2.61,1.55,7.93,6.99,4.19,0.22,160.19,7.56,171.66
11.69,2.75,4.9,1.02,3.3,4.02,4.29,7.02,8.42,7.74,1.39,48.8
38.59,2.81,6.4,2.94,6.84,8.28,4.62,3.84,3.16,117.5,7.87,130.86
23.47,2.93,7.98,7.74,2.89,5.25,2.05,2.99,8.39,188.12,6.2,182.26
44.94,4.71,8.72,18.08,0.43,4.71,0.09,3.61,6.39,26.07,8.42,115.27
21.43,4.88,7.15,15.89,5.63,8.92,5.52,6.21,0.62,107.17,2.78,165.2
24.83,0.19,8.51,14.28,4.18,6.73,2.9,1.78,7.96,165.65,0.53,172.03
44.44,1.56,6.13,11.72,9.67,4.93,1.2,6.58,3.08,186.74,8.87,214.1
42.79,3.37,8.94,14.05,6.45,2.06,2.14,5.81,3.96,18.1,2.22,107.15
13.48,4.2,7.09,15.32,7.36,4.68,2.67,8.67,5.12,129.49,6.24,171.85
35.13,3.95,0.3,17.57,2.48,9.68,8.18,9.31,7.28,63.9,5.48,158.83
12.4,3.7,2.09,19.81,6.28,9.83,7.32,2.6,7.91,69.79,5.29,132.55
43.68,4.05,2.56,13.34,8.54,5.18,9.35,4.53,1.89,127.38,9.57,170.06
28.82,4.97,8.14,12.42,7.16,9.77,6.57,4.67,7.89,125.23,7.53,181.43
32.6,3.28,6.72,11.9,7.15,5.04,6.97,8.42,1.51,63.23,3.53,119.1
17.88,2.68,9.19,18.13,3.96,2.78,9.41,1.09,2.83,199.75,6.18,205.69
22.16,1.95,5.36,0.04,1.55,3.49,9.72,5.38,6.14,160.66,3.5,145.07
21.35,0.44,8.08,3.75,3.98,6.03,8.24,4.92,9.97,25.26,9.12,77.42
37.66,3.15,9.94,6.07,0.91,8.34,8.26,7.52,6.39,196.32,5.51,210.82
1.05,3.84,3.84,15.07,0.65,6.94,2.72,6.62,5.61,76.12,8.15,122.46
31.46,2.53,6.22,9.68,5.98,5.26,9.31,2.82,9.39,173.71,7.34,203.73
44.52,1.62,3.09,5.44,6.2,7.85,9.7,0.46,8.82,79.44,8.39,143.7
17.01,4.49,5.11,0.63,1.09,9.4,3.97,1.97,8.24,14.63,2.48,74.25
16.72,1.09,3.98,19.98,2.46,7.35,4.88,8.92,7.37,60.3,0.27,120.5
34.18,0.41,6.82,17.05,4.21,2.85,5.03,9.32,9.51,12.54,3.37,108.6
34.8,0.69,6.72,6.76,8.06,0.62,1.73,4.9,5.8,2.33,8.85,64.31
32.21,0.2,8.38,12.79,9.94,1.5,1.84,0.37,0.51,141.1,4.8,152.23
43.35,1.29,4.33,2.54,2.57,1.28,8.87,5.6,0.28,82.56,6.9,147.81
17.16,2.56,3.43,2.64,0.62,0.99,5.77,9.91,8.19,52.17,5.27,107.99
40.38,2.69,4.27,4.79,7.59,3.21,9.38,8.68,2.2,160.73,5.48,180.37
20.3,1.93,0.37,4.59,7.84,9.88,9.47,1.85,4.8,82.92,5.42,121.77
23.68,1.03,1.85,5.31,0.8,9.03,6.4,2.17,2.41,110.3,5.09,145.4
4.95,3.75,5.08,18.31,0.06,8.58,1.8,5.28,1.42,171.05,3.46,166.77
47.92,2.27,5.56,8.99,7.11,2.56,8.43,2.14,4.83,32.36,5.44,119.61
27.32,2.94,5.58,8.54,2.11,5.27,9.47,5.21,6.8,105.37,0.22,135.61
25.95,0.81,9.89,6.41,5.91,5.19,5.76,2.86,2.19,1.23,8.52,74.36
21.52,2.06,5.78,15.76,9.2,4.94,2.8,2.03,3.65,136.92,1.4,153.65
33.61,2.84,4.24,8.06,9.36,1.88,4.64,3.14,1.86,166.84,8.86,179.84
23.71,3.54,8.68,9.43,2.33,8.36,3.83,2.3,1.51,153.49,4.25,157.77
3.39,2.36,9.79,7.81,5.26,2.28,9.58,4.45,1.44,103.57,8.06,135.42
12.09,1.05,0.71,8.2,3.4,0.31,3.97,8.2,8.4,150.9,6.02,162.9
7.16,3.72,2.36,7.02,2.61,0.23,9.07,7.19,2.11,113.54,3.49,132.21
34.31,3.9,0.15,11.33,8.93,4.29,4.18,7.37,7.84,76.86,9.32,145.03
34.67,0.2,0.86,1.04,2.06,4.87,2.74,8.31,6.76,109.49,0.83,127.49
33.16,2.45,0.69,7.43,3.25,1.84,0.41,2.62,8.54,25.15,2.72,80.88
26.08,0.3,2.43,0.07,4.01,4.81,3,9,8.73,73.88,0.89,111.57
26.62,4.03,8.28,14.83,6.74,7.06,1.4,3.03,6.44,63,4.14,139.43
35.51,1.92,7.44,2.7,4.57,7.08,9.65,8,8.09,131.21,5.63,184.31
3.41,3.9,8.69,15.15,4.16,0.48,9.11,1.89,9.17,86.45,9.63,122.41
11.69,0.5,8.49,0.92,9.16,0.01,6.93,8.45,8.9,93.76,7.3,134.37
44.98,0.54,6.7,5.09,5.93,6.41,0.3,3.78,6.54,171.72,6.49,203.14
25.9,3.64,0.87,11.44,5.87,4.06,8.45,3.74,7.34,154.08,4.2,183.9
23.31,2.72,4.75,4.4,6.03,2.16,1.31,6.03,7.7,73.1,7.44,115.51
15.17,4.88,8.85,5.79,6.73,1.8,0.18,0.88,2.5,149.36,8.18,172.9
44.38,4.22,6.06,16.31,0.86,3.82,8.6,0.36,4.53,71.52,1.17,135.22
7.67,2.95,4.27,7.51,1.9,0.2,3.83,7.15,5.25,4.18,0.12,45.84
22.47,3.45,1.81,13.09,9.39,4.76,8.44,8.95,2.7,152.43,8.7,201.93
33.65,2.76,7.37,9.18,1.89,2.43,9.21,5.62,3.77,181.82,1.49,184.66
38.64,3.7,6.99,18.4,4.05,3.47,3.36,2.26,4.21,66.14,5.92,124.65
12.53,4.02,2.16,5.15,1.2,3.3,5.2,6.6,9.35,169.59,2.01,160.64
3.94,4.36,6.58,10.91,4.24,9.38,3.93,8.5,7.74,71.12,7.51,111.87
12.69,4.34,1.83,19.95,9.84,5.02,1.65,1.89,3.62,119.48,7.51,163.2
47.67,3.52,7.94,9.85,4.97,3.52,7.95,4.7,3.78,126.58,0.04,175.17
8.88,1.37,0.05,19.37,1.55,3.34,5.87,0.63,3.79,72.49,1.71,101.58
16.89,1.3,6.76,0.27,6.44,1.22,9.27,0.08,7.71,124.92,7.35,144.88
45.93,3.41,3.5,11.44,2.75,4.61,2.66,2.59,4.47,30.27,4.64,89.4
6.02,1.39,4.12,5.64,3.46,8.83,3.64,8.46,5.74,139.56,1.66,169.05
33.82,0.98,1.75,12.5,8.26,2.18,5.8,4.94,1.02,115.78,1.36,155.79
19.94,1.66,3.5,3.64,2.79,9.74,1.64,0.46,1.33,132.56,1.48,126.16
9.47,1.23,0.79,12.96,5.39,0.54,4.6,3.16,1.15,195.99,1.84,174.4
25.65,1.34,1.76,2.65,4.72,6.08,6.45,8.92,5.8,176.14,5.29,198.92
44.85,1.59,2.13,11.23,3.55,8.58,4.17,8.25,9.73,64.55,0.29,149.2
32.67,1.76,6.85,7.78,5.3,4.35,6.15,4.97,9.2,42.11,0.23,101.45
40.25,4.74,6.05,2.7,1.57,4.96,4.1,3.56,8.18,90.79,1.66,133.67
1.23,1.56,4.43,1.6,6.61,0.04,2.22,8.23,5.36,64.25,2.45,74.36
25.73,0.11,0.97,6.02,0.61,9.29,2.68,5.28,3.88,59.31,5.3,101.1
28.3,3.15,8.67,7.83,2.45,9.93,8.24,0.98,9.06,56.04,2.95,116.17
27.32,3.06,1.42,17.95,8.14,3.84,0.63,8.78,6.16,47,3.84,129.18
29.05,4.1,8.07,19.26,5.21,6.86,9.52,8.24,2.64,78.69,2.52,153.65
18.39,1.02,6.06,4.92,4.3,7.76,4.62,3.89,6.8,145.21,6.61,157.92
32.56,4.16,6.7,2.25,7.86,2.68,4.16,9.06,0.62,198.35,8.72,219.63
45.62,1.53,6.79,19.82,0.42,7.7,9.78,7.96,6.96,127.42,9.92,212.32
39.87,1.76,3.4,14.41,1.81,5.49,9.07,5.48,8.27,183.21,4.83,211.03
38.98,4.27,9.77,2.17,0.34,5.32,5.72,7.78,2.19,73.8,2.14,127.16
23.19,2.99,8.49,14.16,4.67,2.34,6.37,1.64,0.33,22.78,9.58,91.99
5.25,3.13,7.3,9.35,5.07,0.51,0.8,7.76,3.15,163.86,9.85,159.48
30.89,4.23,1.45,13.35,9.27,0.69,8.99,2.02,0.73,104.97,9.77,162.31
21.27,0.43,2.45,19.28,1.41,1.54,6.89,8.61,4.27,156.93,7.14,188.52
10.31,4.09,8.87,7.23,3.26,1.89,8.03,1.22,4.35,63.65,4.31,102.49
13.9,3.8,9.73,2.48,2.53,1.86,6.88,3.05,7.01,32.42,1.67,82.25
38.75,4.19,4.85,2.93,2.24,6.74,6.56,5.43,2.83,44.91,5.55,109.46
7.48,2.7,1.81,18.14,1.64,5.13,2.67,1.86,8.78,134.52,3.64,145.08
15.9,1.06,1.97,11.02,3.96,5.66,1.13,2.98,5.92,142.76,0.04,137
16.65,1.04,1.4,12.94,7.85,4.61,2.29,2.87,7.68,53.28,1.78,92.42
23.12,0.75,8.79,4.79,8.51,4.93,0.11,5.2,0.69,11.29,0.37,74.57
41.83,1.42,9.9,5.43,6.53,9.14,0.04,7.24,6.26,81.9,0.48,122.92
5.77,1.09,3.21,18.13,3.79,6.15,9.43,0.49,3.18,118.64,6.86,141.94
36.3,3.16,2.55,0.33,0.06,8.95,9.25,3.34,8.97,27.66,0.77,89.86
21.76,1.88,3.31,9.67,1.33,7.55,0.39,6.67,8.89,33.51,4.97,99.95
40.6,1.09,0.27,3.47,8.6,0.14,9.74,7.18,8.13,59.8,2.64,133.52
23.33,0.55,3.32,18.81,7.21,0.2,3.72,2.5,6.89,145.13,3.08,181.23
24.86,2.7,9.75,13.88,6.85,4.73,2.94,8.53,8.76,21.25,8.99,95.71
9.97,4.18,9.37,1.28,4.32,0.79,3.3,3.24,7.99,132.41,8,139.92
46.52,1.03,9.83,5.69,7.84,9.4,1.69,7.6,9.3,55.22,4.24,135.54
44.35,4.12,6.45,18.14,3.74,2.25,6.56,3.98,5.44,124.55,3.59,178.77
19.46,3.16,7.69,7.23,9.61,5.6,2.14,9.09,8.27,41.26,7.49,103.78
15.19,1.96,3.24,13.45,5.78,3.57,2.07,4.44,1.29,137.97,2.16,149.23
35.72,0.51,6.72,11.66,0.46,6.61,8.31,10,7.02,165.78,0.81,185.25
16.22,3.05,7.07,1.28,1.12,0.2,3.13,3.89,2.7,99,0.08,103.71
19.35,1.29,9.22,8.34,6.45,8.88,5.13,0.03,3.43,79.65,3.95,93.63
45.34,1.53,1.58,12.54,8.85,6.01,0.03,1.45,1.85,134.53,3.64,170.34
24.73,4.17,5.68,18.8,1.89,8.89,0.8,6.09,3.01,92.27,4.63,161.57
37.96,4.75,1.93,16.33,1.03,0.14,2.73,2.46,2.13,117.03,7.51,154.97
5.88,3.69,3.92,1.9,7.44,9.15,1.27,8.25,1.28,187.33,4.24,189.81
14.47,3.87,3.68,3.24,1.17,7.33,9.91,2.97,6.67,136.36,9.96,163.09
21.61,0.53,7.2,15.01,3.88,8.21,4.38,8.29,9.5,149.64,0.45,176.94
46.72,4.83,3.24,15.03,2.62,4.37,3.05,9.26,3.22,138.72,3.63,197.13
34.74,1.02,2.4,13.27,4.02,7.89,2.29,1.84,9.02,44.32,5.19,112.29
33.5,1.71,4,9.42,4.31,3.57,2.64,7.06,3.09,157.15,6.52,179.55
49.13,3.91,3.44,12.73,1.51,6.37,4.3,8.91,7.03,178.34,8.51,228.39
44.88,2.1,5.35,15.43,3.17,4.16,4.94,3.66,8.45,140.68,0.65,179.59
31.81,4.29,5.99,12.34,8.1,2.29,2.87,8.86,8.02,16.4,4.28,120.53
48.12,2.02,0.59,14.02,3.91,6.21,5.88,2.24,6.23,69.18,4.53,142.83
44.65,3.69,4.99,1.13,4.77,3.87,2.66,7.37,9.36,119.55,0.33,165.58
3.86,4.71,7.65,10.53,9.86,8.85,8.89,3.25,1.21,63.5,9.3,118.93
24.81,1.22,4.95,0.79,1.31,1.4,4.87,6.54,2.95,117.74,4.82,130.01
38.34,0.72,4.15,1.9,6.75,3.72,1.88,3.91,4.23,183.12,0.31,164.17
25.42,4.43,4.06,6.02,8.36,8.56,5.81,3.93,4,83.26,7.94,139.87
43.02,2.23,7.27,14.58,5.98,0.89,6.56,9.76,5.73,106.94,9.94,166.58
14.08,4.48,6.16,8.83,6.95,2.65,6.32,3.43,0.33,58.25,1.84,100.9
19.3,0.25,7.36,8.16,5.68,1.36,8.58,1.92,4.23,88.61,2.38,117.84
8.39,4.17,6.21,11.76,2.1,2.21,1.92,4.96,5.42,98.94,6.18,112.09
35.24,4.34,0.73,15.16,3.56,7.38,6.74,6.64,3.07,141.93,3.03,190.11
38.42,1.18,9.29,14.8,1.88,4.99,3.68,9.31,1.66,22.06,2.9,112.43
36.42,2.33,5.42,7.94,6.2,5.77,8.04,6.75,4.01,96.92,5.93,165.13
25.38,1.29,1.42,9.99,0.34,2.3,8.09,3.13,8.76,45.33,5.94,102.21
32.77,4.36,7.95,0.83,1.26,2.44,6.84,5.47,4.88,188.52,5.5,195.53
4.47,0.47,3.34,17.18,8.77,3.13,6.7,1.94,8.65,51.59,1.59,96.53
23.26,4.36,7.13,7.54,8.19,6.57,7.25,8.13,1.29,172.06,6.55,189.54
5.84,0.78,2.84,15.49,4.28,5.4,0.86,8.28,7.42,186.52,4.58,192.39
42.1,3.2,2.15,0.4,2.52,4.82,6.64,6.58,0.22,144.53,2.87,145.91
11.77,1.45,7.66,5.25,4.92,9.06,6.67,3.54,3.86,66.36,2.15,80.58
10.23,0.61,8.23,13.87,5.34,3.71,1.43,5.16,2.67,131,3.91,140.59
49.89,1.28,4.46,12.84,0.61,7.2,8.7,1.66,1.92,35.15,8.72,101.85
30.49,2.98,1.6,5.43,9.8,5.12,9.79,6.71,3.39,90.06,6.09,132.26
31.33,4.66,0.18,1.3,4.73,4.49,9.93,5.62,7.8,46.6,4.11,114.7
13.54,1.13,1.22,3.65,4.38,2.59,2.04,2.9,4.58,127.54,0.21,125.46
2.32,2.33,6.46,5.72,6.83,7.72,3.13,7.65,7.84,13.2,1.04,83.65
23.07,0.99,8.82,5.03,5,6.99,8.48,6.72,6.75,163.48,8.71,186.52
23.74,2.4,0.93,10.84,4.23,9.98,7.02,6.02,9.33,58.99,4.27,126.28
14.17,1.04,7.16,1.28,4.59,6.01,3.67,7.24,1.75,32.71,1.33,72.97
43.97,4.54,9.26,16.42,6.2,2.72,9.05,4.08,5.96,66.77,7.3,156.85
18.36,0.56,8.59,10.09,10,3.5,2.36,0.85,7.3,144.64,5.33,152.39
37.34,0.71,4.16,0.21,7.17,2.59,1.34,6.74,4.36,171.35,6.77,184.21
3.78,1.67,5.05,10.19,8.81,9.48,7.35,1.27,9.03,114.83,7.34,162.53
43.81,2.36,1.13,13.22,5.51,1.11,1.38,2.8,3.94,72.2,7.78,136.42
46.78,1.32,4.79,19.63,3.87,6.26,7.9,1.94,4.6,157.07,0.76,174.65
49.01,1.51,7.43,17.83,8.67,5.98,5.93,1.95,2.34,103.51,1.87,145.76
29.47,1.77,0.04,10.96,0.35,1,7.89,4.76,2.67,49.6,4.33,103.56
41.65,2.33,3.65,11.68,6.06,1.54,7.47,4.18,9.57,166.66,3.38,211.35
22.14,3.74,1.34,0.31,5.97,8.37,2.1,4.42,8.36,35.27,9.31,79.62
14.48,4.16,7.49,15.95,2.88,9.36,8.74,3.53,6.85,111.72,9.81,168.58
49.34,2.6,1.64,16.89,4.78,5.95,3.19,5.09,1.68,115.82,9.36,161.58
8.47,1.9,1.3,18.32,2.2,6.55,8.33,5.87,6.46,145.05,4.03,175.13
25.72,2.96,5.29,14.41,7.23,0.18,8.76,9.85,8.93,120.13,0.06,169.98
28.56,2.68,2.39,4.19,9.7,1.52,8.49,9.06,8.49,148.27,7.32,170.24
18.62,3.95,0.28,10.12,8.09,3.79,5.28,5.49,1.88,115.54,8.32,118.34
47.19,1.05,8.13,16.13,7.88,9.08,2.1,8.78,9.7,196.61,0.53,235.73
28.07,2,6.5,7.3,3.42,1.29,6.46,8.97,4.86,189.42,5.82,195.47
18.75,1.06,4.98,15.36,4.4,6.2,3.4,7.1,4.08,94.97,1.9,141.27
22.48,0.31,5.16,16.89,3.14,6.16,1.98,6.71,7.48,106.46,3.52,149.17
1.11,0.09,8.31,0.2,4.97,9.79,3.05,8.22,0.99,79.46,6.89,102.09
30.78,4.64,9.68,10.32,3.86,8.2,9.29,3.94,4.99,25.34,8.47,98.78
9.03,0.47,4.85,15.4,9.48,4.3,6.72,9.58,6.52,134.77,8.37,157.66
43.68,4.89,1.03,13.12,0.98,3.09,2.15,3.37,1.45,57.18,5.69,113.14
43.28,3.67,2.32,8.82,6.56,4.77,8.68,0.28,5.45,87.3,2.32,148.36
34,4.45,2.37,11.21,6.14,3.48,8.71,3.02,0.77,10.98,0.2,90.4
41.34,3.13,0.85,0.9,8.99,5.61,9.18,0.33,8.63,55.69,1.99,115.3
11.54,2.01,5.42,7,1.63,4.76,8.38,0.01,5.59,148.32,2.02,164.02
8.07,1.06,0.47,7.71,8.93,7.12,2.19,0.35,10,126.37,0.13,124.71
34.86,2.56,5.38,10.74,4.41,6.75,5.44,4.01,3.42,28.1,6.7,99.63
11.92,4.4,0.1,10.57,9.38,4.47,6.98,9.34,3.33,75.92,9.9,124.94
29.2,4.36,3.06,1.07,7.89,2.86,1.64,6.17,4.86,42.27,2.21,115.25
26.7,3.88,9.18,3.27,5.06,6.21,4.74,0.59,6.3,128.31,7.71,149.09
34.49,2.61,3.75,16.48,6.6,4.14,9.08,8.13,1.23,87.57,0.47,148.37
29.97,4.38,3.23,2.33,3.99,6.27,0.32,0.19,1.32,119.14,4.8,120.59
42.6,0.33,1.45,8.64,5.88,8.71,8.21,5.26,6.44,172.22,1.12,198.93
19.39,0.46,2.37,19.3,6.06,3.87,0.6,2.28,6.99,149.59,3.37,166.76
44.83,4.43,1.07,1,5.88,6.87,6.25,5.48,6.96,148.25,9.33,198.19
9.94,0.39,4.77,11.47,4.54,3.23,6.61,8.29,1.4,134.84,2.64,139.46
26.73,4.99,3.6,16.16,4.82,2.04,2.8,9.42,7.59,168.01,0.97,193.87
13.67,3.6,1.53,11.07,0.83,1.64,8.97,6.62,1.58,28.42,4.66,82.26
14.25,2.34,8.67,4.53,5.45,8.93,9.6,6.16,7.65,67.32,2.52,117.05
34.25,0.29,8.81,15.87,6.06,9.37,3.6,5.65,0.97,9.89,2.53,82.5
44.62,3.94,4.4,1.47,2.84,1.65,0.6,1.81,4.67,45.1,9.39,117.93
40.25,4.21,1.26,7.66,7.64,3.14,6.88,2.97,9.13,103.62,8.02,150.72
32.55,1.64,8.47,4.33,2.88,3.12,4.34,9.14,7.99,28.67,9.8,90.44
36.52,4.5,1.66,10.77,0.33,2.66,8.95,3,1.65,0.92,4.34,79.95
37.69,1.71,8.04,10.29,9.53,1.26,0.67,9.17,3.43,88.78,0.98,125.74
24.77,4.91,7.96,11.04,4.4,0.38,0.76,9.36,0.69,11.08,9.59,88.16
39.64,4.23,0.87,0.03,6.23,8.04,9.46,9.07,2.78,102.95,1.51,146.14
29.91,0.63,6.8,9.94,9.77,9.05,6.94,5.62,3.35,30.28,0.45,118.11
36.81,0.25,1.21,6.03,2.02,8.66,9.56,7.64,6.99,55.11,9.36,114.87
21.71,2.55,1.16,17.91,6.69,7.63,0.77,7.8,6.07,146.59,9.33,197.35
14.67,1.71,2.91,19.41,4.41,4.64,1.84,4.95,3.21,172.44,6.78,193.07
2.29,2.1,2.94,10.73,5.36,3.08,9.06,9.91,4.28,181.03,8.61,177.51
17.21,3.56,9.76,4.21,9.46,9.17,9.31,6.54,3.91,137.87,6.15,179.74
16.38,0.95,5.87,11.06,5.62,0.43,2.07,3.41,6.3,168.61,3.87,186.19
7.11,3.13,1.57,2.28,9.34,8.27,8.55,4.65,7.99,8.98,5.44,78.65
21.81,1.42,2.58,18.94,8.14,2.58,7.4,9.97,7.88,152.61,5.74,187.08
47.5,3.19,0,11.66,5.88,6.94,8.89,6.13,9.61,98.96,9.06,181.92
18.27,2.48,5.6,4.31,0.33,5.38,0.48,1.81,2.34,58.88,5.06,91.57
49.43,2.17,8.91,17.97,8.67,7.17,1.03,7.16,0.07,43.65,2.49,123.74
45.59,1.12,6.13,2.26,4.57,4.71,2.88,9.62,2.02,6.47,5.68,91.05
29.76,4.78,2.49,2.75,4.26,2.18,1.47,4.32,2.39,21.39,0.74,59.03
25.42,2.64,0.23,1.59,5.09,2.06,1.57,2.88,5.45,81.85,3.29,104.65
45.2,0.4,4.17,16.1,7.87,9.43,2,9.43,6.48,172.22,6.82,179.85
11.87,0.52,1.46,0.28,4.18,2.08,2.99,4.13,3.02,131.37,9.77,115.51
33.25,1.92,3.15,4.78,6.93,1.01,6.75,3.88,7.34,155.16,5.39,183.09
8.33,3.6,5.56,2.16,2.79,9.72,8.73,8.53,2.47,192.35,8.44,180.83
37.36,2.3,8.6,3.1,5.34,0.94,1.99,7.79,0.56,119.24,5.29,138.15
24.22,1.92,4.67,12.86,3.35,7.51,6.55,3.75,3.07,2.22,1.13,96.34
5.29,4.56,1.77,14.79,7.45,9.76,5.92,9.32,4.87,151.78,2.12,201.26
43.05,0.86,5.24,3.07,8.76,5.57,3.1,2.97,6.01,8.17,5.69,83.67
41.17,0.58,9.05,8.95,8.73,1.83,6.68,2.35,1.71,135.64,8.67,171.21
47.66,3.96,7.48,5.67,9.09,5.27,7.26,3.41,1.07,145.57,3.23,199.97
11.84,3.81,5.99,17.58,9.01,3.7,5.2,9.22,9.52,38.48,8.75,142.41
0.97,1,3.28,0.7,8.26,4.06,6.92,8,6.59,8.29,5.22,80.48
23.82,3.08,0.71,8.75,6.69,4.48,5.17,1.4,4.73,67.93,5.29,129.61
21.37,4.95,3.56,14.86,5.66,7.31,3.95,2.57,6.78,6.36,4.23,89.51
35.88,0.39,5.65,15.91,5.27,2.39,6.51,0,3.26,148.36,4.99,170.16
43.65,4.81,3.48,15.5,7.85,3.59,4.17,4.43,0.34,5.92,2.22,93.33
9.25,1.04,1.37,13.17,7.57,4.8,1.59,6.63,8.86,15.92,5.65,68.08
15.1,0.47,8.64,5.88,0.29,2.99,7.73,1.84,8.04,148.23,2.47,148.47
2.49,3.28,1.93,12.79,7.61,5.53,4.24,2.22,4.76,15.23,6.28,59.73
39.23,3.04,6.98,14.55,7.24,1.8,1.52,0.95,5.68,35.62,6.15,118.89
7.35,0.92,1.26,15.56,5.07,4.55,5.73,2.35,4.74,81.44,4.38,97.53
49.52,3.34,9.13,1.19,8.32,9.41,8.11,1.8,7.09,168.25,0.54,193.2
20.84,2.61,6.04,14.64,6.95,9.79,0.68,1.3,2.27,146.18,7.95,156.74
24.07,3.83,2.16,5.61,3.69,4.09,3.68,9.57,0.51,142.82,2.01,164.6
47.28,0.02,0.42,12.65,0.05,5.54,3.31,1.4,3.35,48.61,5.61,98.27
1.88,0.52,7.07,15.26,8.71,3.01,1.87,3.34,5.39,160.98,1.28,153.68
48.8,4.52,1.64,9.19,8.6,3.61,2.76,8.26,1.13,85.64,5.48,144.64
34.41,4.51,6.67,10.86,2.22,9.25,9.19,2.22,1.56,45.41,1.81,115.59
23.12,1.7,1.72,17.9,6,2.4,5.92,9.96,1.83,27.76,6.42,107.04
28.2,4.21,6.05,15.41,0.2,0.69,0.6,3.66,3.08,171.01,7.42,172.5
45.38,2.1,4.56,10.27,0.93,8.71,0.51,6.7,3.29,182.27,1.39,203.81
27.13,3.35,7.64,12.17,3.45,1.78,8.4,4.55,8.7,165.63,9.7,184.14
2.61,3.53,8.44,13.31,3.71,3.63,2.61,4.97,9.53,76.58,4.16,101.32
39.51,1.22,8.98,17.97,4.41,8.88,3.81,9.97,3.57,164.34,5.87,221.24
3.07,1.83,5.61,18.08,9.25,9.79,8.38,0.96,2.92,82.42,1.2,118.91
8.77,1.27,4.84,18.48,4.88,3.25,4.1,1.48,6.83,16.52,5.46,74.91
37.25,3.72,4.54,19.12,2.8,3.07,6.17,8.07,5.91,197.87,6.11,227.91
36.93,1.95,7.29,12.48,4.99,4.54,4.19,0.04,8.47,3.1,3.73,95.79
23.31,1.63,0.15,10.65,5.52,0.32,5.46,1.84,9.92,171.96,0.13,166.13
45.4,2.49,6.05,18.24,2.8,1.54,2.64,9.51,2.44,131.9,3.35,189.91
9.36,3.9,1.47,3.33,2.85,7.61,3.92,8.85,8.95,175.87,6.24,176.47
31,0.03,1.99,2.58,0.82,3.5,2.67,7.1,2.29,49.35,0.57,69.79
29.52,3.63,2.32,2.89,3.7,8.61,6.3,7.38,3.94,124.81,7.05,166.62
40.94,1.53,7.89,0.57,3.74,4.99,9.6,8.34,9.29,43.25,1.2,128.02
38.08,0.53,3.47,2.6,5.1,6.68,6.08,2.43,4.27,132.28,3.02,159.17
45.95,4.92,9.68,9.91,9.13,7.79,3.83,2.22,0.93,21.01,1.03,112.89
7.58,3.57,0.51,2.56,7.52,9.84,1.49,3.85,9.98,124.94,3.11,147.97
22.8,4.47,8.3,5.39,6.5,2.25,5.72,0.01,6.1,1.11,8.21,67.81
12.17,0.63,7.42,5.86,3.1,3.81,3.69,8.26,1.78,113.13,0.72,122.06
26.94,1,1.62,18.59,7.44,6.09,7.78,9.1,7.43,177.46,9.15,222.75
46.6,4.99,5.43,13.57,1.59,8.42,2.56,6.03,1.09,42.91,0.69,124.57
0.97,4.61,0.03,18.62,8.34,9.02,7.74,3.45,1.64,192.22,9.4,193.17
8.31,4.26,5.66,1.08,4.24,5.01,0.24,6.72,1.79,48.91,2.65,79.98
7.26,0.45,9.98,9.37,8.36,1.39,1.45,0.38,0.63,85.26,5.82,96.01
20.31,0.57,1.25,1.49,6.73,5.33,2.54,3.93,6.68,23.93,3.5,71.97
25.47,3.75,6.74,7.66,7.27,1.53,3.51,5.41,3.11,30.88,5.26,98.99
45.33,2.35,8.74,16.43,6.12,6.21,0.24,1.17,2.74,130.31,3.19,162.47
16.81,0.44,2.66,0.1,6.29,0.86,0.33,1.99,7.39,132.08,8.61,119.29
23.37,1.49,1.45,8.9,5.72,4.16,2.85,7.86,1.03,37.95,5.53,91.49
3.94,3.79,4.98,11.49,0.39,2.51,5.8,4.38,4.52,98.25,2.44,113.83
2.92,2.91,0.47,3.49,1.36,6.96,9.98,4.43,4.49,89.1,4.46,124.02
31.03,2.41,9.53,14.38,6.46,1.55,5.95,6.42,3.94,188.18,2.18,208.15
33.48,2.12,3.43,13.68,1.99,2.22,0.4,6.78,0.48,8,8.11,94.25
6.19,0.4,0.11,0.82,9.77,8.02,2.6,7.68,6.24,193.62,4.91,180.46
37.01,3.84,6.08,4.95,6.68,3.27,6.99,3.99,0.14,173.66,5.85,186.31
13.43,2.76,2.53,18.44,8.5,1.93,1.72,0.71,5.31,35.18,8.07,100.54
14.88,1.99,9.81,4.1,5.8,8.36,6.42,6.57,3.61,80.03,8.16,130.24
4.34,2.71,2.13,18.78,3.49,3.85,2.12,5.2,1.46,10.89,4.78,61.34
11.37,0.83,6.83,4.8,5.08,9.87,8.93,2.32,4.28,35.98,1.91,90.96
0.94,3.22,8.44,15,8.48,6.05,4.25,3.71,9.87,177.45,8.48,184.04
31.1,2.27,7.91,10.95,7.95,6.28,4.11,1.26,7.31,39.83,6.05,112.44
4.22,0.84,6.12,13.98,8.04,0.33,3.97,3.12,5.17,196.35,2.97,175.81
15.75,1.26,8.93,8.18,1.46,9.22,1.75,2.75,5.6,142.21,2.04,159.37
32.07,2.68,3.38,16.13,5.59,2,9.52,1.38,2.68,180.05,0.67,200.76
17.37,2.39,6.84,11.99,9.83,0.41,5.25,6.77,7.59,109.55,9.29,159.02
23.79,0.96,0.79,19.87,5.89,1.88,3.96,5.15,3.3,96.96,1.71,128.06
8.35,2.39,5.59,8.03,0.09,8.8,4.63,1.64,3.48,110.94,0.58,105.34
49.96,0.09,6.9,10.24,0.1,1.27,6.2,9.48,5.67,84.75,7.87,157.5
47.42,1.11,7.12,13.4,4.14,1.52,4.49,5.24,2.14,24.89,5.96,112.18
3.27,3.02,0.09,3.26,7.88,9.56,9.77,3.69,8.13,157.96,8.34,148.11
27.39,3.94,9.26,18.27,1.52,1.98,1.84,9.33,7.84,89.94,3.63,146.02
26.71,4.78,0.97,11.89,1.72,8.23,0.17,9.37,4.27,154.19,1.2,167.7
2.28,2.41,8.32,8.61,3.09,4.64,2.84,7.84,4.11,110.79,2.29,114.58
36.5,3.36,6.78,13.09,9.38,8.89,9.57,4.97,9.39,116.35,0.62,166.2
41.33,4.54,7.71,18.79,7.39,8.83,6.82,9.7,8.93,117.3,2.53,201.55
36.86,1.64,5.72,2.98,9.95,3.31,4.51,9.28,5.85,145.04,3.8,153.11
34.8,2.91,7.58,8.74,8.39,5.88,0.67,3.64,9.1,166.93,8.19,188.76
43.47,4.32,4.98,18.79,4.66,5.7,7.92,8.08,8.76,150.2,6.8,231.13
22.95,1.55,6.91,2.47,5.65,5.51,5.68,5.33,3.81,120.1,0.77,139.17
33.78,2.31,4.39,15.42,4.84,9.32,1.65,6.44,6.12,23.26,0.46,100.76
34.18,0.63,4.33,11.92,9.39,0.78,9.67,6.3,2.6,57.73,1.27,132.88
36.22,3,7.99,4.27,0.38,3.26,8.95,5.74,6.93,10.51,0.37,97.62
39.79,4.47,7.56,1.33,8.38,3.73,9.82,9.1,0.93,176.97,8.32,217.23
20.61,2.44,7.83,4.4,9.49,8.15,3.75,8.26,3.91,57.02,0.11,109.53
10.06,0.65,4.71,10.21,3.73,3.84,2.69,6.36,8.67,173.46,1.4,155.47
32.74,3.28,3.78,6.56,8.08,8.91,3.6,8.75,4.64,163.35,7.02,173.83
49.28,1.18,9.05,9.22,2.91,0.96,5.78,3.48,1.3,60.98,7.24,132.18
0.02,0.83,3.25,18.64,8.66,9.86,6.67,0.17,3.68,41.51,0.1,85.86
4.09,3.9,6.13,17.56,4.63,4.04,0.52,3.87,2.64,159.97,8.65,165.74
31.71,1.67,9.87,10.98,5.7,0.89,9.14,2.3,7.22,84.67,4.65,135.93
34.63,4.91,8.3,8.96,5.24,0.49,1.66,1.4,7.71,98.58,6.17,151.19
0.79,4.03,4.34,6.11,8.8,7.85,0.83,3.19,9.95,109.86,2.19,121.49
4.27,3.68,8.66,4.65,4.21,9.02,8.69,8.46,3.81,166.66,3.76,183.02
46.37,0.55,9.04,2.72,3.53,9.19,8.43,6.36,3.74,166.41,9.5,207.73
35.07,3.68,7.19,9.29,2.19,1.45,2.96,5.38,8.67,59.6,7.26,114.5
32.47,1.21,8.02,14.28,3.29,2.92,7.62,1.37,2.31,29.88,6.45,92.82
4.17,3.09,6.83,11.33,7.71,9.17,9.72,4.51,1.56,70.75,4.49,100.86
17,1.12,7.48,19.37,1.04,9.84,8.99,7.97,6.09,198.24,4.32,213.9
26.67,2.51,2.74,9.87,8.09,9.34,3.67,6.29,0.24,96.02,9.63,141.55
19.59,3.95,6.68,13.08,3.13,1.85,6.73,5.35,2.4,132.34,8.9,163.79
25.86,1.16,4,11.19,2.86,8.66,5.53,2.35,5.6,63.1,3.62,112.05
14.65,2.55,9.21,14.03,1.95,7.15,3.65,8.14,5.87,81.26,7.65,131.62
15.3,3.3,3.2,12.33,9.13,0.26,1.43,5.43,3.07,28.31,1.46,84.15
10.49,0.63,3.93,8.16,9.53,9.42,3.2,2.95,9.25,74.8,2.46,121.61
41.74,0.12,4.89,9.31,0.62,4.64,1.25,4.65,2.84,129.85,5.79,153.86
12.25,0.06,6,3.95,8.29,9.5,8.47,2.59,5.5,162.77,7.05,170.44
36.39,3.2,0.38,4.17,0.31,8.18,4.23,0.45,7.95,90.4,8.65,141.27
17.21,1.25,9.35,0.49,2.34,8.92,1.7,5.75,4.07,169.37,5.63,157.47
23.43,3.57,0.81,10.54,5.61,8.18,1.71,4.48,4.75,111.89,0,136.79
8.55,0.26,8.31,17.14,3.95,8.36,0.12,3.26,1.55,151.75,4.68,148.31
31.51,3.5,4.06,3.64,9.01,0.8,5.83,8.77,5.69,17.77,5.73,87.71
21.26,0.95,3.74,3.72,2.45,7.95,9.03,7.76,7.23,93.91,8.22,126.21
30.42,2.95,6.88,6.99,7.4,5.82,3.5,4.14,7.68,16.13,1.65,98.3
46.74,1.44,0.94,5.9,4.04,8.44,8.27,6.09,5.69,56.91,0.56,132.93
35.28,1.86,0.58,10,1.62,5.21,3.33,2.96,9.91,127.08,1.01,160.87
1.24,3.7,5.74,6.18,9.26,1.01,7.55,1.95,7.15,62.58,0.6,93.76
6.61,0.04,8.87,18.53,4.55,0.67,5.02,1.23,0.18,44.51,7.95,88.42
22.08,2.03,8.09,2.48,2.18,4.96,4.2,0.15,6.86,155.21,9.46,158.61
1.56,3.05,4.17,13.63,9.6,6.81,4.8,5.94,4.12,13.96,8.35,84.73
10.38,3.81,2.24,16.53,9.96,7.06,9.03,3.76,1.76,73.9,7.95,122.18
43.25,4.4,2.45,12.01,3.57,5.77,7.95,5.15,5.15,119.49,6.43,167.87
43.19,2.69,4.5,5.1,7.97,7.87,3.03,0.65,4.19,12.42,7.92,91.62
11.29,0.94,0.32,9.97,3.47,8.26,3.69,8.47,1.92,161.39,6.94,185.02
20.75,2.83,3.14,16.81,0.93,9.71,5.82,9.29,9.96,77.4,4.59,132.22
8.49,3.84,9.52,17.89,9.94,7.32,2.03,7.64,8.8,127.24,9.87,192.66
19.39,4.94,3.14,4.41,9.91,7.28,3.18,1.8,4.53,59.85,6.21,106.34
33.19,3.81,9.71,12.54,8.41,1.66,2.02,4.99,7.11,138.06,0.98,178.6
39.94,0.76,1.06,18.4,2.62,8.02,7.15,5.42,0.22,131.18,2.18,163.43
23.61,0.11,5.78,15.64,7.84,2.62,3.63,5.67,7.18,84.61,7.2,133.41
45.11,4.56,4.08,1.93,3.41,4,3.22,4.59,4.12,74.76,5.95,119.87
28.17,2.96,7.73,9.67,5.07,4.53,6.92,5,6.74,53.3,9.06,122.32
29.41,4.27,6.06,16.35,4.24,5.47,3.02,5.18,1.11,195.61,6.03,196.4
11.47,0.74,1.02,10.28,9.61,2.18,3.77,4.23,0.54,25.59,1.07,52.26
36.89,2.56,2.74,19.86,8.47,6.8,3.8,8.99,6.22,57.09,6.58,136.02
49.7,3.72,1.91,6.38,1.86,1.11,6.68,2.17,5.39,83.16,7.59,121.06
11.65,3.72,2.98,10.78,6.78,9.12,7.59,3.36,6.37,109.09,2.43,145.94
13.21,3.56,9.78,4.95,2.82,8.23,8.05,5.95,2.01,45.64,5.36,91.56
26.68,0.25,4.01,14.09,1.66,4.11,7.15,8.03,2.58,95.15,9.18,155.1
37.75,2.67,7.48,3.62,8.98,1.36,6.49,3.49,0.18,140.09,8.18,166.79
40.92,2.08,2.02,7.55,9.25,1.83,5.66,3.13,0.48,169.45,6.65,177.76
37.5,3.36,5.43,4.41,7.88,4.69,3.47,6.35,0.9,124.1,1.57,130.37
0.77,1.59,2.31,2.59,9.19,1.33,2.08,7.74,5.65,28.21,9.1,64.87
34.64,1.14,5.45,16.49,6.02,7.06,1.93,0.54,5.03,175.39,6.75,191.9
11.86,1.52,3.15,16.1,8.36,1.05,6.78,3.43,8.16,2.01,0.65,59.8
39.24,1.83,0.42,17.77,4.24,6.91,0.13,1.47,8.57,133.61,4.68,180.28
7.01,4.05,1.89,16.46,6.47,0.01,7.57,1.13,3.42,4.62,4.2,71.36
43.49,3.73,3.9,19.51,9.03,7.26,0.56,1.31,0.65,166.97,4.24,191.66
19.46,4.67,1.48,4.26,3.84,0.3,8.21,1.54,5.11,113.94,6.83,134.06
30.97,4.24,0.69,5.27,5.48,8.26,2.83,7.32,5.86,87.41,8.85,133.43
20.48,0.74,8.22,4.14,7.34,0.58,4.54,6.51,9.14,162.7,6.18,170.9
28.26,3.47,8.77,12.6,5.6,2.02,0.73,7.12,7.32,130.1,7.49,161.67
13.69,0.06,1.53,10.65,7.58,0.27,9.29,7.38,6.09,74.12,9.54,118.13
12.21,0.57,8.05,4.47,1.61,3.56,5.24,5.27,9.07,149.57,4.31,152.03
38.39,4.94,9.76,8.23,7.49,3.05,0.36,5.26,2.03,70.8,0.66,127.25
13.28,3.51,6.56,4.71,2.15,1.27,4.46,4.36,1.08,100.46,2.1,99.54
28.94,2.65,2.88,17.74,3.23,8.65,7.24,3.61,0.69,59.11,5.18,129.94
7.88,0.13,3.6,11.02,1.22,7.89,3.92,0.34,7.02,172.95,1.42,155.35
26.31,3.72,8.77,9.59,8.44,6.92,6.82,1.22,5.58,37.94,0.1,107.03
30,1.48,8.41,1.97,8.03,0.7,0.53,9.21,2.53,38.93,8.13,90.5
22.79,3.71,8.44,12.63,2.23,7.47,3.39,8.28,1.08,35.43,4.9,100.33
8.69,3.21,1.76,11.13,7.16,2.5,7.46,8.32,5.89,47.88,6.22,109.25
5.8,0.22,3.36,14.22,5.11,1.79,8.15,5.28,1.6,112.1,2.99,117.1
10.04,4.81,6.84,9.5,8.71,2.32,9.74,2.28,2.97,122.61,1.05,149.63
10.41,4.14,5.62,3.06,1.47,1.2,5.74,3.23,9.71,189.06,8.64,175.97
49.54,1.57,1.47,19.41,5.68,9.37,1.48,1.56,3.69,133.33,3.1,178.22
1.82,4.85,2.91,0.35,8.89,6.96,2.15,6.74,5.52,150.9,6.66,155.64
11.77,0.3,6.12,13.44,5.43,4.45,8.64,4.57,0.03,153.26,9.42,154.94
26.13,3.62,2.81,3.33,2.12,5.46,8.88,4.11,6.85,109.49,9.23,159.29
31.41,3.56,3.92,0.84,2.17,0.35,9.73,6.28,9.61,161.64,6.39,181.27
11.06,3.44,8.84,11.84,7.41,6.43,1.35,2.53,1.86,11.05,4.95,68.85
49.14,1.4,3.81,4.38,8.22,2.83,1.16,8.41,0.53,73.96,6.38,136.09
8.04,0.57,6.7,16.44,2.69,6.25,4.25,2.25,9.13,114.57,7.49,146.65
9.21,3,5.36,19.48,7.38,9.45,6.97,3.63,7.16,34.81,0.08,115.66
20.35,2.03,6.7,1.53,8.81,5.16,3.18,4.24,8.91,122.63,1.29,154.89
38.35,4.26,7.39,1.82,9.93,1,8.07,5.18,5.37,1.54,5.44,93
17.34,4.21,1.48,16.36,3.1,9.77,8.26,9.65,9.74,78.58,2.21,138.44
41.58,4.54,6.58,18.65,1.34,0.64,1.76,5.68,7.59,14.59,5.19,120.72
31.83,0.55,7.69,19.19,8.04,4.21,8.33,7.93,1.77,77.89,9.82,141.87
15.11,4.89,6.48,13.55,9.55,2.18,1.62,1.33,9.41,188.98,9.18,194.52
43.98,4.55,9.21,1.32,5.7,9.36,9.13,2.73,9.51,176.96,2.71,229.22
6.21,3.97,9.19,8.11,6.94,6.44,2.74,2.73,7.14,187,6.85,181.75
19.72,4.47,2.22,13.55,8.96,4.36,9.18,2.04,5.76,3.84,2.09,106.74
44.65,4.2,1.6,3.54,0.51,1.02,7.76,1.19,5.51,98.84,4.09,140.37
34.79,3.73,5.19,8.65,7.49,3.47,2.6,4.08,3.89,183.89,1.69,189.71
25.4,2.26,2.09,11.71,9.06,2.39,9.98,0.25,9.57,78.01,4.88,121.27
1.16,2.26,6.78,10.39,8.56,6.89,6.04,3.7,6.39,62.07,7.91,108.07
27.89,3.02,6.11,2.17,0.13,4.19,0.5,4.79,7.7,43.41,9.88,99.96
16.38,2.19,3.22,19.19,2.9,2.16,0.53,9.53,1.99,33.41,0.2,73.01
12.52,1.34,6.07,13.23,5.59,9.04,3.86,3.52,7.14,125.91,9.49,160.01
20.7,0.97,3.89,10,4.94,3.16,1.97,3.48,9.67,50.52,2.26,88.94
45.31,3.94,7.61,15.33,5.99,6.45,7.27,0.19,4.38,184.07,0.81,212.5
11.2,2.61,3.45,5.85,7.4,2.46,8.58,3.92,2.69,187.15,2.87,187.36
38.56,1.49,6.79,6.27,2.59,8.58,7.75,8.04,4.95,124.96,5.86,174.52
4.24,4.09,9.9,7.62,0.28,7.02,0.09,2.55,5.91,146.13,9.51,134.13
23.73,0.16,6.06,14.7,4.79,9.62,1.6,8.07,0.1,113.26,8.05,121.95
46.93,4.14,5,1.25,7.04,6.23,7.27,9.03,8.07,107.74,9.79,167.77
17.43,0.63,2.43,15.09,9.29,7.47,4.54,3.27,2.86,33.31,8.78,92.62
49.31,2.38,6.18,4.31,6.13,4.14,0.65,3.63,6.63,35.91,0.25,107.84
38.55,2.53,2.14,9.85,0.02,5.46,4.63,3.56,6.7,173.84,7.89,207.56
41.47,3.12,1.41,17.76,4.8,8.39,1.28,4.15,7.99,161.13,0.75,202.33
28.84,3.31,7.39,4.18,8.07,6.11,8.64,1.99,7.25,85.08,8.93,135.85
38.62,4.62,7.93,2.86,8.51,0.08,4.91,7.2,9.04,175.34,2.03,195.64
19.14,2.07,3.48,4.98,2.94,2.83,5.25,2.56,1.17,14.37,0.52,62.02
47.27,3.1,5.96,11.04,1.19,5.89,3.83,4.23,2.58,32.82,2.98,97.88
25.92,4.89,2.74,6.93,9.07,9.74,0.82,1.62,4.91,115.1,3.31,140.73
20.28,2.32,5.37,11.58,9.77,0.59,7.69,7.36,3.76,144.14,2.26,168.73
2.08,1.23,9.09,16,5.12,2.52,4.54,6.77,1.48,134.59,2.83,143.69
17.46,3.52,0.24,2.37,2.94,3.04,3.25,3.75,4.84,176.36,6.98,169.55
36.33,4.53,6.58,4.11,8.08,9.75,4.37,5.62,6.46,138.77,7.4,167.21
14.28,0.49,1.11,18.85,6.72,2.55,2.79,0.91,9.71,143.69,9.17,163.92
42.03,1.21,7.28,5.42,6.34,5.68,6.52,9.66,1.78,55.13,6.6,137.07
45.08,2.64,2.44,4.7,5.06,0.32,3.25,4.31,9.46,76.91,4.85,130.6
18.15,3.62,9.6,17.88,9.78,7.48,3.13,3.34,5.82,150.16,8.54,202.5
6.81,3.37,8,12.53,5.19,9.22,9.98,0.57,0.79,78.86,7.85,114.05
1.67,4.47,0.91,2.51,4.65,1.68,8.6,9.53,7.83,95.56,4.46,130
39.74,3.29,3.75,11.86,6.68,1.68,0.85,8.87,3.41,79.51,4.66,130.43
34.29,3.54,4.18,4.51,7.31,7.23,5.28,7.98,7.25,183.59,3.63,217.62
23.22,3.49,8.14,17.22,8.01,0.61,0.77,4.75,5.75,94.49,5.8,138.35
49.57,0.46,7.51,12.91,4.74,5.56,3.46,0.06,1.82,109.03,3.29,153.1
29.45,1.54,2.3,0.14,0.83,8.05,7.57,6.6,9.34,183.23,7.81,208.15
11.93,1.57,4.42,0.59,8.2,4.66,7.93,9.23,2.71,57.93,2.07,109.82
15.75,1.22,2.51,4.23,2.68,6.55,4.43,8.42,3.21,127.43,9.63,153.07
28.92,1.86,4.97,6.86,3.98,4.42,3.72,9.15,4.42,192.21,1.64,200.27
7.35,3.34,4.05,14.6,1.35,7.84,6.96,7.53,7.82,165.28,0.43,164.82
30.04,1.17,5.04,3.14,1.23,6.29,4.76,1.84,6.72,99.86,2.54,134.87
11.41,3.3,7.24,7.73,2.7,0.76,1.17,9.66,6.77,75.39,7.25,100.25
26.26,2.27,4.37,17.1,2.56,2.94,3.91,0.25,1.55,112.93,5.01,143.79
4.97,0.72,0.94,18.33,4.4,1.55,5.3,2.25,1.8,199.9,7.12,197.82
40.48,3.47,8.2,12.64,7.13,4.85,1.72,1.36,0.04,24.26,6.82,89.51
22.25,1.7,3.88,5.72,8.47,8.31,8.04,5.7,1.1,120.15,0.49,128.15
42.64,1.17,4.14,4.17,4.19,0.65,0.14,4.71,7.71,193.5,4.76,196.5
38.79,3.5,2.13,10.81,7.44,1.9,6.33,7.65,8.74,118.6,4.72,180.42
13.24,4.29,8.43,17.76,9.7,5.26,1.15,0.22,0.99,74.35,2.04,103.6
8.92,4.29,2.97,4.77,0.34,2.26,5.85,4.51,2.12,37.65,7.67,85.35
9.37,0.14,2.45,12.87,6.67,1.05,6.82,2.9,9.56,32.73,9.69,91.4
14.13,4.58,9.21,5.28,3.87,9.46,1.82,3.82,5.61,76.64,7.01,110.32
46.7,2.14,0.76,12.66,1.28,2.34,7.52,3.17,2.4,98.96,7.07,156.63
48.99,0.44,1.08,3.19,8.89,1.88,6.71,6.71,6.69,127.91,6.59,180.77
18.92,1.56,4.67,15.89,1.25,8.64,0.18,3.11,9.81,107.87,9.61,144.82
16.63,2.76,9.35,3.78,7.92,1.59,7.87,1.57,1.27,78.65,3.46,117.43
36.06,2,0.34,8.28,8.67,6.66,8.76,2.17,1.05,50.76,5.98,129.57
8.32,1.98,3.02,6.76,8.93,9.83,9.32,2.31,1.59,18.89,9.56,88.02
29.84,0.01,6.98,13.34,0.76,9.71,2.73,1.67,2.12,61.84,6.99,114.86
27.84,0.79,7.2,14.48,8.62,3.31,8.52,4.52,2.43,118.95,3.31,146.51
14.54,0.68,7.37,11.05,1.37,0.83,6.63,1.62,1.81,193.77,0.46,170.43
17.38,1.95,3.26,16.14,6.19,3.17,7.54,3.07,6.54,165.05,3.19,175.82
0.07,1.06,2.86,8.34,0.94,4.95,4.43,5.67,7.09,0.92,7.91,53.56
14.63,2.74,2.43,8.69,8.12,5.8,7.86,3.86,4.08,72.01,9.31,121.06
20.99,0.67,9.74,19.49,4.04,1.9,4.47,2.19,9.81,88.44,7.59,134.13
48.94,2.02,5.24,0.73,5.31,6.95,8.74,2.71,8.74,163.39,5.76,197.72
1.97,2.81,1.77,2.2,2.55,0.13,9.2,8.14,0.51,132.37,2.69,119.71
23.87,0.35,3.08,4.26,1.61,0.06,9.69,1.99,8.07,4.34,0.72,49.03
28,1.71,1.43,1.15,7.42,1.07,0.44,0.73,1.9,180.9,6.23,162.83
40.18,1.68,7.81,2.8,6.29,4.36,3.36,3.85,7.35,6.63,0.57,85.14
46.25,1.35,4.62,10.69,2.19,0.94,6.99,8.99,4.66,172,9.03,213.1
41.16,1.82,9.27,6.75,8.44,8.27,8.51,8.78,6.17,3.17,5.23,87.37
5.11,4.49,1.04,0.94,5.65,2.44,9.09,8.31,4.55,18.84,3.44,68.36
0.18,1.05,7.33,6.04,5.41,4.63,9.79,5.44,2.6,65.87,2.62,76.16
12.06,2.43,1.83,18.13,4.11,6.45,7.37,7.53,9.41,139.65,3.32,173.49
5.23,0.4,7.28,9.6,9.3,4.82,2.03,2.24,4.05,107.09,9.46,130.55
8.33,4.92,5.11,2.21,7.25,8.48,6.44,8.91,0.56,15.3,0.51,47.52
36.52,3.4,5.56,8.38,7.32,3.82,9.06,7.85,6.69,199.83,1.33,213.77
1.27,0.6,5.39,3.37,6.2,7.36,1.11,9.6,0.68,65.48,6.48,68.38
25.92,1.66,3.06,6.72,6.75,2.16,1.31,3.85,3.43,51.42,3.97,89.94
39.78,4.19,7.15,15.32,0.23,1.76,3.27,9.45,0.77,109.9,1.97,163.57
2.49,2.47,6.53,18.14,7.84,9.56,3.44,4.76,5.08,182.73,4.42,191.1
7.18,3.91,0.15,1.73,3.01,9.16,2.4,0.1,6.8,198.05,5.11,159.28
15.61,4.28,6.11,6.52,9.83,5.42,9.62,9.82,0.63,4.8,9.56,92.11
17.53,4.49,5.44,3.17,4.54,0.84,8.76,2.87,5.9,69.33,5.57,111.49
42.19,1.62,6.82,5.36,1.77,5.8,8.65,2.95,4.21,62.26,1.22,114.64
4.55,0.94,5.33,13.35,8.01,6.67,9.24,6.27,3.43,89.74,6.1,124.66
23.73,3.61,6.34,5.89,8.19,0.79,3.62,5.8,8.7,2.76,2.26,90.44
34.69,4.18,6.03,14.86,7.75,5.41,2.07,1.93,1.4,93.03,3.88,134.36
16.91,2.07,0.29,1.04,9.02,0.72,5.88,9.01,3.32,123.5,1.15,145.88
20.43,1.99,5.39,2.12,5.83,6.33,6.91,6.64,3.51,150.34,7.99,154.14
7.78,2.81,5.07,5.42,4.56,5.12,4.16,1.59,9,168.21,5.99,175.18
8.82,1.16,5.84,12.99,0.31,0.23,2.42,3.86,3.39,73.57,4.11,106.4
12.7,0.19,1.19,13.88,5.82,3.66,4.28,0.69,0.8,189.59,7.01,178.34
25.87,0.51,6.02,15.33,9.53,3.38,8.08,5.67,1.05,139.71,7.28,180.1
46.36,0.81,2.09,7.64,6.33,0.27,9.59,8.07,4.74,115.28,3.2,159.16
48.87,2.49,1.32,7.1,5.55,9.24,5.02,6.53,2.1,108.78,1.06,168.37
46.62,0.8,8.04,0.9,2.1,8.87,1.31,0.13,9.91,100.43,7.43,145.19
11.54,4.76,7.08,11.19,4.02,6.93,7.06,1.83,9.66,71.17,2.34,108.85
14.95,2.82,1.4,1.99,3.68,1.91,1.86,5.18,0.43,194.1,3.25,170.74
2.18,0.4,0.8,0.34,0.35,3.37,5.32,0.69,6.26,26.54,0.37,40.04
15.08,0.06,3.05,11.98,4.57,4.91,7.78,0.33,5.15,90.92,1.31,120.36
2.78,3.73,5.57,19.04,1,6.64,4.45,2.42,1.3,5.33,3.84,53.01
13.76,0.11,5.34,14.48,2.77,2.05,4.31,9.8,8.45,55.58,6.29,127.78
11.64,2.22,1.12,17.46,5.97,0.93,3.56,9.17,1.73,22.26,9.58,78
25.01,0.12,2.56,18.77,9.44,2.89,8.57,8.84,0.97,91.88,6.54,133.58
10.58,2.21,2.81,17.47,4.91,6.06,5.89,3.31,8.41,139.79,5.63,170.61
41.51,0.08,7.62,18.03,9.6,7.72,2.88,9.29,3.86,23.25,8.55,120.53
40.92,3.37,1.95,12.25,0.5,5.45,5.04,4.59,2.92,49.21,1.93,123.3
4.27,1.42,6.83,16.85,5.26,9.9,0.52,4.95,0.95,72.33,2.19,98.83
17.46,4.4,3.24,6.93,9.76,2.07,5.51,0.52,3.83,24.2,3.28,75.84
37.94,1.08,8.87,18.18,8.58,4.43,5.22,2.32,5.4,60.72,5.98,135.35
24.85,1.19,4.91,6.04,2.54,5.69,5.61,3.8,9.21,157.91,7.11,158.56
3.66,2.88,1.67,14.01,9.52,9.25,7.38,3.32,4.94,125.13,2.98,149.95
20.09,1.91,5.13,5.09,9.41,5.28,1.8,6.07,8.06,187.72,1.42,184.82
6.1,0.09,2.33,9.45,0.57,2.9,4.07,8.24,9.66,64.73,9.88,97.64
46.6,2.52,4.86,9.66,7.74,6.49,3.38,3.9,0.28,55.18,9.05,114.73
11.03,4.51,8.87,9.44,7.06,5.26,9.17,0.28,9.65,73.1,0.22,120.46
49.45,3.83,2,8.87,7.13,1.9,6.63,0.48,0.63,189.9,7.9,193.79
2.16,3.93,3.11,6.66,5.14,4.86,6.54,3.14,2.99,46.23,5.77,76.08
46.01,0.26,8.65,7.79,2.95,2.52,6.09,7.09,3.95,183.95,9.2,205.54
27.43,1.48,8.11,18.53,9.03,9.55,6.68,4.44,5.78,195.89,3.06,229.38
47.35,2.21,6.53,14.11,7.93,0.98,3.23,6.13,2.67,85.52,6.86,154.15
47.49,4.31,4.14,18.19,2.05,0.83,1.95,2.43,8.2,193.78,4.46,220.29
19.61,0.97,3.41,0.76,7.95,9.88,5.21,0.14,2.04,192.88,3.83,155.06
11.59,3.85,9.31,19.95,8.7,1.18,2.91,1.06,5.6,199.97,2.44,193.25
45.93,2.39,2.03,7.27,1.57,3.74,9.35,0.5,4.85,65.5,3.77,123.09
22.54,3.91,0.75,17.27,0.49,1.15,3.15,2.57,4.88,164.85,9.17,157.2
30.88,1.27,5.47,13.39,5.16,1.5,0.21,3.41,2.81,49.29,9.39,90.58
35.07,1.62,0.78,11,4.68,9.95,3.06,9.01,6.25,90.71,9.36,171.38
17.9,3.93,7.39,14.17,8.97,4.93,8.09,6.71,8.68,106.16,9.48,171.13
47.34,3.59,2.62,15.31,7.54,5.43,6.45,3.28,5.01,90.57,1.99,175.23
44.45,0.52,1.14,8.72,7.15,7.11,5.41,7.79,1.99,126.16,5.56,164.44
39.09,1.91,2.4,13.92,0.47,3.42,1.36,0.84,2.24,88.57,2.08,111.36
15.9,0.87,4.26,2.23,1.85,1.63,9.36,4.37,5.34,125.06,0.81,130.04
18.35,1.48,7.11,2.93,6.86,7.77,3.73,7.11,0.23,147.91,1.38,157.77
22.55,0.68,5.05,14.8,6.92,7.33,6.62,0.31,4.99,111.83,8.51,157.74
18.31,2.54,6.21,4.19,7.64,7.32,6.14,3.28,3.13,43.62,4.79,78.85
19.28,3.48,4.58,2.72,0.54,0.73,7.88,9.98,8.89,115.7,8.16,147.24
49.89,0.35,7.38,17.1,3.81,2.17,7.15,7.25,0.36,192.22,3.91,200.37
35.12,1.71,2.49,14.14,4.97,7.41,1.11,8.52,2.25,123.27,5.88,166.56
43.06,3.21,3.95,8.02,4.62,7.91,3,3.83,9.13,35.45,7,118.51
37.84,0.33,0.63,9.91,0.64,2.05,5.22,2.06,5.5,176.33,4.47,175.9
47.87,3.81,5.67,14.35,7.68,2.88,3.48,6.7,6.54,30.12,1.24,110.81
16.86,1.97,1.56,12.42,3.24,7.8,2.89,3.73,3.84,22.93,8.4,77.51
5.84,2.47,4.51,6.21,0.48,5.89,2.26,0.04,5.89,180.69,7.38,152.88
27.75,3.31,8.7,10.35,1.89,3.84,7.42,2.51,8.98,63.39,9.99,135.25
44.8,0.07,1.75,1.4,2.48,6.67,5.42,1.48,7.3,93.25,7.24,122.45
44.98,3.36,9.25,7.96,3.8,5.31,4.76,0.51,1.24,2.69,5.17,73.87
7.69,2.84,8.57,3.22,2.27,9.94,1.88,4.56,0.04,138.11,8.11,141.3
33.4,1.92,2.43,19.78,1.83,0.53,5.91,7.55,0.93,112.29,6.81,154.8
10.17,2.8,1.05,13.01,8.44,9.81,9.41,6.01,2.09,179.18,1.53,169.32
0.58,1.41,5.37,14.34,3.96,9.91,1.67,5.31,6.35,192.61,4.12,175.72
23.13,4.93,3.01,15.31,7.58,6.14,2.35,4.91,0.8,198.36,7.23,209.62
24.85,1.63,8.9,11.45,6.51,1.07,1.59,7.5,9.7,151.25,6.53,168.37
8.78,4.68,4.51,6.26,6.47,8.57,5.79,9.66,2.44,156.69,2.11,175.68
21.69,3.42,0.26,7.65,0.33,1.58,7.44,6.19,5.82,114.28,9.11,150.68
18.64,4.74,0.96,2.44,7.18,2.64,8.72,2.91,3.25,81.7,5.37,128.75
4.27,2.18,6.38,9.54,2.13,7.48,5.88,2.04,7.38,10.51,4.86,61.34
22.96,0.49,7.86,8.12,2.33,4.36,8.47,6.41,9.51,6.76,0.95,71.32
14.8,1.06,7.95,12.57,5.2,4.71,8.69,8.33,1.05,49.21,4.64,116.05
24.55,2.26,8.78,17.72,7.57,4.02,4.57,3.09,5.09,173.3,0.79,191.49
47.72,3.09,7.71,1.93,4.16,0.31,2.36,7.89,4.88,102.82,0.79,146.55
16.24,0.23,6.5,13.71,2.72,5.97,1.49,2.03,4.62,64.13,1.41,86.49
28.47,2.36,6.99,11.45,2.2,5.61,3.04,3.87,5.98,60.8,0.19,111.43
47.5,4.92,3.71,11.66,1.89,1.77,2.67,4.56,6.52,191.06,4.9,217.09
29.37,3.52,7.84,8.81,0.67,0.58,6.09,2.09,6.92,117.53,9.35,134.59
41.79,0.63,7.42,17.89,9.84,0.91,6.09,6.34,6.16,13.92,2.86,110.42
44.49,0.07,1.95,6.14,6.38,9.09,2.03,7.55,8.52,181.17,8.29,212.94
3.29,2.27,3.09,9.66,7.75,2.89,3.51,0.88,7.2,48.38,6.93,87.44
43.33,1.14,5.78,3.91,2.77,9.53,0.53,9.88,4.52,151.92,3.06,173.89
11.22,3.36,0.7,15.75,0.01,1.98,5.55,5.65,1.34,32.38,4.33,83.89
41.47,1.35,3.52,9.9,7.38,3.54,9.35,8.18,3.92,29.49,0.5,116.49
20.73,0.38,0.96,2.32,5.68,3.89,6.29,4.46,9.86,4.49,7.25,77.14
32.86,0.85,2.77,1.83,5.82,7.8,7.19,2.1,0.41,169.81,6.62,168.68
18.72,4.29,7.9,9.41,6.86,0.78,6.46,3.74,3.27,193.17,4.81,192.03
47.29,0.64,2.29,1.78,7.83,2.46,5.63,0.64,9.8,187.94,0.08,191.7
36.9,1.39,0.23,7.6,3,2.1,9.77,6.63,0.39,127.32,2.41,167.95
34.13,0.16,5.24,13.2,9.86,0.62,7.88,8.62,7.86,151.09,2.71,194.54
18.39,4.37,2,17.18,8.81,9.27,0.42,6.03,1.23,67.34,4.4,139.9
27.46,0.86,1.2,6.62,1.91,4.13,5.45,8.8,5.26,161.52,6.94,180.6
41.07,2.36,8.63,17.84,7.99,9.7,9.43,4.84,4.43,48.35,6.42,148.25
48.48,1.87,7.55,5.42,7.13,2.13,6,3.77,0.51,59.98,7.91,119.04
44.9,0.41,6.26,11.09,7.57,8.57,0.6,1.18,8.95,78.94,9.85,142.47
14.13,2.33,0.78,18.43,0.59,9.43,4.93,4.42,9.16,8.73,9.13,88.1
7.27,3.44,6.46,7.44,6.66,3.06,1.64,0.63,9.7,108.75,4.1,112.23
28.39,4.01,6.79,1.77,6.91,2.31,1.06,2.51,7.5,190.57,5.04,167.43
4.06,3.63,7.6,8.93,0.13,4.88,0.96,5.88,2.65,115.83,8.65,117.85
20.31,4.95,7.24,2.83,4.76,6.44,7.9,5.95,4.46,171.63,6.23,181.24
2.6,0.59,9.09,16.83,9.51,9.6,1.54,7.27,7.97,166.73,6.32,177.41
39.68,0.07,5.01,1.12,5.66,4.33,3.61,2.21,9.41,81.93,6.13,122.96
46.46,4.54,4.6,6.4,6.44,0.33,1.44,0.31,7.79,147.58,8.73,193.05
29.75,3.36,8.06,8.52,2.53,5.1,8.97,1.68,4.16,41.91,7.55,110.72
13.24,1.39,4.13,17.46,4.64,2.84,5.56,6.11,1.95,72.29,9.35,124.11
13.18,1.1,8.33,7.67,7.63,0.73,9.96,6.48,7.25,19.51,1.48,72.62
1.22,1.62,7.03,5.5,3.2,8.95,7.78,8.88,8.05,8.83,9.27,93.47
24.07,4.46,3.68,16.6,7.74,7.63,4.13,8.46,6.75,100.69,9.96,162.43
20.69,3.68,6.25,17.48,0.94,8.87,8.05,3.41,1.81,81.17,4.44,118.43
24.19,0.7,9.89,7.05,5.26,5.83,4.67,0.37,5,179.51,6.6,173.76
30.5,0.46,0.11,11.19,6.19,5.56,6.88,6.2,6.69,26.98,2.89,87.44
15.05,3.86,1.37,7.89,0.31,3.06,8.85,8.84,1.03,150.77,0.35,151.04
11.62,2.39,3.94,8.12,0.62,9.73,5.62,7.46,4.64,177.85,4.6,179.55
32.48,4.48,4.65,1.47,5.2,3.3,2.95,6.94,9.94,48.54,4.47,116.62
13.79,2.93,1.52,14.9,1.13,7.84,0.87,9.85,1.13,151.91,8.78,176.05
33.45,4.66,5.87,17.6,4.96,7.96,6.51,7.09,9.16,143.71,3.76,196.49
36.32,0.57,8.19,17.88,8.95,3.87,7.72,3.06,9.66,157.38,1.98,221.09
15.68,2.68,0.22,9.26,6.3,1.75,9.68,6.1,9.32,101.97,4.59,143.23
31.04,1.48,3.42,5.46,8.01,1.58,6.92,6.49,9.63,138.63,2.48,167.23
48,0.9,0.97,15.81,8.59,8.67,6.11,7.74,9.85,9.63,7.58,114.43
8.12,3.31,4.38,3.52,3.3,4.26,8.45,3.92,9.23,167.84,4.18,181.68
27.31,0.22,7.42,1.49,7.74,0.32,0.37,3.23,3.66,22.13,3.3,59.83
0.97,4.55,4.57,4.49,1.75,5.91,4.31,3.17,5.7,93.59,3.57,97.45
19.3,4.78,6.53,9.07,4.15,5.9,8.51,0.68,2.79,10.65,1.09,81.45
30.04,4.01,1.69,0.71,0.43,5.23,4.2,2.47,0.44,110.19,5.67,132.56
16.7,2.08,3.7,13.42,7.22,9.55,2.53,8.08,4.45,7.8,9.91,89.43
24.6,1.13,3.78,17.54,1.32,3.39,9.03,5.13,3.81,152.03,6.31,191.13
0.97,4.28,0.96,2.69,3.8,5.92,1.8,5.8,3.18,132.56,7.58,115.22
23.02,0.46,2.42,16.46,4.72,1.81,4.62,2.36,0.14,149.47,1.21,142.13
23.2,2.83,7.91,9.56,4.85,3.64,9.46,5.48,4.42,75.88,3.69,124.65
17.04,1.66,6.76,1.69,8.92,6.45,8.55,6.31,7.81,46.45,8.29,98.68
7.03,2.34,7.84,6.59,8.42,9.01,0.49,6.38,4.72,70.38,0.16,119.71
21.95,0.35,9.8,4.85,2.76,9.57,6.49,2.17,7.34,180.18,9.68,184.19
11.89,4.39,4.8,19.77,9.34,8.7,1.25,2.23,7.12,42.48,6.16,102.41
49.19,4.9,7.81,7.85,7.29,0.23,4.33,5.94,1.73,91.12,9.95,141.16
27.02,4.64,0.66,0.12,5.7,6.35,7.21,9.54,9.28,193.91,0.59,219.5
45.11,3.12,5.13,17.22,4.97,2.66,9.98,0.64,4.84,49.39,5.7,130.18
27.22,0.63,10,18.49,9.41,9.49,8.51,4.23,0.27,68.18,2.64,139.37
38.83,0.13,1.6,10.62,8.25,6.62,1.73,7.99,0.73,103.31,3.18,138.09
39.28,1.43,6.56,1.55,9.76,3.91,0.52,0.47,7.51,181.55,0.45,176.41
46.98,3.87,5.39,19.35,1.07,2.74,3.73,7.86,4.19,134.48,6.22,196.88
42.86,2.02,4.24,9.24,4.91,7.3,7.55,1.18,6.24,40.34,7.49,139.69
45.25,2.69,0.42,5.18,6.07,7.67,1.99,6.85,7.22,131.68,9.96,165.58
49.85,3.91,2.81,7.68,6.97,2.01,6.35,0.88,6.02,36.38,5.73,109.62
18.78,3.66,4.84,19.41,6.52,5.21,7.03,7.78,7.83,47.23,2.96,105.18
38.74,1.89,1.23,9.14,7.8,3.31,4.59,6.14,6.89,105.18,0.9,152.06
47.44,1.59,9.79,10.51,3.41,6.73,4.83,2.97,7.37,93.6,4.73,159.49
29.85,4.14,5.87,16.59,0.27,0.41,2.08,7.23,8.19,18.73,5.77,96.88
44.67,1.29,7.19,14.39,7.91,1.07,7.77,7.97,9,58.22,4.03,141.42
7.09,3.49,7.13,3.68,7.73,5.87,8.33,0.15,7.19,177.33,9.62,187.14
36.89,4.97,6.09,15.84,4.2,2.19,3.04,1.52,2.2,62.48,7.03,123.83
20.18,1.4,7.67,18.4,7.7,6.43,5.12,0.82,9.43,94.08,5.52,158.41
30.58,0.28,5.28,9.9,4.69,5.64,0.51,5.18,7.42,99.73,1.19,124.17
1.64,0.38,5.54,14.08,4.35,0.81,8.79,0.17,2.5,108.65,1.11,107.66
2.8,2.9,6.46,14.78,0.89,0,4.13,8.29,5.1,155.09,4.65,153.49
41.09,3.32,2.4,16.91,6.54,5.49,5.05,8.11,5.78,99.82,1.93,169.74
29.01,1.66,8.36,4.11,8.48,3.98,3.64,3.12,3.06,32.61,6.32,80.18
13.66,2.43,9.92,7.87,8.56,9.51,6.6,6.05,3.59,125.1,4.33,135.48
18.74,1.24,3.89,19.75,0.3,2.09,0.56,5.61,7.34,57.84,5.41,111.1
30.67,3.16,7.72,16.07,0.27,4.79,2.16,6.34,0.53,13.52,3.01,69.77
37.25,3.51,5.04,19.59,8.67,1.12,1.36,1.74,0.89,52.26,9.17,125.21
13.55,3.84,0.07,4.07,1.85,6.29,2.93,6.6,4.05,195.44,3.48,182.26
9.6,4.8,7.62,19.81,3.41,0.03,5.9,3.49,8.49,108.52,0.46,142.06
24.21,4.5,6.62,9.88,0.97,1.18,3.18,4.9,9.33,50.42,4.14,108.26
9.87,1.53,0.5,4.68,2.04,1.18,4.96,4.22,7.55,106.22,2,119.72
38.45,0.65,6.72,5.37,8.93,2.32,0.58,7.67,3.48,165.21,4.33,185.43
14.44,3.15,8.26,2.12,8.29,9.76,1.89,1.85,9.26,120.39,1.57,142.7
48.75,0.17,6.03,3.28,6.99,0.71,1.25,9.98,8.65,7.44,1.24,72.23
47.23,2.67,1.81,14.25,3.4,7.61,2.29,7.1,6.03,31.67,9.68,121.88
46.04,4.1,0.61,13.46,6.41,2.22,9.41,7.57,0.2,138.61,0.03,155.87
24.68,0.31,2.77,10.53,2.21,2.63,0.05,0.3,8.86,154.45,1.52,149.07
32.96,1.35,4.17,9.89,0.8,7.19,1.44,3.06,6.04,145.55,2.68,149.98
14.2,1.2,2.74,17.6,2.4,5.92,8.63,1.53,0.57,80.57,2.8,104
29.71,2.6,7.77,19.81,5.62,1.25,7.47,5.86,9.79,88.1,2.16,176.34
6.75,1.61,1.54,18.7,8.29,3.26,8.05,9.98,9.15,36.24,6.53,123.47
14.4,4.48,4.85,0.75,7.75,6.79,1.44,1.27,3.36,191.96,4.03,159.7
14.32,3.11,1.56,4.78,6.93,3.56,5.43,5.7,7.9,18.69,7.77,87.7
18.7,2.09,2.67,9.78,5.91,3.45,9.3,5.07,2.27,161.45,6.47,164.82
2.28,2.33,6.34,6.24,6.54,9,2.1,2.01,2.36,119.88,7.69,126.05
8.8,4.05,1.71,0.2,9.91,3.14,3.94,5.18,2.74,199.65,1.21,167.97
3.33,2.37,1.16,7.3,5.71,9.01,2.49,9.66,6.22,159.07,6.63,163.69
41.15,2.24,2.71,3.61,9.68,1.72,0.16,3.68,1.72,49.34,7.98,101.34
25.01,2.57,6.17,5.85,8.43,6.97,0.25,5.01,0.75,117.14,1.63,158.56
46.21,0.43,2.07,3.93,7.85,2.74,0.14,7.45,5.12,129.96,1.12,166.72
37.77,1.88,5.42,1.13,3.4,8.5,9.09,3.55,2.92,174.18,4.23,193.41
33.38,3.55,4.97,0.08,8.78,6.35,7.13,5.09,5.97,91.55,7.47,155.81
24.33,0.59,8.02,11.79,1.45,5.95,6.49,4.42,8.06,141.84,9.89,167.17
4.27,3.91,2.3,1.47,9.5,1.93,1.93,5.41,6.28,136.55,7.32,147.79
47.12,3.57,6.84,12.11,6.47,4.02,9.84,7.63,8.2,171.03,4.01,230.91
19.31,0.13,2.18,11.76,8.49,0.5,8.13,4.56,5.19,78.44,8.11,122.48
38.42,0.79,3.74,0.61,9.81,5.26,2.54,5.74,0.98,82.39,4.93,126.16
23.73,0.18,0.12,5.39,9.06,4.44,9.83,5.99,6.16,41.3,5.94,104.5
6.72,4.65,6.62,9.66,2.1,4.93,5.6,9.83,2.61,134.02,4.85,169.69
34.33,2.86,4.17,9.89,7.6,4.92,0.67,2.67,4.96,150.57,9.92,167.31
48.12,0.23,1.5,2.89,0.16,1.18,6.26,8.11,7.41,86.23,6.94,135.66
37.59,0.95,0.41,2.36,8.42,1.16,9.65,3.02,7.99,135.65,2.51,169.79
21.82,3.7,9.54,10.42,0.39,9.95,6.97,5.75,7.78,42.33,7.49,129.16
44.14,1.38,9.62,11.83,9.93,10,7.98,3.93,7.43,112.7,8.24,190.32
1.97,4.85,0.93,15.1,0.51,8.98,8.44,5.59,2.76,134.42,3.81,144.73
17.5,3.11,5.88,6.17,2.13,5.74,1.45,0.7,4.28,180.59,1.8,167.3
23.14,4.38,8.12,18.42,0.55,0.53,6.49,0.62,8,100.02,1.53,142.26
22.48,1.51,9.82,18.82,5.07,9.92,3.08,2.46,7.97,168.68,2.27,204.75
48.23,4.15,0.22,15.64,9,9.97,5.22,5.47,0.57,140.58,8.18,183.73
44.64,2.45,2.08,12.97,2.39,4.26,7.06,7.2,3.3,86.26,2.68,132.83
25.46,4.91,1.04,18.71,1.8,2.4,9.16,9.63,2.9,97.54,7.95,152.2
6.26,1.02,4.58,2.21,6.19,7.54,6.73,1.49,7.84,50.39,1.37,87.65
36.3,3.18,0.7,7.32,8.23,2.45,3.86,0.41,6.44,152.8,8.56,177.73
8.14,1.83,8.83,15.06,4.11,8.22,4.49,4.89,6.54,75.9,7.18,134.2
42.24,3.67,0.16,17.08,1.36,0.27,0.32,2.42,5.98,111.33,2.11,135.26
3.55,0.22,9.67,7.47,4.73,4.56,5.86,4.9,7.91,145.4,6.23,159.99
10.83,0.51,5.35,13.97,1.38,4.7,3.54,7.79,9.31,38.91,9.49,103.38
44.62,4.48,7.84,15.91,5.05,9.13,4.98,8.73,1.5,135.63,8.56,182.1
35.91,3.95,1.87,8.52,9.28,8.52,5.69,3.96,4.34,47.35,9.45,133.65
32,0.5,4.37,14.42,5,6.08,6.93,5.51,4.23,76.04,9.26,126.75
43.44,2.54,8.95,5.45,2.02,1.54,5.47,2.23,2.34,86.52,9.15,118.44
34.39,1.98,8.01,19.61,2.69,1.9,1.75,2.23,1.95,15.96,0.04,67.66
14.43,1.09,7.01,6.63,3.17,8.81,0.95,8.04,5.05,13.87,6.09,49.75
5.67,2.06,6.52,19.98,0.51,4.3,1.18,6.62,4.51,177.11,0.55,155.6
46.33,1.88,7.96,4.55,2.1,0.58,6.26,9.37,6.76,60.58,0.33,113.46
33.81,0.78,0.69,4.15,7.86,6.57,1.57,1.08,9.56,10.53,0.77,77.23
3.86,1.83,2.68,17.34,0.87,7.76,1.41,9.76,3.03,176.56,9.31,156.33
2.9,4.71,7.15,16.3,6.1,7.16,2.12,3.39,5.56,151.44,9.97,168.87
43.41,1.43,7.28,11.3,7.9,0.04,1.2,6.77,0.23,114.55,4.91,161.01
27.2,0.38,9.14,15.23,7.07,5.66,0.36,4.08,9.77,12.49,0.3,95.95
26.03,2.77,5.06,6.01,6.42,5.22,2.18,2.96,5.77,33.07,8.55,88.9
47.94,0.57,4.41,11.47,7.4,8.85,7.08,7.63,4.02,49.86,7.76,150.95
27.2,4.27,5.47,11.07,0.47,6.45,3.06,7.06,3.62,186.38,9.94,190.41
17.59,4.81,9.68,9.95,6.61,1.29,0.84,5.29,0.94,97.85,9.52,114.54
30.74,4.38,5.24,8.56,3.73,2.66,2.52,0.29,9.63,54.21,9.78,120.75
45.05,0.64,9.76,6.48,3.8,0.28,1.45,3.57,4.07,36.48,9.93,94.22
44.19,1.49,1.18,2.3,2.39,4.36,8.97,1.67,3.39,151.31,2.82,170.96
25.31,3.45,2.31,9.56,3.97,8.38,6.98,2.6,8,174.56,7.7,185.4
28.3,1.34,6.43,5.06,6.09,7.53,0.85,6.71,8.87,114.57,0.69,141.04
18.4,0.69,1.56,17.5,7.32,9.57,2.42,0.76,4.43,70.02,4.25,112.88
42.06,3.88,8.3,5.74,3.2,9.37,9.91,4.76,2.12,199.34,2.39,218.3
19.13,3.39,2.6,4.25,2.79,0.9,6.8,6.56,4.75,79.86,0.27,104.92
3.72,2.58,9.81,11.31,8.31,9.72,0.23,8.96,4.35,106.8,1.32,133.27
30.79,3.65,4.93,17.21,2.46,9.86,4.25,5.72,1.59,38.95,4.41,123.68
36.63,4.64,7.26,19.37,8.77,5.92,7.52,7.65,0.63,23.89,0.24,127.49
6.71,1.98,8.67,8.23,9.06,4.27,6.97,0.85,5.43,72.68,6.39,106.35
34.34,1.94,5.45,5.45,8.63,4.52,9.91,6.7,9.62,189.85,6.89,229.37
42.84,0.91,0.85,17.3,4.53,0.43,0.01,6.42,6.09,197.67,8.33,217.19
31.87,2.49,6.68,12.68,7.31,2.04,3.64,0.11,3.99,60.43,9.05,96.91
33.42,0.58,9.72,14.51,9.82,3.68,4.13,4.01,4.51,7.9,2.86,88.16
48.07,4.22,6.88,0.83,4.67,9.97,6.53,6.82,0.91,165.71,6.53,207.55
4.12,4.69,0.18,13.34,7.68,6.44,5.68,8.23,9.49,127.88,0.59,161.21
39.68,3.08,9.01,10.35,4.61,9.54,2.14,2.77,9.03,177.18,5.02,215.5
11.1,4.65,3.45,0.49,6.86,7.74,0.05,6.3,5.07,140.67,9.25,141.89
36.49,1.31,0.97,1.79,5.32,1.12,5.15,2.07,8.72,142.02,7.41,145.64
19.11,2.15,9.53,4.33,5.63,1.09,9.06,5.23,3.02,191.31,9.33,184.91
30.02,1.11,7.35,11.41,0.6,1.41,1.7,2.57,3.74,97.45,5.4,121.73
47.65,2.32,8.62,15.86,0.81,7.04,5.89,9.42,4.51,107.56,3.77,174.37
43.12,2.12,7.22,0.35,4.57,3.01,9.68,5.05,6.74,11.51,0.08,91.83
2.73,3.35,1.71,11.72,5.4,2.35,8.06,7.66,9.75,73.85,1.34,123.99
7.73,1.74,5.55,3.38,0.76,1.01,3.39,0.37,7.44,45.24,8.48,80.59
49.02,0.01,0.6,1.5,6.39,6.13,5.41,9.29,5.63,76.64,9.07,144.67
39.79,4.62,2.05,9.17,3.94,1.86,5.03,7.77,6.98,183.1,7.04,209.91
0.46,1.27,6.4,13.61,9.96,5.96,4.64,5.69,4.38,130.07,8.51,152.63
11.89,2.15,7.14,9.56,7.3,4.88,8.65,4.1,9.53,148.94,0.51,163.29
46.56,3.67,0.77,6.49,5.2,3.57,2.02,3.38,6.06,32.64,1.85,117.46
49.14,2.25,5.53,5.31,0.8,3.68,9.22,5.11,5.13,165.68,1.85,198.71
33.93,2.15,0.77,12.02,2.1,3.64,5.32,9.36,1.77,68.25,3.08,119.62
38.62,3.73,0.94,5.87,7.96,1.6,0.39,8.74,6.48,59.63,9.23,119.64
37.2,4.6,2.79,19.3,8.96,3.64,7.24,4.62,0.78,162.44,6.53,202.17
20.88,2.58,9.77,5.75,3.72,0.25,5.41,2.27,8.98,114.39,2.98,134.81
16.26,4.67,4.36,19.67,0.15,0.3,2.35,3.07,4.37,54.93,0.87,104.87
46.95,4.06,6.81,1.94,1.36,9.95,1.88,8.84,3.6,61.26,6.69,127.32
19.17,1.99,6.8,4.92,4.15,3.61,4.35,6.85,8.01,7.68,6.45,73.14
41.45,3.82,5.65,15.71,0.03,5.42,4.64,2.93,9.08,128.31,8.05,174
45.16,4.57,0.08,5.21,8.62,2.53,1.5,6.08,2.03,49.16,4.75,110.83
15.21,4.94,1.71,10.56,0.53,8.56,1.54,0.36,6.06,61.82,4.04,95.25
30.85,1.43,0.3,10.32,5.17,7.27,1.33,6.35,7.42,9.4,7.78,83.56
47.39,4.03,7.21,16.59,9.27,7.1,1.37,5.98,5.66,141.11,5.39,179.62
36.14,0.46,6.43,1.54,7.96,8.88,5.32,2.89,4.82,173.62,6.27,177.87
1.17,0.73,2.12,9.99,4.27,7.72,5.1,1.29,4.03,28.74,7.05,73.97
2.72,4.66,5.83,0.99,2.3,0.46,5.27,7.74,2.06,16.2,1.06,46.92
48.88,3.58,2.85,13.47,9.62,8.04,8.99,1,7.5,153.64,8.96,220.52
30.26,0.17,3.23,9.43,6.16,1.99,5.38,6.98,6.2,154.21,4.2,168.78
4.48,2.06,6.15,3.86,8.81,6.54,1.13,3.06,7.34,16.48,8.77,70.25
19.91,3.36,4.31,13.69,6.53,9.62,1.88,8,5.68,90.83,5.48,156.86
20.57,0.98,6.57,13.24,4.1,8.69,3.86,2.91,8.82,47.08,9.07,116.85
14.37,0,9.94,1.97,7.11,6.94,3.95,1.01,6.28,70.87,8.09,93.53
19.81,2.5,1.57,4.07,0.46,1.04,7.76,9.27,7,10.5,6.27,80.5
29.07,4.25,7.41,7.35,3.14,1.33,9.41,4.43,2.44,177.74,9.67,198.19
45.98,0.48,1.76,15.72,9.19,9.27,2.52,3.41,6.32,19.64,5.77,105.96
0.81,1.95,9.42,6.37,8.44,5.46,0.6,1.33,0.3,86.08,2.27,91.92
23.86,4.94,9.72,6.98,1.43,6.23,6.98,7.84,2.8,165.96,1.59,179.46
4.03,3.73,8.09,14.37,4.49,8.71,8.18,4.02,5.97,101.32,8.48,148.43
45.31,0.32,3.31,17.77,1.84,9.1,3.58,7.77,7.73,53.16,6.38,141.78
17.26,4.51,0.23,10.47,9.03,9.83,6.08,5.54,0.84,77.64,1.03,125.57
48.24,4.96,9.18,4.3,0.2,4.7,7.53,4.62,2.77,110.81,1.31,157.2
36.57,2.52,2.35,1.53,3.95,5.47,1.4,4.52,8.64,160.92,4.28,174.74
17.33,1.4,9.45,1.57,0.19,2.72,8.23,7.41,4.6,110.21,1.16,120.78
25.94,4.69,7.66,13.12,5.98,5.61,9.32,1.57,1.34,69.3,7.56,134.57
12.28,1.94,7.81,15.19,1.55,6.34,8.8,0.38,3.76,14.55,4.49,67.66
4.76,4.18,0.29,14.46,3.05,5.33,0.69,1.62,1.5,37.03,3.28,79.88
40.16,0.03,8.26,2.65,8.15,8.7,9.21,6.8,7.79,113.57,2.22,155.28
28.82,4.28,9.53,18.03,0.89,2.11,2.69,1.26,0.49,88.99,6.96,107.86
8.72,0.72,9.36,10.03,6.64,1.55,8.11,3.12,7.51,6.1,2.71,102.38
26.89,4.58,4.86,5.19,3.02,4.6,5.55,3.2,2.44,52.51,9.12,96.98
43.46,0.36,2.97,12.7,1.21,0.31,0.89,2.11,3.46,68.53,4.19,113.11
22.15,3.99,7.55,1.23,6.85,0.78,7.49,2.38,4.2,17.73,3.5,57.56
23.02,4.23,2.26,4.36,1.82,1.35,8.05,4.5,5.08,24.63,0.99,85.28
18.21,3.44,2.84,3.29,8.8,0.74,6.17,9.33,7.21,134.98,5.63,153.44
11.08,1.48,2.42,19.43,2.11,7.2,6.86,3.26,1.73,50.36,7.12,101.04
8.42,0.7,9.02,2.51,0.78,3.14,1.9,9.5,7.2,26.8,7.93,87.54
39.39,4.82,4.26,5.91,2.26,3.54,6.83,2.51,6.6,144.86,9.24,176.37
1.56,4.66,3.06,12.37,1.06,0.07,4.87,3.23,9.8,195.47,9.44,196.99
13.52,4.08,9.96,15.1,2.24,2.01,3.76,5.98,3.61,45.08,0.35,112.91
49.95,0.32,6.66,11.82,5.41,3.14,1.2,1.28,9.25,79.2,6.97,129.31
25.23,0.09,3.92,15.46,2.14,0.58,8.35,6.89,3.83,43.54,8.15,104.8
2.68,3.66,6.29,1.55,9.93,3.98,1.62,3.19,2.23,197.11,5.96,150
28.26,4.38,4.73,4.13,6.67,1.58,8.66,8.03,2.22,17.73,4.41,99.47
26.33,3.17,0.91,0.3,5.22,7.44,5.5,2.96,5.25,199.64,0.43,176.26
15.84,2.7,8.31,0.96,0.65,5.58,8.29,7.83,8.15,183.77,2.91,183.76
32.56,0.64,9,5.85,7.73,9.95,3.78,5.42,3.49,160.92,3.89,192.3
10.18,0.41,2.79,0.28,9.02,6.06,5.1,4.47,1.3,25.14,9.06,54.88
16.61,1.71,0.24,11.78,3.76,2.15,3.43,7.41,3.41,109.87,0.67,115.74
36.35,3.58,2.9,13.75,6.31,0.76,6.55,6.08,9.79,30.46,4.28,128.71
4.67,0.55,5.89,7.02,2.02,6.37,9.9,6.36,5.66,60.94,3.75,113.38
23.62,1.96,8.79,19.06,2.39,7.89,5.98,2.91,3.7,83.27,9.6,154.75
20.64,3.14,1.51,11.48,7.93,3.17,2.14,4.33,2.04,92.2,8.7,121.88
7.52,1.77,1.66,10.8,1.82,6.47,0.75,6.27,2.76,139.88,8.16,134.59
35.43,4.51,7.95,13.98,9.61,6.25,8.85,8.01,8.82,145.37,7.24,208.16
41.89,0.76,5.07,5.01,4.92,9.73,9.61,2.98,7.64,157.49,3.55,193.21
36.94,1.77,3.56,4.4,4.02,6.77,9.56,8.02,0.25,188.34,0.48,189.88
8.27,3.34,0.11,17.43,4.3,2.22,1.46,4.88,8.68,71.88,1.7,120.54
14.43,4.63,8.69,3.71,7.63,6.65,3.74,6.2,3.09,110.56,8.64,123
13.33,3.79,3.39,17.84,2.18,9.48,9.24,8.55,1.97,38.93,3.34,100.51
0.74,1.88,5.32,5.2,9.14,6.23,2.19,2.68,4.07,21.56,2.84,57.85
9.72,0.61,3.93,14.61,7.44,4.06,6.87,0.33,9.7,122.76,1.84,137.71
14.84,2.15,0.24,17.98,3.68,5.87,7.89,9.8,5.81,0.77,0.37,79.29
9.27,2.02,4.7,7.34,5.34,2.47,5.02,1.3,2.87,110.14,8.58,129.17
10.58,3.86,7.41,11.46,2.76,1.73,7.64,2.16,8.24,125.47,9.2,152.57
7.51,0.09,1.22,2.35,8.56,0.03,3.46,4.45,6.38,28.61,8.56,52.21
46.25,4.21,2.73,19.56,7.64,8.36,6.71,4.85,1.62,15.95,4.22,124.64
49.03,2.57,0.27,6.68,9.44,3.16,6.54,7.31,3.39,14.06,0.47,108.67
12.7,4.36,5.42,5.86,4.92,3.26,7,3.93,2.71,162.91,1.38,160.45
17.19,1.2,1.16,17.18,2.04,7.89,8.16,3.11,6.84,129.87,8.06,159.15
2.92,4.57,1.81,16.85,1.72,7.92,6.43,4.62,0.43,68.45,0.34,109.94
29.65,1.91,2.65,7.23,4.43,5.01,8.1,0.8,4.26,40.99,6.93,98.1
25.81,1.81,9.59,14.51,7.74,3.34,6.82,3.18,0.08,73.62,6.77,93.16
49.63,2.67,2.32,8.39,3.39,1.62,2.06,4.63,0.42,34.31,7,87.43
27.91,1.66,9.57,10.88,3.8,4.57,4.43,1.04,1.75,194.66,9.55,177.48
28.78,3.85,6.54,9.57,1.41,3.08,8.95,6.32,1.78,63.67,1.17,99.48
45.72,3.67,9.43,2.64,6.44,8.31,9.9,7.48,5.28,143.32,5.95,194.34
9.21,1.57,9.87,7.87,6.74,7.21,7.52,2.41,5.7,162.06,4.92,198.19
46.75,1.87,0.38,4.35,8.6,6.06,1.15,9.02,5.64,129.93,0.99,166.99
16.6,0.36,2.66,1.07,0.49,8.68,1.98,8.41,6.47,33.42,5.7,58.87
31.67,4.29,2.21,14.98,6.91,1,3.2,9.11,9.35,116.97,1.85,199.84
21.11,2.95,2.76,17.7,7.28,0.74,9.25,1.34,1.89,84.24,1.24,132.94
31.88,2.14,6.45,12.39,8.84,6.57,2.83,4.87,2.57,153.1,8.28,176.25
31.4,1.08,7.57,2.32,4.52,2.16,0.59,1.68,9.96,131.53,8.07,150.53
42.24,4.87,3.73,14.92,9.61,8.49,7.01,8.29,6.94,192.56,4.13,241.59
22.45,4.4,4.26,4.92,1.13,8.55,9.77,1.97,0.31,180.58,8.78,175.86
29.44,0.25,5.11,12.84,8.26,7.08,3.8,5.68,8.75,104.14,1.29,150.95
12.14,2.08,7.54,8.96,3.01,8.83,2.91,2.08,7.45,148.08,5.39,165.84
40.82,0.4,2,12.02,7.09,9.7,6.46,9.34,7.46,148.96,2.44,184.16
48.97,1.94,9.6,4.61,1.37,8.64,7,0,9.44,180.27,7.25,208.17
14.87,2.25,3.33,19.14,5.83,2.06,5.35,5.88,1.98,197.37,8.58,214.61
42.09,3.88,4.94,3.77,5.22,1.81,8.54,3.21,0.18,97.61,0.17,114.24
29.66,2.5,2.65,16.07,6.12,5.87,8.37,1.96,2.67,26.38,8.3,95.17
44.5,3.35,5.33,18.63,0.78,0.16,4.62,2.48,7.32,7.43,6.29,127.07
6.74,2.05,2.46,10.69,8.21,5.36,6.07,7.47,8.06,48.35,6.19,96.27
38.96,4.58,6.95,1.58,8.35,9.78,5.03,1.44,0.03,18.53,1.21,103.8
27.84,0.86,1.35,1.29,7.68,7.59,9.41,3.98,0.37,132.67,4.46,165.4
11.83,4.79,4.62,0.72,0.73,6.39,2.35,2.14,0.2,158.56,0.53,129.05
30.67,1.66,7.13,4.8,6.97,9.53,5.83,1.29,8.16,120.08,2.89,159.28
11.8,4.01,1.38,14.4,7.84,6.76,6.94,5.4,5.5,197.78,4.57,212.1
26.31,2.07,3.17,18.81,9.75,9.54,2.05,2.85,1.42,7.06,4.5,81.14
12.29,2.75,1.05,18.32,8.73,9.21,4.03,9.81,1.4,34.65,7.6,117.88
39.05,3.15,1.16,12.07,8,6.87,2.4,2.38,4.87,173.1,0.52,180.25
3.27,3.88,5.08,10.25,0.37,3.18,6.39,0.77,0.75,43.04,9.15,90.57
0.37,1.12,7.45,16.02,8.37,6.29,3.07,0.11,5.99,133.37,9.06,135.19
25.73,3.58,8.04,6.61,8.25,5,8.53,3.04,4.05,55.61,3.81,121.57
27.9,2,0.06,9.72,7.11,5.06,4.07,2.74,2.21,179.84,5.44,184.91
22.22,4.61,2.33,17.7,9.45,8.46,2.32,2.48,5.92,51.49,1.23,113.21
3.13,4.7,4.46,15.24,2.35,7.3,6.9,7.79,4.31,79.62,3.51,130.91
15.79,2.51,6.87,3.7,1.32,7.51,2.74,5.66,1.28,85.65,9.27,115.44
40.14,4.4,5.03,10.29,5.92,9.14,7.88,0.99,4.25,27,1.57,93.33
22.42,4.84,1.97,18.72,6.39,0.25,9.21,3.15,8.95,120.23,7.88,174.45
33.31,0.47,8.19,7.17,0.84,1.4,0.86,8.73,0.46,84.29,7.42,109.13
20.07,1.45,8.83,15.11,0.69,4.12,4.18,9.12,4.2,185.18,1.06,180.07
21.7,2.04,9.38,3.31,7.63,4.42,7.45,9.99,6.65,38.64,0.31,113.66
17.83,1.89,3.31,12.46,8.93,9.79,3.31,7.56,4.59,15.88,1.15,103.27
13.55,1.44,8.9,16.82,4.98,0.32,3.14,6.92,5.73,128.87,2.88,160.48
28.88,0.22,4.3,11.15,0.95,0.43,7.37,2.1,3.63,51.99,0.4,72.79
15.69,1.64,3.15,13.67,2.26,1.27,6.41,3.72,1.55,154.9,9.83,167.82
20.59,0.99,6.51,3.06,0.88,6.36,6.57,6.95,8.23,189.42,8.57,198.14
17.43,4.26,5.92,12.47,8.91,3.65,6.21,1.77,5.86,73.7,8.03,120.69
13.18,2.53,8.53,4.64,9.89,8.74,0.86,2.46,3,167.93,5.18,164.37
46.7,3.21,6.84,17.23,3.18,4.25,7.27,3.59,3.34,74.66,6.27,158.28
49.34,2.47,5.98,3,5.05,2.89,5.03,3.35,2.54,147.63,8.19,171.76
12.32,4.34,3.25,2.06,5.68,5.21,9.12,4.86,9.32,11.56,7.16,69.49
29.72,2.62,2.1,3.53,2.07,6.45,0.7,0.64,9.89,183.15,0.18,178.87
10.07,4.33,3.45,5.8,0.35,5.92,8.75,0.04,5.74,21.28,5.01,71.69
45.29,0.32,4.25,19.52,5.23,2.4,2.02,6.25,2.59,42.54,6.73,97.32
27.92,1.48,8.4,16.22,5.91,3,3.44,3.42,1.11,134.07,1.67,153.48
10.83,2.57,9.04,11.98,8.69,8.96,4.9,3.51,6.23,74.11,0.51,112.01
6.18,4.82,4.31,0.28,4.18,7.24,2.58,9.91,9.63,65.4,1.01,97.42
28.98,2.91,8.99,10.44,2.53,2.63,4.19,1.22,5.91,91.19,1.01,132.68
47.55,4.19,1.74,4.13,8.63,9.44,3.49,7.28,0.77,153.35,3.98,164.94
24.66,3.19,5.99,3.69,8.24,4.7,5.26,3.3,5.82,113.55,7.74,147.82
17.69,4.23,9.11,14.49,6.1,8.28,3.68,3.26,5.46,87.03,1.4,110.12
39.83,0.62,4.62,14.06,1.15,8.39,9.73,2.61,5.11,81.65,2.42,153.85
8.87,4.02,9.39,1.95,4.77,2.29,8.04,5.25,8.47,164.31,5.42,154.84
30.63,1.83,6.61,2.85,0.25,8.47,1.89,4.91,7.83,72.56,1.61,112.96
24.97,0.71,5.66,6.31,5.17,1.8,3.88,3.89,4.68,125.6,9.62,162.71
23.61,3.58,0.54,10.74,8.72,6.27,3.35,5.37,7.16,175.13,8.6,181.83
48.62,1.53,3.79,15.17,8.63,6.66,0.36,9.76,6.93,194.99,3.73,221.63
47.19,3.61,6.13,15.26,1.34,9.08,4.18,4.24,2.58,58.94,7.57,148.73
26.16,2.6,9.65,17.01,2.6,6.96,6.41,8.13,8.46,11.75,8.92,110.16
15.77,4.39,0.19,12,1.54,1.93,0.35,0.64,8.46,169.75,7.89,171.12
8.1,4.84,3.53,17.01,9.48,2.08,0.13,1.13,2.55,193.98,7.3,184.62
16.15,4.04,1.56,14.12,3.4,0.7,4.47,7.37,1.53,27.91,9.98,79.14
11.87,4.08,4.18,0.87,6.69,0.48,9.05,1.31,8.21,59.47,6.01,95.05
22.47,3.86,4.38,11.04,3.72,3.56,5.14,4.37,7.35,21.58,7.93,80.74
9.58,2.39,5.71,14.23,8.86,5.58,0.95,6.12,9.3,117.57,7.68,147.03
12.9,2,7.23,12.51,8.93,2.84,4.94,7.1,0.83,100.35,1.58,132.8
31.28,2.17,9.61,7.99,5.65,4.2,2.15,1.52,3.94,54.36,7.92,110.14
27.35,1.71,9.12,4.47,6.28,1.7,0.51,6.18,0.16,43.27,6.89,88.45
22.79,1.08,3.53,18.22,2.42,2.98,3.33,7.04,7.2,70.38,9.43,149.52
15.44,3.88,4.62,15.03,9.14,8.53,3.04,0.78,1.14,38.37,5.32,90.52
49.17,1.54,1.66,9.92,1.61,3.17,1.26,0.29,0.99,164.76,4.89,174.2
31.34,4.17,0.02,17.2,4.72,4.95,8.17,6.05,8.94,150.05,6.19,216.24
19.57,0.58,6.53,0.5,6.56,3.57,5.73,5.93,1.25,163.19,3.15,150.31
29.48,1.24,4.95,6.89,6.89,6.47,1.98,1.66,0.28,78.72,4.14,104.13
40.91,0.93,2.12,3.82,6.59,5.87,1.13,8.84,2.15,181.18,0.37,161.36
34.15,1.24,5.04,16.87,6.26,9.13,9.34,9.61,1.09,94.1,0.79,177.18
24,0.63,0.43,2.56,6.24,7.79,2.71,2.65,5.41,1.58,6.57,65.87
42.06,4.42,9,11.44,7.51,7.6,7.36,7.96,1.73,64.93,6.27,150.64
1.6,3.15,7.17,15.7,7.41,4.98,6.92,0.13,9.57,112.49,0.77,123.34
3.75,3.41,9.01,17.1,7.06,9.19,6.15,8.97,8.89,56.71,7.94,129.14
46.68,0.12,9.58,4.32,9.27,0.3,8.56,3.15,7.29,106.45,7.44,159.5
33.06,4.5,0.2,8.96,0.36,1.37,8.61,0.43,1.96,52.35,4.2,92.94
8.35,0.31,4.01,14.99,6.44,2.4,0.9,4.39,2.03,157.74,1.4,157.27
35.86,4.14,6.03,4.66,7.57,2.79,9.78,0.84,4.09,138.2,1.22,162.65
21.05,4.1,7.06,1.58,1.25,3.76,4.24,7.03,5.16,124.53,7.7,160.65
29.07,3.07,9.66,6.6,8.14,5.91,2.48,3.85,2.47,134.53,3.36,163.89
47.99,0.64,9.62,14.1,3.01,5.49,2.93,9.55,3.77,86.47,1.12,153.24
36.59,1.18,5.36,0.58,0.11,3.08,4.62,5.83,7.39,17.22,6.28,92.6
0.21,4.57,5.98,17.58,4.87,0.88,5.27,4.73,9.78,90.55,3.03,152.93
34.19,0.51,3.75,3.73,8.96,2.38,3.59,4.48,2.77,138.68,5.61,141.4
35.35,4.61,3.58,16.49,9.2,7.77,4.16,1.83,2.8,114,1.15,148.43
12.6,4.32,3.86,17.94,5.22,3.19,7.65,1.77,7.87,81.76,4.69,133.46
34.93,4.97,7.78,19.96,7.07,4.06,0.57,2.5,8.2,41.81,0.01,114.78
14.59,3.91,3.99,0.41,7.43,3.82,8.49,5.04,5.72,41.94,3.54,96.02
13.34,5,3.79,18.47,3.4,4.7,3.91,4.28,0.86,16.22,2.55,76.11
13.77,1.4,6.3,17.65,2.28,2.91,3.87,1.73,6.68,192.72,4.58,191.53
18.94,4.03,3.81,18.55,3.9,5.52,4.97,2.59,5.15,50.8,2.23,106.57
41.52,4.67,7.22,14.72,3.6,8.51,9.29,1.46,4.6,26.37,6.16,115.77
49.99,1.9,1.86,18.56,1.5,3.39,5.13,3.33,7.81,112.34,1.11,176.72
4.55,2.78,3.25,9.41,1.53,8.72,1.73,6.62,9.77,199.05,7.68,189.28
28.73,0.98,8.92,16.24,0.89,2.78,3.66,9.32,2,57.22,8.5,115.22
26.92,3.37,9.39,19.99,3.1,0.72,1.11,4.35,9.27,95.82,6.1,138.26
48.63,3.9,5.63,1.23,4.79,0.6,2.78,7.55,4.02,199.08,3.45,213.18
11.23,3.98,3.29,2.11,6.92,8.72,1.43,2.1,8.49,122.76,8.87,140.54
15.96,1.62,1.32,19.73,7.55,4.88,7.47,4.59,2.42,181.16,7.51,207.8
40.57,2.26,1.7,6.7,9.64,3.03,0.13,8.63,6.35,151.39,4.04,190.26
17.09,1.51,3.59,14.03,10,9.32,1.7,3.37,0.54,192.78,7.22,199.64
37.78,0.36,7.28,16.78,6.2,3.56,7.57,4.32,2.61,58.41,4.83,140.48
45.43,2.88,2.05,0.4,4.36,7.19,9.86,6.2,1.31,124.18,9.42,156.11
13.78,2.99,8.57,2.38,6.26,8.39,9.14,5.13,7.23,130.92,9.47,167.3
0.75,4.21,2.53,1.09,7.44,1.7,4.47,7.3,3.8,33.45,6.86,76.55
35.39,2.59,4.27,3.56,4.13,8.49,7.35,8.73,4.96,0.99,8.91,77.96
45.66,2.73,3.33,9.71,9.24,0.03,4.98,0.13,9.16,197.91,0.36,223.75
31.28,3.63,2.43,17.48,5.98,7.11,9.79,6.35,0.8,162.99,9.45,204.41
4.92,4.47,0.05,2.29,4.57,3.26,3.2,8.41,6.33,21.36,1.45,59.66
36.32,3.91,9.04,16.56,8.68,1.53,7.42,1.36,4.68,70.45,7.58,138.92
33.24,4.14,8,9.26,8.05,0.78,4.52,6.1,6.99,5.97,4.17,90.76
23.46,0.97,5.66,8.74,7.72,6.32,7.48,0.69,9.14,78.84,8.92,134.44
37.86,1.04,5.44,17.2,1.88,9.93,2.28,2.82,4.6,186.55,3.06,207.1
27.45,0.78,2.71,15.08,5.79,3.58,0.12,9.36,1.8,93.06,9.08,122.85
39.35,2.15,1.9,8.8,7,6.19,3.73,0.2,3.02,108.12,7.63,150.66
23.71,2.33,8.13,18.36,3.44,3.12,0.94,3.18,9.67,145.14,7.02,174.48
5.4,0.97,5.98,9.6,8.06,1.1,4.58,1.75,7.18,80.01,1.27,108.45
14.52,1.45,4.62,2.74,1.18,3.5,2.59,6.12,3.37,123.64,4.13,130.67
44.92,4.56,9.34,16.37,6.65,3.31,0.09,3.75,4.72,25.07,1.43,100.82
36.28,2.91,5.06,16.52,3.84,2.36,1.66,8.12,3.49,185.99,5.1,198.14
24.39,3.5,4.14,1.05,4.05,1.34,0.41,1.07,2.27,175.91,3.07,148.87
36.33,2.16,7.89,18.5,2.44,7.96,2.67,4.07,7.54,70.53,4.05,155.65
37.36,3.44,9.55,14.35,3.9,6.39,9.16,5.03,5.32,47.83,1.02,147.65
19.34,4.29,0.74,13.02,8.01,6.56,5.62,7.66,4.63,52.95,8.85,114.53
3.03,0.6,0.95,4.22,0.1,3.63,8.38,2.63,1.5,137.17,6.51,130.19
4.38,3.68,1.84,3.68,2.03,5.74,2.36,8.55,5.48,50.81,4.17,73.34
38.33,1.55,1.8,12.09,5.58,9.63,4.4,9.67,3.66,136.45,7.67,190.69
21.85,3.48,1.98,4.5,9.01,4.42,4.25,9.44,1.26,149.19,4.97,156.06
27.12,3.56,2.52,3.05,4.5,0.53,2.1,6.42,6.54,162.62,6.45,173.91
16.82,3.35,5.24,6.9,9.12,7.85,5.04,9.63,5.68,90.84,8.84,154.76
16.64,3.16,0.04,18.78,8.44,2.75,3.92,3.4,1.95,116.75,3.94,138.94
41.64,3.46,8.91,0.31,7.06,8.83,4.49,8.98,7.9,101.75,1.99,166.38
38.13,2.66,8.72,18.77,9.95,0.81,7.52,7.79,4.74,22.27,2.59,111.17
24.58,4.15,5.27,8.24,4.13,9.1,7.38,7.96,6.79,50.96,9.95,129.3
24.7,0.01,1.63,11.16,9.34,4.71,5.04,5.14,1.61,135.85,1.84,145.97
6.97,2.89,7.44,16.23,1.47,3.13,9.24,0.39,9.73,130.91,4.31,152.79
18.58,0.2,7.55,11.27,6.82,1.13,7.23,7.15,9.4,188.17,7.84,197.42
29.14,3.49,6.94,6.99,6.61,2.17,5.74,6.35,3.98,103.98,1.59,129
1.69,3.55,3.97,16.11,6.83,0.25,6.21,2.19,3.12,109.35,6.8,113.07
11.16,4.53,9.64,13.65,8.17,8.87,8.02,0.42,1.22,13.02,8.82,87.35
5.02,0.15,6.75,13.7,0.59,7.05,7.04,8.22,4,5.86,7.91,69.94
13.08,2.01,9.89,5.57,7.39,9.16,7.11,9.35,4.41,36.73,1.29,95.96
8.48,4.54,2.65,11.99,4.82,6.1,3.88,8.48,1.88,95.01,6,120.69
18.76,4.47,7.9,2.79,8.26,4.64,3.41,3.37,4.48,96.27,6.71,116.41
9.31,4.12,1.85,14.35,1.2,5.34,6.06,4.39,5.99,163.99,0.72,165.36
15.31,0.12,9.59,6.42,5.71,2.87,7.99,1.2,5.9,58.55,8.63,105.9
36.17,4.5,9.81,5.03,5.31,4.94,6.52,8.57,6.79,95.61,1.92,157.58
3.12,3.75,0.11,4.24,0.53,5.96,3.81,7.38,7.13,122.9,7.79,125.35
31.77,2.93,2.69,14.04,1.62,0.25,0.22,6.47,4.57,187.61,1.34,183.65
17.4,3.13,0.34,16.1,5.07,7.85,0.46,4.79,9.71,160.08,3.34,170.26
30.36,1.37,1.36,4.54,0.92,8.51,2.62,5,4.35,73.79,0.6,110.79
30.9,3.63,4.61,12.44,9.02,0.73,9.36,7.8,9.15,49.75,5.83,158.63
2.59,0.15,3.7,2.84,2.49,3.34,4.15,2.54,0.1,135.18,9.59,115.54
20.45,2.33,8.56,16.48,6.99,7.84,7.13,7.38,7.47,117.27,4.77,156.51
17.07,3.65,7.84,9.24,3.76,9.52,2.81,6.96,2.31,65.33,3.63,114.36
16.52,1.28,7.2,9.86,3.15,5.19,9.45,8.54,1.52,101.59,4.43,128.64
22.13,4.83,5.42,3.05,2.09,7.77,5.22,1.55,6.91,27.37,3.36,84.45
3.92,3.35,6.24,14.33,5.35,1.5,0.1,9.41,1.12,124.09,4.12,135.34
9.56,1.3,8.41,3.59,9.98,4.34,1.99,4.77,5.14,128.06,4.79,124.14
6.19,4.89,2.67,10.95,2.5,6.6,3.34,7.62,5.86,41.33,3.43,89.22
8.38,2.42,4.24,9.24,5.1,4.5,6.84,1.51,6.01,167.41,5.12,151.82
14.38,2.82,7.88,10.64,4.51,5.94,8.21,3.24,6.86,62.37,9.65,126.63
34.68,4.17,8.61,16.44,4.02,5.29,7.71,5.28,1.92,130.68,8.64,165.22
29.95,2.08,9.68,7.38,9.5,4.18,0.2,6.67,4.75,117.52,7.84,151.19
35.33,2.82,7.71,9.91,7.04,5.05,8.38,2.38,6.87,175.37,2.9,188.57
17.26,4.59,5.32,10.38,0.11,7.28,2.21,1.85,7.79,53.44,2.67,102.33
36.36,2.37,1.93,18.24,2.53,5.43,1.63,5.44,6.61,98.17,1.01,124.56
34.99,3.48,5.9,12.28,3.38,7.19,9.56,4.4,6.79,4.86,8.12,104.74
17.74,3.86,3.58,18.1,7.81,8,3.94,3.05,4.33,173.13,8.98,192.62
2.94,4.47,2.75,2.8,7.35,3.23,4.06,2.04,9.1,138.02,8.19,147.23
43.91,4.8,8.78,0.32,8.22,6.15,2.23,0.48,7,31.18,5.24,103.13
33.39,1.77,6.97,3.93,5.11,1.58,5.43,5.32,8.24,59.37,3.86,121.04
33.6,2.83,5.7,17.11,2.21,3.95,0.55,7.74,2.91,109.32,1.96,154.24
14.8,2.43,1.61,11.36,6.6,0.96,7.93,7.1,7.64,76.13,5.36,116.21
49.49,3.82,9.22,9.66,2.77,8.02,3.82,9.81,1.51,161.12,6.74,201.59
11.53,2.66,4.4,15.53,7.14,2.2,7.27,0.68,3.89,42.93,5.13,93.89
15.12,1.72,1.9,17.59,7.29,2.64,1.59,1.32,6.24,47.64,3.29,110.38
43.21,0.75,2.04,0.97,8.66,9.52,2.83,5.98,0.59,82.06,9.55,120.37
44.79,0.52,5.63,3.2,5.46,5.14,2.78,0.76,8.98,54.89,0.23,123.59
42.91,2.98,1.03,1.09,7.87,2.11,3.73,8.77,8.63,192.7,6.1,218.96
8.08,1.82,8.77,6.78,4.65,0.31,5.48,3.59,6.29,22.6,6.16,75.91
11.03,4.28,0.28,0.18,1.81,8.83,5.06,4.24,8.63,169.5,9.54,167.54
31.72,0.35,2.13,1.83,8.19,5.35,1.75,5.32,1.54,35.95,9.86,83.89
27.21,0.45,3.09,10.93,6.67,6.44,1.56,8.54,7.56,95.08,0.62,137.68
16.69,0.27,3.5,8.45,2.16,7.12,0.45,0.59,1.12,170.62,4.29,157.55
43.62,2.95,6.52,12.82,8.12,7.35,3.23,0.71,0.73,125.95,7.5,161.07
18.06,3.12,4.51,4.04,1.7,8,1.08,3.41,7.94,90.23,4.56,118.06
1.09,2.73,4.78,19.56,9.53,7.67,9,2.39,1.71,189.86,2.67,183.39
38.76,4.09,1.52,11.45,5.06,9.93,5.14,3.21,2.82,184.31,1.21,208.24
29.46,0.39,2.92,10.63,7.75,6.87,8.65,2.33,8.93,21.47,7.16,108.17
20.14,1.76,6.36,8.33,8.17,2.51,1.39,3.25,1.86,2.28,0.67,59.09
27.75,3.92,1.54,11.95,1.75,8.61,8.4,5.88,1.72,62.78,4.37,128.42
4.63,3.21,7.47,4.41,7.86,5.22,8.76,10,7.35,96.62,7.16,150.93
6.56,2.1,7.39,5.89,8.96,4.84,2.85,4.03,7.63,174.56,5.53,194.07
18.26,2.1,6.03,5.73,3.9,9.68,8.33,8.94,4.62,12.9,9.99,86.2
39.61,2.74,8.77,7.29,0.11,7.37,3.65,4.47,4.45,91.36,9.8,140.86
40.31,0.74,0.9,14.93,4.63,7.55,1.76,8.36,3.12,127.49,2.33,175.61
4.87,4.24,1.68,8.87,1.49,7.78,9.98,0.33,8.56,165.69,6.57,166.52
24.38,3.67,9.39,3.76,5.12,1.25,4.36,1.49,5.35,54.62,1.59,75.67
4.8,3.76,1.37,17.25,9.24,3.91,9.74,8.89,7.09,25.4,4.48,108.52
0.5,1.62,7.8,11.52,1.92,0.06,0.23,8.88,0.35,176.53,3.41,154.26
6.46,2.4,7.41,17.8,3.85,9.43,4.79,8.23,7.96,97.3,7.38,148.59
28.79,4.66,3,12.41,8.51,3.51,9.83,0.02,9.14,105.57,1.2,175.51
27.57,0.08,4.22,9.35,1.49,2.05,9.71,2.62,2.01,48.11,0.67,86.51
24.87,0.5,7.69,10.01,4.05,9.61,2.93,9.28,3.46,47.24,8.09,124.29
36.34,4.58,4.38,3.46,2.31,9.42,8.1,0.5,1.03,178.49,6.53,188.05
48.04,2.94,6.9,16.32,7.34,5.62,5.95,2.83,2.63,188.51,7.62,222.13
0.34,2.45,5.54,11.46,2.61,6.31,7.19,3.28,7.65,137.49,7.68,154.27
14.77,1.89,1.97,15.01,6.67,8.78,0.98,9.34,6.11,31.9,1.6,98.63
43.56,4.32,5.64,3.86,9.45,2.1,4.98,7.09,8.47,194.3,1.34,210.56
44.12,2.15,3.84,1.7,4.68,8.46,8.96,8.69,9.22,69.89,5.13,164.88
30.15,2.39,6.22,17.38,4.16,6.39,3.84,0.35,6.28,168.52,0.23,173.4
15.99,2.63,3.13,19.01,2.37,5.15,7.26,1.51,0.79,91.01,2.11,107.14
45.45,0.93,5.43,14.42,3.87,9.13,1.95,4.19,8.93,27.49,4.54,121.75
42.64,2.91,8.58,2.07,3.1,8.69,7.15,3.34,1.07,126.87,6.22,131.88
48.55,2.55,8.4,14.76,0.41,4.06,4.13,5.14,2.46,0.91,9.98,97.59
46.44,2.68,0.17,9.48,7.74,5.23,6.22,2.04,2.87,54.44,8.22,110.69
0.91,4.34,8.4,12.38,1.65,8.87,8.28,1.97,1.73,188.47,7.4,162.25
40.42,3,9.87,1.56,2.91,4.54,7.11,7.2,5.97,56.28,9.71,137.92
10.83,3.4,6.87,16.93,2.28,7.64,4.08,9.82,0.91,145.63,1.92,167.96
48.91,0.26,9.23,18.67,5.75,4.77,5.34,5.63,1.72,71.08,7.09,136.96
47.56,2.75,4.67,13.92,0.12,8.58,5.67,6.01,0.99,74.77,9.86,143.52
17.98,3.03,6.16,11.35,3.95,6.49,1.39,9.23,8.2,182.49,9.96,196.63
5.37,4.7,3.78,16.78,2.28,4.29,0.3,3.42,6.79,62.07,3.4,84.24
6.27,1.47,2.54,6.8,9.88,6.79,8.73,2.04,6.87,14.29,6.28,75.3
1.05,4.44,3.77,8.78,1.1,1.58,6.77,3.53,8.43,58.55,6.39,115.75
4.97,2.1,5.72,17.77,5.34,6.52,7.65,2.23,3.41,16.17,1.52,81.34
47.96,4.57,6.99,2.8,1.18,6.58,6.67,7.84,7.95,80.67,0.04,163.63
12.83,3.22,6.85,10.93,5.92,9.39,7.91,6.24,9.15,169.55,6.44,198.1
28.41,3.77,8.05,17.47,8.29,6.64,0.78,4.67,9.04,130.42,9.55,193.21
42.81,4.49,3.25,6.08,5.78,1.61,4.8,0.12,9.87,84.07,0.03,128.26
25.28,1.82,3.76,14.51,4.11,5.38,4.96,7.77,2.92,147.17,7.65,170.87
27.56,3.3,1.8,13.09,1.87,3.48,7.55,4.44,8.32,119.38,7.32,160.65
20.08,0.36,7.2,0.87,4.67,6.64,1.29,9.19,6.57,191.01,9.89,196.19
12.31,1.62,0.67,10.27,4.42,8.86,8.5,0.42,9.16,59.28,9.66,106.83
48.52,3.67,4.62,11.11,1.52,7.18,2.49,2.32,9.86,146.5,1.28,176.5
3.15,1.1,2.63,11.65,5.43,9.4,6.08,4.56,7.96,73.38,9.28,105.94
24.23,4.61,3.31,15.77,4.06,0.98,8.23,6.75,5.21,101.63,6.86,168.07
42.41,4.75,6.65,3.5,2.56,6.27,4.27,6.93,9.08,26.41,2.52,124.07
19.57,1.72,8.27,12.5,8.09,2.05,9.18,7.12,0.28,35.66,3.27,97.61
41.7,3.41,0.06,0.97,3.36,7.43,2.77,7.44,7.76,174.51,0.06,198.39
0.03,2.42,4.64,17.48,5.26,7.77,5.98,3.54,4.76,96.82,0.09,128.38
46.7,3.43,3.43,16.35,8.52,0.59,0.07,8.29,9.11,106.91,3.81,160.19
3.69,2.23,6.13,16.4,4.54,4.16,8.25,6.9,7.47,120.11,9.78,138.49
37.11,0.38,8.54,8.96,8.89,1.12,8.99,1.93,3.64,33.2,2.96,111.71
41.72,0.54,2.45,4.31,3.64,7.4,4.48,4.81,9.18,112.48,3.11,144.89
49.08,2.38,4.68,12.67,9.35,1.52,9.1,5.68,8.71,138.64,5.5,199.48
17.83,3.03,3.17,11.86,4.72,4.27,5.64,6.37,1.34,23.79,5.62,96.27
40.3,3.24,9.12,4.76,2.41,1.95,1.15,8.27,3.03,119.97,8.24,163.2
19.22,4.8,6.82,19.77,7.46,8.36,8.64,5.99,4.78,69.52,2.57,131.55
12.2,2.07,1.84,8.96,3.3,3.8,2.39,9.13,2.48,8.51,8.59,63.08
40,4.11,8.9,8.56,4.4,9.95,4.29,1,8.73,84.61,8.39,144.22
1.27,2.76,7.87,18.74,8.14,7.76,9.78,9.72,5.45,119.8,9.37,167.88
25.54,0.42,8,18.84,5.4,7.83,9.83,0.13,9.23,30.92,5.88,116.35
28.45,0.24,5.89,0.37,7.87,7.23,1.48,3.16,7.68,103.25,1.85,124.51
35.35,4.51,0.1,17.47,8.73,6.1,7.02,2.3,6.66,146.75,7.71,185.81
33.13,2.34,4.15,10.28,7.76,9.9,8.08,1.98,2.49,63.09,6.5,112.72
39.39,4.24,9.64,15.63,7.97,6.35,6.54,3.42,9.1,98.87,4.79,172.5
43.39,2.86,2.32,1.92,5.19,2.87,5.81,2.88,0.41,25.56,2.96,96.11
17.33,1.93,5.94,3.16,2.71,5.15,1.79,1.74,2.57,61.13,9.45,85.95
5.49,4.73,5.1,10.01,1.4,4.62,5.71,9.79,0.27,90.96,5.23,114.23
48.18,2.08,3.04,6.27,6.1,2.78,3.11,8.31,3.26,155.81,7.02,174.48
15.83,3.33,0.38,1.49,7.59,5.49,7.01,3.14,5.56,99.04,7.33,110.71
38.38,1.24,3.54,4.89,7.28,4.44,4.33,0.83,5.37,30.83,9.34,93.37
46.62,4.38,3.27,7.26,0.37,9.4,6.75,0.89,9.84,118.62,4.85,165.77
3.7,1.64,8.55,0.99,1.49,3.94,2.55,1.94,4.38,168.65,8.3,126.84
16.99,1.89,6.96,0.84,4.87,1.17,1.11,4.67,0.81,101.19,9.4,99.19
23.34,0.72,9.38,1.14,8.23,5.18,6.7,2.36,3.64,44.94,6.32,90.83
17.41,1.11,5.92,5.15,9.73,3.92,2.23,8.16,5.5,197.32,1.98,198.14
40.66,1.68,7.67,6.96,4.2,3.77,4.54,6.07,8.97,92.86,6.13,145.43
24.02,2.31,9.86,9.52,3.46,2.8,4.18,7.41,3.45,170.85,4.21,175.56
23.43,0.04,4.11,7.11,6.6,2.13,7.59,1.58,2.94,162.56,7.67,178.95
46.13,2.84,2.29,9.63,5.32,0.01,6.08,5.16,4.46,12.21,8.61,104.78
9.35,0.99,4.19,13.69,0.87,5.31,0.8,3.14,8.52,64.83,9.62,81.72
34.45,0.45,7.74,2.44,3.21,2.38,1.33,1.57,3.72,144.86,7.76,153.94
32.21,0.99,6.85,4.58,0.22,8.41,9.43,3.75,9.52,46.78,0.34,109.99
11.5,2.66,6.86,4.41,6.22,5.59,6.63,7.25,7.16,104.09,3.83,137.79
4.85,0.22,0.23,18.17,1.69,1,6.89,1.49,3.73,95.17,4.28,124.21
22.72,2.42,1.99,15.84,9.59,1.51,6.08,6.23,0.26,85.14,4.75,131.04
3.46,2.79,5.47,9.85,2.58,9.94,4.58,8.26,2.81,6.45,7.77,51.67
20.96,1.46,9.5,5.41,9.04,4.96,5.61,0.65,7.6,169.4,9.56,177.59
27.79,0.91,1.64,19.73,0.53,9.72,2.75,4.75,7.73,46.66,2.88,125.31
35.4,4.06,1.49,4.01,8.87,1.33,4.29,3.42,2.81,9.7,3.94,66.53
36.06,4.49,7.75,13.77,3.2,3.21,6.71,7.55,2.25,155.56,1.69,176.64
37.6,2.94,5.68,19.33,7.42,1.13,7.3,5.06,9.95,117.12,2.13,164.5
32.15,0.63,8.06,15.13,5.59,0.32,5.83,1.59,3.66,29.07,9.62,84.83
11.81,2.27,0.96,10.4,1.65,3.78,0.96,7.4,6.08,41.48,5.55,84.93
18.31,1.49,6.05,13.5,7.59,2.75,5.2,9.2,7.09,196.23,7.96,233.81
25.85,2.59,6.72,18.23,8.77,7.29,5.35,3.83,8.89,0.09,3.18,94.94
0.51,3.38,3.82,15.63,6.73,1.88,0.05,0.86,2.13,68.35,9.97,77.87
23.93,1.03,2.75,15.83,0.48,5.25,9.87,0.43,5.48,70.13,9.11,119.19
29.36,2.49,4.46,0.19,8.12,0.17,1.18,2.7,1.79,3.45,8.37,44.78
14.55,4.84,8.64,12.11,9.87,7.98,7.55,1.57,3.77,116.94,4.79,158.22
23,4.86,5,8.55,2.6,5.39,6.91,1.46,1.12,136.53,9.25,133.67
16.81,2.38,1.01,4.31,8.75,6.36,6.96,2.45,8.38,78.81,2.91,115.85
2.81,4.92,6.18,16.05,8.69,6.36,3.3,3.06,9.18,116.56,2.97,151.63
22.1,3.86,1.01,14.97,9.62,6.37,7.49,4.32,7.56,199.27,8.13,208.63
31.4,4.31,4.66,12.68,5.53,1.71,8.61,7.04,5.85,33.05,7.01,132.57
19.8,0.9,0.54,0.66,1.66,6.83,8.02,3.41,1.68,162.4,0.69,140.68
40.7,2.03,1.54,19.27,1.86,5.69,4.76,3.4,2.47,131.05,9.03,179.64
4.85,1.72,9.01,6.35,7.85,8.31,2.81,2.86,2.1,5.15,6.14,55.47
35.4,4.05,2.6,5.13,4.81,9.8,6.68,6.82,4.28,118.04,0.06,160.62
47.17,2.44,1.32,5.03,0.19,6.49,5.99,5.58,4.77,181.16,4.97,213.83
16.9,2.67,4.04,3.84,4.44,9.26,8.3,9.03,2.05,198.98,2.22,186.02
3.67,1.94,7.13,3.62,1.06,4.95,0.56,3.65,7.64,178.01,9.12,160.21
12.39,4.04,0.08,9.89,5.76,3.31,1.84,8.64,8.94,116.47,0.2,146.91
0.15,3.68,8.86,12.56,3.35,8.63,8.21,5.18,5.17,92.73,1.88,123.78
9.08,4.98,6.12,18.15,0.7,2.22,5.04,9.07,4.95,178.07,5.02,186.99
7.48,1.81,0.31,5.46,2.58,9.12,1.48,7.65,2.76,85.2,4.63,114.9
21.4,1.08,4.07,3.02,8.85,3.1,2.33,7.35,0.97,89.73,0.12,113.33
2.81,0.58,8.74,7.64,2.03,2.79,1.51,6.76,2.76,198.97,1.26,162.71
23.28,4.59,8.2,16.17,4.62,0.23,1.69,3.85,9.72,6.43,1.79,85.78
28.5,1.71,0.6,13.03,7.25,6.11,2.53,9.27,2.52,87.36,4.11,131.26
49.38,3.89,8.63,1.91,1.81,0.27,8.06,3.62,3.5,63.38,1.3,131.66
29.91,1.15,7.8,4.75,8.42,4.36,6.18,4.96,7.66,7.84,9.16,106.92
20.19,0.65,1.14,14.91,1.69,8.65,4.34,1.97,3.59,37.93,5.5,94.94
14.94,3.31,3.51,13.59,5.02,3.53,5.39,5.99,6.37,140.11,7.77,193.08
30.38,0.61,0.13,8.81,5.68,6.63,5.45,2.17,7.92,138.04,4.16,170.56
21.19,0.08,4.44,10.94,5.2,3.33,0.02,9.03,1.75,62.88,7.94,101.91
14.43,3.14,4.43,3.75,3.83,2.38,5.99,9.71,8.95,41.4,0.68,86.84
46.21,2.28,8.11,11.84,9.51,7.01,9.88,7.51,2.49,188.12,9.8,223.36
40.64,1.78,2.25,19.51,7.48,1.54,9.67,7.07,5.74,175.03,9.43,216.22
3.75,3.55,3.86,2.65,4.76,4.93,3.87,6.03,3.27,134.07,4.08,147.87
30.81,1.41,3.23,11.32,7.06,1.08,5.8,4.73,4.4,158.85,2.17,165.63
41.2,1.72,5.95,12.63,4.1,0.95,9.24,4.63,5.48,128.84,4.73,183.57
14.45,2.7,8.52,18.99,4.2,8.45,6.82,2.61,6.95,175.49,1.7,189.84
48.71,4.18,2.66,17.15,1.21,5.57,3.75,5.31,5.67,193.53,1.55,226.62
36.13,3.75,8.78,0.42,4.02,6.05,0.79,8.4,4.05,59.4,8.26,99.71
14.2,3.47,1.95,10.87,2.99,0.98,9.23,5.68,3.91,88.87,3.58,129.75
24.49,3.24,6.54,19.58,3.1,0.7,0.1,6.47,9.16,199.12,1.58,209.52
24.77,1.76,4.12,13.4,7.62,5.79,3.3,9.29,3.02,126.15,6.21,161.64
17.6,1.45,2.99,7.76,6.46,9.4,7.34,9.37,6.25,13.01,0.14,86.04
12.73,1.24,2.46,9.68,2.86,8.93,9.57,6.67,9.69,161.25,4.19,192.26
19.18,0.11,2.36,7.71,6.29,0.12,9.74,6.2,1.64,11.51,3.73,58.59
7.56,3.48,9.02,11.03,2.63,2.87,8.52,6.02,3.02,25.31,1.8,74.4
23.26,0.55,6.51,19.58,9.79,3.69,7.87,8,2.8,178.02,0.97,203.5
36.13,1.45,9.76,16.95,3.7,4.29,0.65,5.28,1.5,148.96,6.19,171.49
16.98,2.34,0.99,12.13,0.75,3.98,1.76,7.23,0.52,25.59,6.39,75.83
15.93,2.76,9.63,12.39,8.05,5.54,6.1,8.09,4.12,132.31,6.17,168.41
34.54,0.94,3.68,17.23,1.03,4.76,3.45,5.23,2.5,66.76,8.48,121.32
40,3.43,8.05,3.44,2.54,5.6,8.85,6.15,4.99,94.2,1.45,141.89
35.78,2.62,1.84,12.29,0.51,4.61,8.74,2.92,7.69,195.44,9.47,210.38
35.77,1.66,7.25,16.42,7.79,6.86,9.2,0.9,5.19,78.37,2.83,158.42
37.08,4.97,7.29,18.59,7.31,4.08,7.63,7.1,9.66,158.61,2.41,207.63
6.36,0.61,9.4,9.92,4.48,0.86,8.05,6.1,9.69,109.45,6.18,131.3
42.26,3.07,3.7,5.87,6.66,4.7,6.77,6.75,4.05,31.97,2.9,104.96
22.64,0.67,1.99,4.05,8.59,4.39,7.11,7.31,1.54,139.81,7.48,151.16
38.04,1.33,4.04,14.09,9.23,6.98,7.34,7.17,0.22,152.2,4.59,179.33
19.62,4.95,9.33,15.19,5.14,1.25,9.1,8.68,6.9,71.59,7.43,146.56
9.05,0.35,9.82,6.78,5.91,8.6,4.11,8.84,2.17,84.66,5.77,136.74
35.45,2.64,7.75,6.57,8.77,8.03,8.43,4.99,9.14,147.38,3.03,207.95
14.78,0.81,4.31,2.15,9.52,3.94,6.01,4.62,8.79,77.53,2.17,105.78
8.2,3.67,9.82,15.99,1.55,4.87,8.8,1.04,7.19,149.25,6.59,170.55
0.75,0.64,7.04,10.94,3.8,6.41,8.75,1.61,6.02,131.22,6.29,137.1
11.95,3.32,9.35,3.39,3.23,3.12,9.08,5.85,8.41,93.38,5.68,138.16
5.32,3.28,1.62,4.4,6.83,5.09,2.7,3.54,2.23,132.1,1.11,133
4.64,3.84,6.97,3.7,3.74,7.73,3.14,4.25,7.38,147.8,3.17,129.9
8.42,4.07,0.13,1.67,1.25,9.32,2.32,8.06,4.54,75.88,0.24,96.7
42.42,3.61,9.91,16.99,7.08,6.56,6.11,3.59,7.53,41.16,1.1,145.67
13.83,4.02,9.36,1.75,0.51,4.54,4.06,2.01,1.68,88.34,4.53,101.92
4.07,2.27,8.61,17.08,8.19,1.53,8.56,2.37,5.21,11.93,4.39,88.49
43.46,0.44,0.29,16.11,8.96,3.79,0.97,2.98,1.32,1.37,3.21,77.32
24.4,4.48,4.59,15.2,1.42,8.11,2.32,7.54,1.97,196.51,6.24,207.48
42.06,2.63,6.66,5.12,8.68,9.42,9.05,6.32,3.52,33.9,2.12,116.24
45.59,1.54,7.93,12.77,6.93,7.48,4.17,8.08,0.25,78.6,7.7,141.29
37.34,2.88,6.65,2.09,9.67,4.44,2.4,9.46,0.64,87.89,3.57,124.53
33.68,1.47,5.48,8.05,8.99,5.38,5.65,8.37,7.1,85.26,8.57,157.87
26.72,1.67,4.99,17.22,0.06,0.93,2.7,0.51,7.69,100.03,3.86,127.32
6.79,2.8,2.14,15.88,6.54,5.6,10,2.44,2.93,145.44,0.77,151.25
1.99,2.53,4.06,3.41,3.76,2.59,8.06,8.94,1.62,22.22,1.56,67.4
9.89,4.49,2.67,19.69,5.95,0.08,6.89,2.14,4.55,26.79,5.85,92.52
41.19,0.88,6.29,0.05,1.48,0.28,6.16,6.33,7.14,27.46,8.99,89.81
2.79,2,3.63,10.56,5.29,1.89,5.01,8.65,1.01,192.94,5.72,171.25
20.41,3.71,5.28,11.5,1.79,4.92,5.49,2.13,5.88,81.1,6.54,133.78
2.73,2.05,9.16,8.11,5.47,6.42,3.99,2.79,2.81,132.82,0.42,139.64
18.38,0.54,8.29,16.95,1.98,6.26,5.07,8.09,0.96,190.45,8.16,206.49
16.06,0.65,3.94,16.61,2.75,3.06,9.21,0.12,6.61,79.8,8.93,119.51
18.58,1.19,8.86,1.03,8.87,1.02,7.23,0.97,6.67,151.92,8.23,153.77
3.93,2.18,8.55,5.87,5.39,5.71,4.41,7.08,4.24,155.23,6.3,150.05
31.05,3.57,0.67,11.68,7.28,4.25,1.93,4.19,7.15,14.57,3.01,88.15
43.25,3.32,8.9,8.23,1.87,1.33,4.13,6.54,4.3,79.1,5.96,132.92
0.71,2.47,3.09,4.68,7.79,1.98,5.63,8.38,9.72,46.19,3.6,91.41
36.38,1.71,6.44,8.04,0.72,1.86,6.75,4.01,1.48,42.74,9.28,102.77
9.96,3.06,4.95,0.15,8.82,4.65,3.31,6.28,1.91,31.3,0.91,86.22
9.26,4.87,0.54,18.23,7.02,8.18,7.69,7.26,2.52,134.55,7.26,163.83
16.59,0.05,9.61,13.87,2.77,4.04,3.83,7.82,5.04,33.76,6.2,117.56
6.58,1.71,3.96,8.19,9.04,4.78,8.28,2.18,5.45,158.05,1.57,176.15
10.16,1.35,4.47,8.69,0.11,2.23,7.63,2.67,8.76,167.12,4.33,155.8
42.84,3,6.43,8.62,9.27,6.44,1.74,4.9,9.16,42.59,0.35,119.59
21.52,0.14,2.78,4.89,7.61,3.99,8.15,6.41,5.02,191.99,1.1,180.79
22.33,2.14,9.59,6.66,4.99,4.27,7.41,4.79,6.35,166.16,1.36,174.6
26.93,1.02,8.67,16.71,4.12,3.84,0.1,3.93,6.58,23.7,9.12,88.79
10.13,4.76,9.81,14.59,6.86,6.92,9.84,1.12,1.52,86.07,3.94,132.67
42.82,4.99,8.17,13.3,4.7,4.73,2.77,5.21,0.76,0.24,2.95,95.64
30.73,0.58,5.69,7.62,3.28,7.53,7.63,6.29,5.16,99.79,9.85,154.57
29.99,4.39,2.06,7.29,7.39,3.41,5.64,8.02,5.27,19.14,7.39,97.64
9.02,1.37,6.07,7.76,5.42,1.66,1.25,0.7,9.43,23.65,6.36,56.71
25.41,2.01,7.73,9.91,0.19,8.74,7.86,8.41,5.03,43.31,0.71,93.06
38.15,3.28,7.51,2.92,0.42,0.41,1.72,1.27,8.64,26.62,6.09,94.76
29.25,1.08,1.84,9.01,5.22,5.55,2.79,2.62,1.71,81.5,4.1,130.39
48.99,0.91,8.23,10.36,7.2,8.71,9.98,8.14,9.77,106.54,4.26,184.8
17.37,0.61,0.58,8.22,3.03,1.08,6.7,6.73,3.24,113.11,9.96,135.61
21.92,4.19,9.74,2.21,4.33,9.92,8.98,6.32,2.97,27.52,4.1,105.83
26.2,3.59,3.01,0.15,1.77,6.92,3.9,6.61,3.58,57.73,2.69,80.98
42.85,4.5,7.77,3.87,1.37,6.48,1.94,4.88,2.06,38.61,7.88,111.35
34.31,2.79,5.73,8.84,6.79,2.25,4.74,2.61,6.97,62.67,9.57,121.05
18.66,2.91,8.33,11.45,3.24,5.44,0.25,4.69,5.3,192.63,6.45,203.55
45.61,2.03,4.64,9.66,8.39,3.07,0.88,2.17,9.87,57.18,7.03,130.95
17.41,3,1.29,12,3.26,3.31,9.24,7.79,4.94,19.83,1.16,87.84
6.22,3.26,3.54,15.75,7.71,9.72,7.31,6.84,6.94,100.37,8.68,153.67
40.68,3.66,0.46,17.94,3.78,6.67,0.76,1.87,1,187.59,7.01,202.9
43.84,0.38,9.69,18.07,8.21,8.59,2.15,9.39,3.34,99.22,5.26,166.93
23.25,3.26,5.97,12.45,8.52,3.17,2.08,5.12,9,4.65,2.51,90.29
21.61,4.79,3.44,19.52,5.47,7.63,7.31,3.19,0.31,30.5,2.08,104.43
1.81,2.69,5.18,0.61,5.32,4.27,4.24,8.55,3.7,93.21,3.57,95.8
39.82,4.69,3.22,2.56,8.42,8.01,2.13,7.19,3.72,81.08,5.51,135.42
10.81,4.84,7.46,0.87,9.49,2.73,1.08,7.11,3.28,152.41,4.33,175.88
37.54,0.33,9.12,5.97,1.39,7.59,3.69,9.47,0.96,107.42,4.39,148.99
1.39,3.7,7.06,11.32,2.81,3.44,9.75,4.57,9.14,181.05,5.86,176.47
11.1,2.41,5.32,0.39,8.3,5.84,7.99,2.75,9.9,158.07,9.96,178.29
21.18,0.51,4.26,7.01,8.24,7.13,1.11,7.92,3.75,60.81,2.8,107.06
1.43,4.64,3.14,14.62,6.2,6.22,9.91,4.75,9.17,122.57,7.62,162.35
19.14,0.39,3.53,1.4,4.92,5.53,6.2,6.64,1.88,172.11,0.34,161.96
25.16,4.87,4.86,1.06,7.98,2.79,4.73,5.4,7.59,41.43,1.53,101.89
47.23,4.32,1.68,10.91,8.85,7.65,7.33,0.76,6.26,20.74,7.51,135.15
1.28,1.6,2.19,7.17,0.26,8.05,3.49,1.06,8.4,19.18,7.51,71.87
15.73,1.31,1.28,5.1,2.59,8.27,2.16,2.69,5.88,9.17,6.53,61.6
44.87,2.79,1.45,11.27,7.48,6.42,1.99,3.45,5.76,116.87,9.83,176.76
46.71,2.73,9.63,9.82,4.95,3.78,5.78,7.91,0.27,110.69,9.65,161.64
31.35,4.46,3.46,0.46,0.12,6.3,6.11,7.61,7.39,110.6,9.54,160.1
9.59,4.65,9.3,17.92,2.32,2.53,6.95,8.32,4.64,79.71,5.43,148.67
6.76,3.76,2.63,2.45,0.19,1.87,4.5,1.89,3.91,94.33,3.44,110.65
36.48,0.47,3.31,18.23,4.14,2.29,1.61,9.49,2.13,6.79,9.25,100.12
35.46,4.82,9.67,9.22,8.7,2.43,4.3,4.3,3.84,74.34,8.01,135.49
46.42,3.23,0.76,6.5,1.82,2.4,2.53,1.38,4.07,116.42,1.62,138.27
33.07,0.56,1.98,13.13,4.42,7.44,5.93,0.27,1.82,119.48,2.65,155.69
27.91,1.84,1.17,5.1,0.08,7.07,6.25,9.93,8.24,48.36,3.51,117.63
12.48,2.99,3.07,19.88,0.07,1.34,8.66,0.17,5.81,163.94,1.17,153.85
35.16,3.54,2.29,1.21,6.18,7.8,7.27,8.83,4.31,14.5,6.07,110.69
8.14,0.48,3,9.56,1.83,0.54,3.32,3.75,4.05,29.89,3.17,46.67
36.37,0.32,8.42,14.91,9.38,3.1,0.17,4.05,9.06,33.3,9.63,123.32
10.96,0.57,1.48,7.07,4.09,2.26,3.73,0.63,4,64.4,8.32,64.14
2.38,3.66,2.77,3.84,2.58,3.27,3.38,9.28,1.99,194.81,6.05,168.26
7.63,4.27,0.61,18.82,4.77,0.17,1.28,6.61,0.48,143.7,9.35,156.31
49.8,0.8,2.04,3.91,6.6,9.44,6.62,8.39,9.84,6.85,4.95,104.66
20.65,0.46,7.59,13.98,2.58,5.74,5.34,0.99,9.95,17.81,5.2,86.32
43.91,1.02,1.91,15.47,7.14,1.75,1.71,3.83,5.05,170.72,1.02,189.51
22.08,2.13,9.78,5.75,8.32,8.26,7.56,8.64,9.76,186.47,6.48,228.83
28.88,0.18,6.76,6.03,4.3,1.98,1.16,8.56,7.84,115.57,9.15,135.41
33.67,2.44,4.38,6.18,3.89,6.82,9.61,3.52,4.48,115.13,7.26,153.94
2.08,3.4,6.48,7.54,5.93,6.5,0,9.66,5.77,53.02,7.25,83.09
23.63,3.29,0.61,19.76,3.96,7.77,3.74,1.05,6.11,123.87,5.79,155.31
49.33,2.32,0.18,7.09,4.83,7.85,2.66,6.55,7.05,140.76,6.91,163.63
18.84,2.39,6.69,16.22,5.36,8.75,2.92,5.09,9.27,125.04,7.24,154.72
12.6,3,2.24,6.11,1.11,1.01,8.2,2.58,2.28,184.01,5.86,175.54
18.84,0.91,6.09,12.77,6.13,2.56,1.1,1.33,4.54,166.83,8.76,173.83
2.01,1.11,4.25,9.44,2.61,7.26,8.72,10,0.81,160,9,159.84
39.57,2.25,0.07,0.65,2.96,0.04,4.59,0.97,1.12,131.43,8.58,134.47
31.77,4.74,8.66,9.72,2.23,9.28,4.42,9.83,5.77,54.23,9.22,137.98
46.02,1.41,5.3,10.01,3.58,8.83,0.44,6.05,6.95,195.79,4.38,216.72
22.44,2.38,1.33,3.89,8.62,3.36,9.79,9.77,1.1,126.78,2.31,148.26
39.54,1.39,1.45,0.4,4.44,2.7,4.37,2.21,4.09,38.12,4.87,93.74
39.8,0.73,3.41,8.94,3.57,2.58,7.24,2.17,6,18.67,3.36,103.48
10.93,3.32,1.98,15.49,6.61,1.63,6.39,5.74,5.17,165.37,5.65,186.08
32.57,2.31,4.09,6.42,2.04,6.53,4.06,8.86,5.15,54.06,3.69,101.19
26.08,0.61,0.58,16.43,7.08,7.75,1.24,6.98,2.99,20.57,6.1,95.05
0.96,4.21,0.63,19.58,6.11,9.14,3.47,3.43,4.72,75.81,2.63,114.26
38.57,4.92,2.92,15.13,7.32,6.8,6,2.21,0.22,44.48,0.64,123.23
43.11,4.65,4.4,8.4,5.37,0.48,7.4,9.95,7.71,165.84,1.52,211.31
19.72,0.33,5.57,11.69,8.94,0.32,4.13,8.67,5.05,149.4,4.48,173.91
37.98,3.21,9.63,1.4,5.92,2.38,7.97,2.74,1.93,91.9,1.96,127.07
35.69,3.57,6.24,8.13,9.35,3.14,9.89,8.2,7.59,173.64,6.69,229.7
2.21,0.63,8.12,14.85,6.12,6.63,3,8.58,1.46,142.21,0.43,162.68
26.21,2.21,6.57,18.37,2.12,8.19,6.29,1.33,9.54,174.48,8.88,190.87
16.94,4.28,2.65,5.65,3.87,2.29,2.58,8.31,7.04,110.58,5.51,142.36
43.03,4.92,9.07,15.24,2.41,3.18,5.92,6.29,8.34,107.58,1.54,196.79
8.72,3.41,4.85,10.75,4.84,9.21,8.25,6.28,9.06,35.08,8.82,107.56
22.09,4.29,3.74,0.57,6.42,2.65,4.8,5.44,9.17,197.74,7.53,196.84
41.55,1.68,9.61,8.9,8.83,6.57,2.95,7.09,1.67,13.79,4.69,112.49
47.22,4.96,6.57,17.5,8.17,5.55,3.09,2.49,0.3,75.53,3.13,156.65
13.38,4.94,3.16,12.42,4.88,5.53,7.19,4.67,9.5,75.25,2.35,141.52
16.63,3.99,5.44,19.71,3.19,1.44,1.53,1.13,6.58,61.55,2.13,113.03
10.24,0.66,7.52,15.11,6.45,4.7,2.4,6.83,3.81,108.37,4.03,137.52
30.59,3.19,6.9,18.12,9.19,5.79,3.99,1.76,5.25,151.9,4.14,175.54
23.76,0.54,2.22,0.49,4.6,2.44,1.93,6.99,6.36,85.99,6.77,99.79
40.02,2.97,1.93,18.44,6.72,8.26,6.15,7.36,8.21,63.53,8.91,167.12
46.47,3.62,8.68,8.37,5.61,3.9,8.39,3.66,1.87,177.84,8.13,212.12
1.27,2.19,9.69,10.41,1.42,5.24,3.48,1.82,1.5,45.58,8.86,82.96
45.8,1,5.47,7.91,0.5,7.34,5.11,5.51,2.11,50.49,8.81,89.83
39.01,4.31,0.32,0.61,8.93,2.79,4.63,7.63,0.99,125.5,2.43,137.54
48.48,2.39,1.34,18.76,4.36,3.58,7.22,5.51,9.47,81.82,3.18,164.84
4.69,3.02,1.44,3.75,2.89,6.74,2.53,2.25,5.03,194.79,8.02,184.22
7.64,4.45,5.56,10.74,5.19,3.57,3.04,6.91,3.52,159.34,3.33,176.52
11.89,4.07,2.84,12.93,9.66,1.89,6.54,6.16,8.39,92.67,6.56,133.03
1.59,4.8,9.17,18.49,5.25,8.17,4.9,7.96,2.08,72.58,7.49,122.98
5.08,3.85,6.84,1.24,3.35,5.11,8.97,1.45,0.51,74.8,8.95,85.99
1.25,3.52,1.55,10.05,5.67,8.22,3.32,3.56,5.29,101.25,2.29,125.61
1.99,1.14,1.31,18.98,6.06,3.74,7.78,8.92,7.71,68.97,1.99,134.83
45.78,0.37,9.89,4.27,8.52,2.34,8.28,7.02,2.39,81.81,7.47,143.67
26.2,2.14,8.57,0.22,7.58,7.18,5.34,1.32,6.94,110.12,1.72,158.52
47.77,2.57,9.68,9.1,9.45,2.96,1.59,3.34,6.63,52.13,9.06,144.47
33.02,3.67,2.27,14.11,1.12,8.27,2.91,9.15,6.41,10.6,7.98,107.82
31.11,2.25,2.95,10.73,8.41,1.89,5.06,5.86,5.03,142.75,0.93,180.64
28.3,1.9,5.17,6.42,4.52,4.81,9.03,3.6,3.4,148.07,5.55,172.42
20.21,0.85,5.71,13.94,2.38,8.76,7.73,7.46,9.83,63.96,3.39,120.76
32.83,3.1,6.05,16.37,6.53,9.47,9.18,0.26,9.05,166.07,4.4,213.36
13.24,4.18,1.18,10.44,6.43,4.57,7.63,5.82,7.54,12.94,4.42,73.36
34.74,4.34,9.36,14.04,3.38,1.98,9.4,9.63,9.99,8.56,7.79,108.99
9.92,4.83,7.55,11.91,3.71,1.11,0.64,6,8.12,138.98,1.93,157.05
49.61,1.36,0.39,7.71,9.41,7.63,1.61,6.19,8.57,119.23,4.74,176.05
22.48,1.51,1.78,11.16,1.64,3.03,0.35,3.71,2.07,57.8,2.63,75.62
20.4,4.95,1.39,2.07,9.08,4.97,5.44,4.84,3.89,83.05,2.07,118.47
15.9,1.14,4.67,4.69,4.17,5.26,4.02,2.8,2.26,143.68,8.42,148.61
17.78,0.05,7.87,19.64,7.57,5.03,4.14,7.44,5.13,37.91,3.55,107.98
0.01,3.29,1.71,6.33,8.29,8.83,4.99,3.7,6.55,21.83,5.94,74.77
27.99,1.95,3.15,13.18,7.23,0.99,0.16,0.77,4.1,145.92,5.15,171.38
12,3.75,3.16,12.17,4.92,8.03,3.47,7.54,1.81,117.64,6.62,146.57
17.61,1.73,8.58,16.86,9.48,3.84,9.19,0.7,1.57,114.75,9.1,161.32
30.64,3.63,0.99,17.59,0.32,3.45,4.09,7.87,5.18,28.87,0.95,116.61
12.84,3.57,8.32,15.31,3.67,3.85,1.46,8.88,2.78,178.76,8.24,194.36
19.36,2.68,8.87,14.84,2.36,4.41,9.92,2.36,0.4,2.64,7.9,86.96
44.08,3.84,0.49,16.65,0.37,8.6,4.04,2.1,3.11,136.33,2.39,154.52
29.34,4.66,8.61,16.65,6.86,6.34,6.72,9.28,7.01,99.51,7.32,176.81
42.65,3.24,8.96,5.21,3.9,9.47,9.78,0.01,8.18,92.49,5.88,159.42
2.69,4.63,6.64,19.63,5.86,8.86,5.72,1.26,2.64,100.46,2.18,119.03
41.72,4.42,8.15,19.57,6.66,0.74,9.2,1.79,4.62,39.36,1.49,131.31
48.58,0.58,6.54,8.48,1.46,2.33,5.58,7.58,3.2,185.19,5.89,194.99
37.84,2.02,4.92,8.59,7.13,1.56,8.76,4.94,0.14,175.26,5.93,184.22
42.14,0.77,1.39,3.88,4.65,9.02,8.25,2.38,2.91,89.74,6.9,139.92
45.33,3.14,2.23,18.07,1.71,6.68,1.45,3.11,0.59,34.73,2.53,112.78
10.42,1.91,8.31,11.04,9.89,1.15,7.87,3.28,4.49,55.69,8.44,109.58
7.14,4.71,3.98,10.61,9.55,6.53,1.77,4.26,4.47,163.66,2.45,146.7
45.23,0.49,5.29,13.44,0.8,0.83,1.44,2.92,4.51,182.67,7.99,183.35
4.26,0.62,7.1,1.92,0.46,1.42,7.68,3.62,1.93,58.19,8.7,81.19
47.63,4.32,0.91,3.43,5.2,2.73,3.82,4.61,8.13,189.66,2.14,230.99
39.75,2.11,4.63,17.04,5.14,8.43,3.95,3.43,6.38,79.35,4.11,151.92
30.41,1.94,1.26,16.02,0.05,7.84,2.24,0.39,5.81,127.68,1.92,145.94
1.2,3.72,0.58,13.17,0.78,4.23,7.1,7.74,8.22,199.32,2.99,188.58
48.48,1.26,3.65,13.83,0.57,5.22,9.88,1.14,6.2,197.6,6.5,214.78
22.76,4.53,6.01,11.04,6.84,5.12,5.8,9.18,0.92,55.11,9.95,132.62
41.47,1.04,0.13,10.98,7,1,5.92,6.58,3.31,110.6,9.61,132.11
17.16,2.63,4.28,10.47,0.67,6.78,1.73,0.6,0.1,37.77,2.52,83.7
13.25,4.98,4.9,4.18,9.68,0.64,8.06,7.22,5.83,198.02,2.36,207.77
46.36,4.42,0.86,1.07,8.36,2.5,9.82,9.07,4.29,120.88,7.88,179.73
6.62,2.06,7.83,2.85,6.17,7.88,3.78,5.94,5.32,79.41,4.51,118.17
23.96,0.83,4.43,3.94,7.63,5.39,3.23,3.97,3.44,170.33,5.04,165.27
39.95,3.87,3.81,7.14,8.82,8.5,5.22,5.76,5.6,176.06,8.22,214.32
9.55,4.07,1.37,17.08,7.06,5.41,5.83,9.44,6.23,81.46,9.14,126.08
24.4,2.09,7.9,10.22,7.43,0.68,7.52,6,2.24,57.09,7.79,101.34
32.8,2.27,4.56,4.44,1.7,0.24,0.64,4.68,7.73,14.55,2.41,80.28
32.4,0.97,6.07,9.2,8.33,3.35,8.23,3.03,7.69,40.27,0.31,111.7
48.73,4.7,4.16,7.46,6.17,9.98,5.26,1.31,7.57,74.01,4.02,138.58
44.1,4.87,1.31,13.17,5.74,0.4,7.43,9.03,5.27,79.39,4.61,159.98
33.01,2.85,9.59,18.99,2.11,0.22,7.86,5.82,7.81,141.06,4.7,186.35
17.46,2.24,6.5,5.64,9.35,7.36,7.06,2.22,0.84,85.36,8.41,123.89
22.58,0.07,9.05,4.94,7.53,7.95,2.87,5.6,4.58,6.8,4.46,55.68
10.99,1.16,0.68,8.17,4.73,4.99,0.78,4.01,3.22,67.33,2.06,92.97
3.82,0.41,7.67,10.45,9.54,3.63,0.78,3.08,3.97,138.47,5.61,135.62
28.34,0.14,5.58,1.58,3.35,4.17,4.03,4.3,5.22,119.88,5.23,130.03
29.92,2.1,7.94,9.42,1.29,9.8,2.72,8.2,3.76,55.4,6.63,117.89
46.03,1.07,9.67,2.04,6.44,1.36,5.21,9.42,0.27,106.32,5.52,141.18
17.3,2.97,0.46,16.81,1.56,4.75,1.2,7.91,8.35,121.58,1.7,160.07
40.65,1.92,1.48,18.75,9.56,3.66,2.64,2.76,8.6,34.81,3,122.54
43.94,4.03,5.76,19.4,7.43,4.5,0.78,7.31,2.9,49.24,2.97,130.73
34.42,1.87,7.26,11.9,4.37,8.32,0.64,6.81,5.69,56.83,5.86,124.27
31.8,0.77,8.13,13.48,2.43,7.17,5.25,4.25,6.26,147.54,6.35,182.48
20.22,0.93,2.88,3.73,0.22,0.6,9.1,0.08,9.9,48.47,0.41,75.31
19.94,2.13,8.82,11.92,4.34,0.56,2.71,1.46,1.83,44.54,1.68,87.14
6.41,4.08,3.88,2.23,4.79,5.88,3.5,1.54,0.23,130.37,9.74,134.62
11.66,4.9,4.31,16.17,5.38,4.05,0.19,2.86,7.17,63.58,9.68,108.9
32.09,4.97,2.55,12.71,4.17,9.55,2.79,0.8,5,25.14,5.77,96.49
32.65,4.23,7.64,6.58,5.62,7.58,2.87,0.67,0.73,82.06,5.11,113.56
14.52,4.32,2.4,16.96,3.27,6.26,4.47,8.33,2.49,17.02,9.68,83.84
21.53,0.36,8.19,4.66,0.15,4.68,0.79,0.92,8.55,77.84,9.22,125.47
20.77,2.92,5.96,5.15,0.31,6.41,1.2,9.92,3.06,127.16,9.8,159.78
33.09,0.78,5.08,7.81,6.47,3.72,1.44,8.73,1.34,63.52,1.83,119.59
26.45,3.44,0.85,13,6.34,1.6,3.02,6.05,1.57,87.5,0.81,123.78
11.74,1.79,0.43,5.83,9.43,2.49,8.21,1.14,5.14,99.88,6.5,120.13
41.21,3.45,5.46,13.44,2.38,1.2,6.5,0.77,2.89,183.67,5.49,211.48
23.89,0.28,7.16,16.21,4.03,8.68,4.11,5.84,9.89,104.37,3.2,164.69
11.88,1.59,0.87,18.87,5.9,5.24,8.02,3.4,5.46,166.02,1.96,180.13
6.88,1.53,3.04,15.66,5.91,6.96,6.6,3.03,1.97,174.59,4.19,173.9
18.42,1.28,0.14,14.13,3.19,5.69,0.01,9.03,1.08,160.67,9.15,175.07
14.38,1.62,2.7,9.34,9.48,0.2,9.58,3.28,7.85,65.51,1.58,116.25
23.22,4.56,0.92,1.64,8.6,6.41,6.57,4.7,9.72,107.92,8.41,148.47
14.09,4.87,7.82,19.43,7.95,6.29,6.12,2.2,8.79,79.3,6.41,151.36
47.81,0.9,6.95,13.66,5.59,6.83,0.52,2.69,6.83,33.68,9.97,110.22
3.69,1.14,1.94,16.16,0.87,5.74,6.5,8.52,7.03,184.04,3.93,183.2
2.8,2.9,4.45,1.46,6.22,0.69,5.04,8.3,8.33,62.11,7.37,79.29
46.28,3.53,0.38,10.23,2.9,4.56,7.27,6.99,9.29,68.91,3.44,153.19
14.12,0.32,5.07,1.71,1.74,0.69,8.58,3.31,3.73,60.27,7.09,107.72
7.61,2.2,8.47,3.97,6.22,1.96,4.9,7.75,5.46,141.95,5.4,168.37
14.29,3.65,3.57,7.76,4.83,0.39,4.11,3.7,2.97,163.12,6.66,165.46
34.38,2.13,9.16,5.85,0.15,1.6,0.16,5.75,5.02,54.17,7.39,88.39
47.77,1.3,4.4,10.32,6.34,9.07,7.37,7.08,3.89,91.23,8.44,157.36
49.52,1.95,1.75,11.79,6.53,2.45,4.63,3.06,1.5,47.19,1.12,107.61
25.37,1.76,5.44,16.29,5.6,5.4,5.42,4.76,3.25,174.6,8.36,192.75
49.64,3.27,4.32,9.85,1.37,7.97,3.67,5.89,9.09,43.76,5.88,142.16
10.74,3.15,7.73,0.8,2.25,5.59,4.35,5.05,7.42,168.41,2.22,158.36
40.2,3.47,3.56,17.51,0.05,4.04,1.73,4.78,2.84,44.07,9.04,110.26
34.82,3.41,0.26,15.18,6.9,5.25,9.89,6.29,5.95,48.22,7.85,123.38
1.13,4.09,5.89,14.72,3.9,9.95,8.72,1.28,5.32,49.46,0.46,106.84
16.19,1.64,8.91,10.24,3.56,0.37,5.22,7.07,9.03,30.06,1.21,80.51
48.23,4.55,7.5,15.58,0.23,5.22,2.92,4.15,1.8,111.59,8.97,170.87
49.65,4.16,5.44,19.92,0.07,6.55,4.78,5.08,0.92,96.35,2.8,161.41
11.62,2.91,4,5.49,8.1,5.18,5.4,2.75,3.47,101.51,7.91,123.21
19.01,4.89,6.98,6.21,5.91,3.59,9.3,8.46,4.13,31.11,6.82,100.55
49.7,1.64,1.28,17.93,8.69,1.89,3.87,3.08,8.85,189.59,9.69,246.8
3.12,1.1,3.2,7.32,2.36,5.99,9.46,0.53,8.48,13.67,2.63,64.72
20.95,3.33,8.85,7.96,3.38,1.65,1.93,2.87,1.44,19.21,2.1,77.2
3.6,2.05,6.57,11.52,4.7,3.01,7.92,0.5,3.23,67.68,0.93,100.31
15.23,2.99,3.82,17.81,5.9,0.33,1.76,9.34,1.09,22.6,2.02,86.47
20.41,0.1,9.21,1.23,4.3,6.85,8.05,3.3,6.09,163.63,6.09,163.11
8.28,0.65,2.85,18.25,1.7,8.15,0.78,9.82,6.54,82.65,9.68,127.86
27.74,1.87,2.94,12.26,1.32,4.1,8.23,0.26,2.6,163.93,4.16,170.9
44.86,2.09,3.98,11.49,2.15,3.06,7.88,5.87,8.36,35.83,2.55,97.42
19.93,2.37,8.17,3.6,6.92,3.58,4.56,6.91,8.48,150.09,2.72,179.47
24.71,2.14,2.13,3.17,8.11,0.59,0.74,0.91,7.11,73.84,6.51,116.08
28.82,2.73,4.4,3.76,9.43,6.42,1.9,8.19,8.86,46.01,0.36,93.6
13.76,0.43,5.96,19.25,5.08,7.19,4.65,4.93,8.32,149.52,9.89,170.48
35.47,4.66,4.22,15.96,7.06,4.37,1.74,3.9,9.01,37.02,3.28,121.6
48.82,0.43,5.48,5.86,9.47,3.93,4.26,6.01,8.98,56.76,1.5,125.31
4.03,4.38,5.6,12.89,1.84,1.83,5.37,5.21,3.85,119.85,8.51,137.73
16.18,1.35,1.36,19.99,4.67,1.55,2.81,8.66,6.76,75.42,9.16,148.74
0.53,1.57,5.06,3.37,5.11,6.26,5.65,9.04,4.31,23.99,6.45,73.54
30.38,0.46,8.71,8.57,6.45,1.25,8.45,2.4,7.81,63.72,0.76,108.1
5.17,0.71,6.95,0.31,6.6,3.08,6.35,3.09,0.97,172.24,4.98,146.75
44.43,3.86,2.06,3.97,9.47,1.24,9.43,0.2,0.34,199.91,4.49,207.09
13.71,4.48,6.68,1.87,2.91,5.91,0.06,4.17,4.61,112.55,2.79,122.88
29.41,2,5.62,18.98,1.57,5.61,8.22,4.6,4.97,143.48,0.54,198.8
24.23,3.99,2,2.61,4.86,2.62,3.19,7.65,0.65,156.11,6.08,154.66
19.16,4.32,2.85,10.02,1.4,8.98,1.78,6.56,9.76,181.19,9.78,196.92
42.07,1.96,7.35,11.42,6.32,2.96,7.79,1.82,1.05,173.6,0.82,204.65
8.06,1.14,4.02,6.79,9.91,6.05,0.06,5.29,4.36,167.87,5.38,159.28
3.42,1.09,5.75,10.81,8.43,0.16,8.43,5.65,6.64,174.12,9.01,183.6
21.34,4.91,5.9,3.16,6.78,3.06,1.26,8.37,7.09,108.79,8.69,143.16
47.13,1.32,6.78,18.34,0.88,3.86,7.67,2.92,1.06,187.72,9.97,221.79
17.52,2.59,6.84,12.87,7.2,5.29,1.89,4.49,2.92,106.51,7.81,143.28
29.2,4.86,3.57,18.62,0.1,9.7,2.72,7.72,2.89,125.16,3.22,168.19
4.25,1.26,8.23,6.87,8.56,7.76,4.77,7.67,6.92,146.47,7.17,160.47
13.56,4.82,8.96,8.15,3.02,1.27,5.92,6.91,9.61,178.26,4.41,176.64
9.56,2.81,6.42,0.9,3.03,9.64,6.99,6.77,3.88,169.96,4.61,182.93
47.28,1.11,7.14,3.26,7.61,0.47,2.49,9.2,4.39,132.55,6.12,151.61
5.37,2.32,8.99,2.91,5.66,8.8,5.26,8.39,1.37,124.41,8.25,127.06
7.91,4.43,1.79,10.05,0.05,6.76,5.88,5.19,2.65,25.81,6.83,81.12
38.94,0.57,6.04,6.46,2.05,1.05,9.16,7.19,7.58,55.01,9.58,124.19
2.71,2.47,4.36,16.04,6.27,9.23,1.37,2.2,1.9,163.95,9.19,159.3
6.87,1.4,6.61,9.1,0.84,8.16,7.51,9.62,8.38,105.92,6.61,155.26
35.97,4.6,7.5,11.59,0.63,2,8.1,8.63,1.48,14.25,3.63,92.81
10.13,3.69,0.39,16.34,1.39,0.68,4.71,2.63,3.56,116.62,7.87,135.05
49.8,1.06,5.49,0.5,3.75,1.55,6.19,7.55,7.97,177.15,6.1,209.6
35.37,1.43,4.35,14.33,8.59,5.33,1.34,2.85,1.92,25.15,5.65,86.95
19.04,4.15,8.2,6.89,5.97,4.22,3.9,6.02,0.22,74.4,1.99,112.3
5.79,2.79,3.83,15.13,8.04,3.39,8.62,6.06,2.38,159.55,8.75,181.23
15.14,1.53,0.21,1.49,5.34,0.7,8.8,0.37,8.04,45.35,4.8,71.52
26.16,2.61,8.1,2.64,2.88,2.17,2.11,3.76,6.5,22.99,2.02,87.61
11.89,1.06,3.93,10.44,8.86,5.47,6.86,9.97,5.95,22.57,0.72,87.62
21.07,2.26,3.16,14.12,7.28,8.52,6.43,4.99,4.35,17.58,9.07,117.31
2.52,3.22,1.23,4.47,9.18,3.37,8.66,2.04,4.16,195.65,9.64,174.28
1.08,1,4.6,7.58,6.18,7.21,5.83,1.4,7.33,113.51,2.45,136.1
7.97,3.97,0.99,4.32,5.85,7.16,6.53,0.26,6.7,183.29,3.38,157.22
42.21,1.17,3.98,17.21,2.35,6.06,9.99,5.58,5.97,115.38,0.77,189.16
26.21,4.16,4.26,8.81,2.03,7.09,4.5,6.56,8.15,169.83,5.63,185.71
17.16,2.03,7.8,2.1,8.47,5.27,5.57,8.7,7.88,136.14,9.22,169.36
27.51,0.97,2.89,7.92,0.03,9.48,2.11,1.33,0.33,5.9,3.87,73.41
22.44,2.58,7.1,10.49,7.08,4.87,1.54,2.76,2.7,138.69,6.76,163.34
12.67,3.55,6.16,12,3.45,7.55,9.91,3.05,4.81,122.81,3.9,168.98
32.64,1.81,0.79,11.64,1.41,0.92,1.91,1.55,7.77,16.76,8.55,74.52
29.87,3.41,2.05,16.99,7.86,8.66,4.58,8.54,5.83,129.37,1.26,165.54
40.51,4.13,6.89,8.97,3.64,6.82,3.71,6.48,5.28,131.53,5.56,179.83
33.63,1.36,2.56,6.42,4.33,6.33,0.49,0.06,9.36,120.74,8.64,138.12
8.9,2.76,7.81,7.06,2.74,3.8,1.81,5.74,8.88,161.02,0.54,160.9
23.14,3.3,6.78,15.68,1.16,4.7,3.08,9.37,9.03,25.55,4.31,94
40.3,1.76,0.87,0.38,7.81,5.39,0.43,0.19,3.88,124.77,9.71,134.99
29.55,1.34,7.15,13.73,6.49,5.13,5.43,0.47,3.21,81.58,8.39,122.14
6.79,3.31,9.36,9.24,3.7,8.19,3.19,1.04,4.82,66.51,5.79,89.71
2.79,4.31,3.85,0.86,2.4,3.32,4.79,4.57,8.68,187.88,2.33,171.23
36.03,3.5,3.94,1.22,6.71,6.17,0.65,7.16,9.63,41.44,8.83,101.59
22.1,1.48,4.24,19.27,7.12,9.98,1.04,4.28,5.57,179.53,7.06,220.68
3.16,3.31,8.29,4.09,1.57,9.99,6.06,4.07,2.42,114.29,7.39,111.17
6.52,1.54,7.5,15.06,7.93,1.74,1.69,6.84,5.89,74.49,5.05,112.82
25.14,1.77,5.42,12.84,3.42,2.03,9.52,7.89,4.94,98.29,1.51,138.43
7.84,4.81,8.59,13.92,2.38,0.44,4.8,5.29,5.81,55.59,4.88,136.37
24.28,1.28,1.39,8.37,2.53,9.26,7.51,4.69,8.25,172.76,5.07,183.25
30.64,0.91,3.76,11.94,5.83,9.15,6.85,4.35,4.39,31.3,2.58,103.69
44.4,2.55,2.39,0.93,8.39,9.18,7.97,7.84,5.22,166.63,7.49,210.02
14.84,2.61,7.31,6.63,0.52,4.51,3.48,2.48,9.21,182.66,2.25,177.26
33.96,1.36,2.83,9.05,3.3,4.98,9.99,4.71,6.21,17.3,1.91,102.43
2.79,4.06,5.31,19.38,7.39,8.78,5.05,8.29,5.43,14.01,7.62,95.52
19.37,1.61,2.58,11.58,8.57,5.03,0.49,1.71,6.87,142.1,9.01,156.09
47.8,1.96,7.85,15.09,8.78,4.1,0.37,1.28,1.65,163.06,6.23,173.45
27.51,2.77,4.12,2.89,1.42,9.58,5.93,9.75,9.5,43.2,4.24,109.41
19.98,2.7,8.15,1.05,3.15,6.91,8.99,7.01,0.38,11.35,6.33,90.76
40.82,2.25,0.78,18.55,2.83,1.91,9.13,7.49,5.61,174.59,3.83,197.99
1.27,3.3,7.71,13.4,6.05,8.91,2.06,0.57,9.65,117.6,5.06,159
16.56,0.82,2.87,19.64,0.71,9.13,9.21,5.5,2.72,21.44,6.71,96.41
35.62,2.67,0.6,9.76,6.8,8.47,4.35,6.28,8.23,145.78,3.64,176.36
2.05,3.32,3.86,18.94,1.82,1.87,4.23,6.12,7.99,198.22,5.44,192.39
6.4,1.72,0.04,7.26,0.58,7.69,6.58,5.89,5.12,165.88,8.94,162.62
3.69,1.1,1.02,11.61,4.39,5.26,8.89,6.06,9.79,82.58,9.86,117.87
37.8,4.92,2.13,7.15,1.84,2.92,3.43,0.55,0.39,6.48,7.91,75.5
23.26,3.62,4.98,4.91,1.66,8.61,9.82,0.37,1.12,50.96,9.54,87.53
13.88,2.52,6.59,7.52,2.93,6.74,8.19,5,6.2,169.54,2.45,179.43
10.43,1,0.41,4.4,2.03,7.74,2.82,6.17,2.52,46.97,2.03,76.34
26.23,4.16,4.67,9.95,1.9,8.87,9.07,9,5.44,158.97,4.44,188.96
42.78,2.91,1.05,5.46,4.35,0.54,6.06,3.24,5.01,35.87,9.27,97.33
21.48,0.68,3.89,11.33,9.85,5.15,4.51,0.17,7.37,94.07,5.85,131.63
39.82,2.48,5.76,4.24,2.01,2.27,8.53,6.41,0.84,125.85,8.08,164.55
7.28,2.24,0.35,3.61,2.46,8.28,8.88,5.43,2.74,39.87,2.36,88.25
9.56,4.86,1.37,3.3,0.65,7.67,1.58,5.4,3.06,16.57,5.14,45.19
8.46,3.87,4.65,6.29,3.31,2.01,5.49,6.16,0.34,40.43,3.2,81.82
9.56,1.55,3.09,15.73,0.38,8.84,7.42,8.79,4.27,184.03,4.53,182.38
36.62,1.37,4.35,10.24,7.73,0.13,6.52,4.5,2.02,70.78,5.89,132.8
10.94,1.41,8.28,10.3,8.36,9.62,6.46,9.63,3.66,117.82,6.48,158.11
40.06,0.44,8.51,9.04,5.84,8.03,6.48,0.3,0.65,176.51,5.37,186.81
13.59,4.65,8.83,17.42,0.27,5.92,5.01,1.08,0.51,90.39,4.32,127.31
37.48,1.95,5.25,5.13,9.74,8.24,5.79,5.51,3.01,166.31,2.38,186.55
9.99,4.83,9.55,8.48,3.37,8.43,3.6,4.9,9.73,43.81,0.26,103.57
13.01,1.02,5.1,17.43,0.76,0.38,4.44,1.81,3.19,37.67,6.12,72.71
5.61,0.63,4.78,5.73,2.81,5.3,3.01,6.33,0.62,96.7,4.23,94.57
24.13,4.63,2.08,1.11,9.37,7.76,2.19,4.65,5.57,190.3,5.63,183.41
2.82,0.13,3.92,5.04,8.26,5.53,4.41,7.37,5.23,70.1,9.08,101.79
7.96,0.28,4.2,1.63,5.31,7.28,6.95,8.81,6.42,80.08,0,112.73
25.52,1.54,3.77,2.06,7.26,3.96,3.55,7.41,1.61,63.13,2.51,111.66
13.46,1.81,8.27,9.95,4.54,3.2,7.2,8.13,1.47,149.33,6.13,154.25
21.4,1.58,2.92,17.11,9.52,9.25,7.28,2.79,0.66,34.45,8,103.32
22.64,0.03,7.76,15.95,0.56,3.06,8.85,5.24,9.34,32.25,6.19,100.72
23.13,1.2,7.68,13.11,6.37,1.71,2.25,1.73,4.35,2.29,2.15,55.23
31.01,2.51,8.89,14.09,2.68,4.87,2.48,4.2,8.65,75.4,0.48,141.9
48.97,2.26,2.49,10.37,6.96,7.68,9,8.27,3.66,40.67,6.34,131.81
49.87,4.97,7.16,12.05,2.12,4.51,2.94,4.85,3.93,157.93,1.63,209.48
29.02,1.96,6.89,13.53,6.56,7.46,4.22,0.46,6.16,78.48,1.16,123.36
49.83,4.85,3.44,6.36,6.12,9.74,8.36,8.21,0.47,54.78,2.87,125.94
6.83,2.06,4.81,14.01,1.24,4.9,7.72,4.32,6.67,90.39,6.08,111.06
4.17,0.66,7.74,15.33,2.03,5.28,7.6,2.27,6.08,122.78,6.11,146.32
33.86,3.54,8.91,16.73,8.14,6.84,2.51,8.93,7.85,145.16,5.43,199.08
30.97,2.39,3.5,18.7,0.23,7.87,7.8,7.37,6.42,146.72,4.58,201.46
41.74,1.36,4.53,5.22,9.97,3.31,5.08,7.42,3.8,99.87,4.42,143.13
43.21,0.9,8.78,14.98,6.11,3.8,0.45,9.92,7.06,16.13,2.91,119.54
22.1,1.31,6.06,4.85,0.43,9.64,6.6,0.92,5.53,44.36,0.74,88.21
36.95,1.43,5.52,16.46,8.57,0.64,9.28,4.63,3.98,170.58,0.47,187.03
40.53,0.55,8.42,1.86,0.21,7.72,5.68,0.78,4.18,86.37,1.76,122.94
32.58,3.91,8.45,19.95,1.27,6,0.99,2.7,6.15,70,9.65,133.71
38.05,2.81,5.52,0.87,2.32,8.93,7.34,7.72,4.16,38.49,2.86,120.21
0.37,2.69,6.36,18.98,6.19,7.2,2.76,8.39,9.34,57.07,2.53,124.88
33.71,4.42,5.46,8.46,0.11,6.82,0.5,1.94,9.76,93.57,4.44,126.02
48.8,4.03,2.09,7.75,2.58,5.25,3.75,3.09,9.13,34.41,5.37,123.25
21.75,1.43,9.72,13.66,2.45,5.37,6.03,6.48,9.35,185.4,2.93,216.62
22.55,3.89,9.79,14.23,7.76,3.55,5.61,6.94,9.85,198.02,9.28,221.02
5.08,0.22,4.32,5.42,7.17,3.05,5.37,4.16,0.78,183.2,8.16,151.83
25.81,2,0.8,4.75,9.92,8.59,1.84,4.5,7.75,55.45,4.28,118.79
10.05,4.53,3.69,1.51,5.45,3.23,1.02,3.91,4.19,128.32,6.64,143.92
41.67,2.8,8.93,14.44,6.99,3.59,2.19,1.88,3.16,173.25,5.5,189.35
21.81,3.49,4.7,0.67,9.71,9.69,0.71,5.94,8.35,4.66,6.92,75.26
18.29,0.16,5.73,18.11,2.05,5.8,2.14,2.2,7.91,138.84,6.75,162.09
19.25,3.85,3.17,5.98,9.47,4.05,2.3,0.81,2.24,160.16,6.49,172.19
4.07,4.7,3.24,4.83,4.88,8.19,1.08,4.1,5.32,161.7,4.85,148.58
3.44,0.01,5.25,17.69,0.84,5.79,0.89,8.95,1.96,173.15,8.53,177.09
23.79,4.97,1.79,19.51,8.57,4.18,4.55,4.2,8.69,13.48,2.51,93.44
29.98,0.15,4.01,19.29,1.97,3.6,6.38,3.51,4.94,99.9,9.5,148.19
9.74,1.42,4.04,19.59,2,8.62,3.75,5.01,3.16,76.38,4.42,114.29
6.23,3.85,2.07,16.07,4.39,5.5,5.72,5.4,1.8,27.07,5.35,79.2
3.05,0.6,1.2,1.4,3.56,1.5,2.74,7.1,9.23,14.15,9.22,70.98
14.02,3.85,1.05,18.77,2.47,9.09,7.19,0.74,4.29,45.88,4.83,107.81
30.61,0.54,2.19,5.9,4.41,4.75,0.76,6.64,3.16,127.78,3.48,125.82
18.1,0.26,0.53,1.63,6.33,9.91,3.16,9.87,5.33,5.11,8.24,77.42
39.16,1.13,0.77,3.8,7.82,5.08,2.49,7.94,0.83,19.44,9.64,88.5
33.46,3.09,3.88,7.34,4.96,5.92,9.65,4.41,5.93,4.41,8.43,110.15
12.22,4.81,8.68,2.74,4.49,9.43,2.5,5.5,4.9,93.52,0.96,117.79
12.44,1.07,3.41,11.24,5.45,5.6,3.86,8.04,1.87,149.07,9.45,156.1
6.58,1.82,6.88,13.41,0.65,3.93,2.06,3.34,9.49,199.68,3.88,185.23
38.88,4.74,5.67,2.03,0.41,3.12,3.54,9.26,6.71,0.39,7.2,95.1
38.06,2.27,7.26,12.78,0.88,5.26,9.87,8.6,5.35,93.96,6.74,192.96
34.95,4.72,8.45,3.58,8.06,8.27,5.29,4.84,9.41,172.29,1.01,206.45
0.59,0.62,7.85,9.89,5.89,6.18,8.09,5.59,4.55,161.52,9.27,162.6
40.7,1.2,6.66,12.68,9.34,8.32,0.23,2.82,2.86,17.95,5.94,93.37
33.56,3.19,6.94,12.96,4.58,8.06,6.08,8.28,4.2,0.74,2.39,109.78
12.82,4,1.26,7.04,0.38,0.78,0.59,4.59,3.36,78.15,8.96,109.85
29.4,4.76,9.96,1.65,3.27,8.34,8.93,7.86,0.04,121.17,9.73,164.03
41.75,3.27,3.48,14.27,9.83,9.47,6.64,8.69,5.36,31.12,9.45,126.58
7.34,0.88,7,7.7,4.43,9.41,4.81,1.53,0.34,26.98,4.07,57.17
2.23,4.19,9.08,0.31,5.52,6.31,4.14,0.36,9.91,116.64,2.01,98.21
39.85,4.87,8.46,18.31,5.21,0.52,3.85,0.63,9.82,175.44,9.37,205.8
9.77,2.04,6.27,6.46,3.16,7.91,0.41,5.7,3.27,34.13,4.22,80.5
36.96,0.43,3.57,11.78,6.67,2.32,6.54,2.13,3.8,82.54,8.89,113.07
2.39,2.33,4.1,10.16,3.26,6.35,7.8,6.44,2.37,97.39,1.79,98.91
44.73,1.51,8.97,2.52,0.36,0.15,8.91,3.88,1.21,75.41,8.98,116.92
21.25,1.57,9.56,18.11,8.02,9.74,5.38,9.34,2.56,64.51,1.17,134.68
34.31,0.61,3.87,4.37,2.49,4.55,9.34,9.33,9.72,181.78,7.97,222.07
39.73,2.64,7.95,3.92,9.18,6.57,3.37,0.37,1.45,62.92,6.79,97.67
45.05,1.15,8.45,3,4.76,6.11,2,3.21,4.4,184.02,8.82,199.26
5.13,3.14,8.56,18.42,2.89,0.79,1.32,5.44,1.24,169.43,8.85,177.94
41.95,3.54,4.68,2.82,2.25,2.32,6.92,5.11,7.18,38.76,6.84,114.94
23.04,2.44,8.19,9.69,2.93,3.96,9.14,5.04,3.3,108.16,7.89,137.42
39.93,1.02,5.44,4.1,2.59,4.64,2.75,8.26,8.92,1.23,6.58,93.24
40.95,3.74,9.04,5.03,4.21,9.88,3.56,6.35,1.12,95.23,3.71,132.35
42.48,3.84,5.57,6.12,0.96,2.48,9.76,9.19,0.21,165.2,4.94,193.43
17.44,3.87,9.13,3.47,8.35,8.55,5.99,5.09,7.1,3.91,0.35,71.02
41.15,0.15,2.5,12.3,0.9,4.14,6.11,3.73,7.48,166.06,8.25,178.68
11.12,4.72,5.84,2.57,2.18,2.79,2.61,5.92,2.77,79.67,6.92,104.87
32.72,1.9,9.37,19.97,3.13,4.43,3.29,6.08,1.82,196.11,0.49,209.81
44.86,0.19,3.73,16.05,0.04,8.21,6.78,9.47,2.61,2.08,6.22,120.72
28.46,4.49,6.51,15.18,1.04,4.04,2.24,2.27,4.2,52.5,7.01,111.45
41.38,1.72,5.49,13.37,1.27,1.87,2.07,5.19,2.42,129.8,5.63,156.94
44.87,3.33,0.4,2.53,2.9,9.37,8.27,8.36,1.13,130.86,0.26,178.37
5.69,3.14,3.15,12.81,1.26,8.72,0.57,9.39,2.81,116.4,2.34,129.44
45.2,2.46,4.46,7.32,1.48,0.71,2.44,6.08,2.34,36.68,2.24,94.61
1.05,0.71,3.02,11.57,3.09,7.95,5.08,5.99,1.64,137.7,5.78,144.04
29.24,3.88,8.24,13.88,1.89,7.1,3.19,0.68,2.42,115.81,8.47,145.82
44.97,3.7,7.82,19.12,1.93,7.74,3.48,0.24,5.09,75.22,0.33,147.41
40.47,0.11,1.72,10.79,1.55,1.83,0.32,4.43,0.23,194.51,4.41,181.62
4.96,1.79,1.6,19.18,7.57,5.97,2.84,3.1,8.58,110.53,6.38,159.6
20.75,4.43,9.48,0.99,5.7,6.54,6.17,5.87,7.31,94.77,2.41,125.67
38.67,0.22,1.35,5.28,5.81,5.4,2.92,2.38,3.08,129.33,3.34,145.53
37.01,1.63,1.84,15.22,3.8,3.64,4.84,3.3,9.89,135.52,2.35,173.02
28.7,2.2,9.27,5.59,1.33,1.94,8.89,2.16,3.17,140.12,0.77,158.1
14.71,3.11,8.71,15.96,8.7,4.87,5.74,3.98,9.2,87.38,9.4,132.05
34,3.67,7.74,0.66,7.48,7.57,0.78,7.18,2.85,106.54,6.79,147.59
4.86,4.38,9.32,7.93,5.98,5.47,6.43,6.63,6.83,173.72,4.09,184.48
47.36,0.93,6.04,0.02,2.47,5.69,7.06,4.52,4.08,67.26,5.68,108.01
26.85,3.35,8.65,5.72,8.15,4.46,2.07,2.11,4.23,62.14,1.61,111.57
49.71,1.29,0.79,12.08,6.17,0.84,4.11,2.39,7.61,33.94,5.67,124.45
23.5,0.21,2.31,19.31,3.34,8.23,7.36,6.72,1.35,22.32,6.71,106.03
42.15,4.11,7.67,16.72,3.11,8.03,0.84,2.87,3.73,78.8,2.1,149.32
19,2.84,8.61,19.45,0.11,0.62,8.41,9.71,5.42,30.48,1.61,116.82
43.44,4.97,4.85,15.9,3.67,1.04,7.69,5.72,8.24,162.97,5.58,223.29
13.48,3.84,1.07,11.78,1.03,0.37,3.15,1.74,9.3,161.89,2.42,147.16
26.74,4.92,9.49,15.3,1.08,9.5,0.32,6.94,6.75,191.99,3.48,215.3
46.62,2.76,7.71,11.27,5.95,4.99,1.28,4.85,6.22,162.6,6.08,193.02
3.83,1.52,1.48,19.69,3.64,1.31,7.32,6.64,3.03,109.35,1.66,127.14
38.86,1.21,7.15,11.51,6.8,5.6,6.89,0.56,9.14,175.08,8.75,206.36
8.15,1.76,1.07,6.86,6.75,6.89,3.89,5.07,4.69,162.32,2.63,165.41
0.03,4.36,7.59,17.26,8.79,0.56,4.44,1.11,4.31,60.5,3.38,98.55
46.11,2.19,9.34,8.86,6.57,3.85,4.53,2.39,2.97,51.95,5.51,113.7
5.24,4,3.96,4.85,9.97,1.26,4.96,5.37,7.84,188.42,7.55,179.25
12.1,3.54,1.18,19.39,3.08,3.69,3.24,7.88,0.58,187.11,2.06,193
36.65,0.94,8.98,17.94,3.94,4.35,4.12,3.01,5.29,25.28,0.25,120.1
46.24,2.68,3.61,0.15,5.88,3.91,4.03,4.61,2.37,156.35,5.42,179.88
15.27,4,0.06,3.17,0.28,5.7,5.07,3.64,2.84,178.3,8.3,181.43
41.34,2.42,9,6.09,8.61,7.97,3.44,3.78,8.54,19.15,8.42,100.52
5.77,1.95,1.65,12.88,9.92,1.77,8.65,3.71,4.91,174.1,4.99,169.86
17.81,2.54,1.69,3.69,8.23,8.19,7.93,2.39,0.76,19.44,5.11,71.1
29.6,0.82,3.12,1.65,2.92,7.85,8.06,5.45,9.14,85.75,2.01,119.18
33,0.24,2.15,18.68,3.79,1.83,1.72,0.37,0.23,183.11,0.74,176.08
10.06,1.05,6.47,6.45,3.72,5.67,8.52,6.19,7.3,98.09,2.19,132.09
0.95,0.26,9.04,11.15,4.03,4.33,9.38,1.47,4.8,32.77,5.66,74.29
43.98,2.53,3.74,16.41,1.13,8.29,0.62,3.96,5.01,117.66,9.6,175.1
48.6,3.06,1.07,0.97,9.79,5.03,9.49,8.76,9.39,93.95,5.75,171.41
37.3,2.86,1.82,1.9,7.37,4.42,9.83,4.73,3.62,137.96,6.65,163.35
15.97,2.01,3.14,18.56,2.32,7.44,1.01,6.73,2.43,177.41,1.9,175.16
11.88,4.89,1.67,10.53,8.97,8.44,9.78,1.45,0.46,52.83,6.84,107.48
15.79,4.82,6.06,8.15,9.42,2.89,2.44,9.18,1.9,174.87,0.02,173.67
3.71,1.75,9.13,4.65,5.75,6.94,3.58,9.15,0.44,137.22,7.33,150.9
12.53,0.16,7.88,13.45,2.4,3.32,3.72,1.56,7,95.62,4.67,120.62
5.99,3.58,5.94,17.96,2.61,2.76,5.15,9.79,5.56,101.79,4.28,160.96
35.28,4.85,1.78,13.9,3.37,3.56,4.7,1.82,1.93,3.35,2.4,92.82
2.36,1.42,5.05,13.46,3.98,8.17,8.83,7.23,3.71,119.94,5.61,158.22
20.37,1.57,6.7,16.47,7.46,3.6,2.27,1.6,5.31,73.56,7.47,122.19
22.33,0.13,6.84,3.35,9.72,8.54,1.42,4.13,4.31,170.55,7.41,145.02
41.22,0.33,3.28,11.72,6.92,2.62,7.14,4.28,8.73,36.78,9.48,119.41
38.04,3.72,9.05,12.58,3.87,5.32,2.37,2.04,2.77,63.95,7.3,122.73
15.57,4.58,2.12,12.25,2.93,1.09,8.79,9.91,9.18,82.61,9.16,135.39
27.33,3.27,4.83,18.95,7.11,5.39,2.01,2.58,2.44,25.53,7.03,108.99
47.73,4.39,2.79,18.46,5.81,2.27,9.6,6.95,1.1,165.45,2.98,199.59
23.99,0.71,3.7,1.61,9.47,7.31,8.91,8.46,9.37,103.28,6.45,148.06
30.78,2.83,5.72,13.29,0.03,8.08,9.02,0.12,8.93,98.24,6.68,171.75
15.52,1.07,3.07,8.88,7.81,8.74,4.81,7.28,4.62,24.2,2.09,78.67
35.32,3.2,2.03,18.48,6.36,2.14,2.63,3.32,3.53,6.85,6.52,92.29
6.08,1.98,7.93,13.27,7.26,3.1,9.42,6.64,1.39,147.37,0.14,146.31
46.18,4.22,9.04,1.12,4.87,3.56,4.06,1.3,9.82,11.9,4.41,99.91
3.78,4.76,5.82,14.58,1.14,7.42,4.14,8.26,5.92,107.96,2.95,136.84
0.61,2.93,8.71,14.54,5.8,0.89,4.99,4.09,9.93,135.02,9.27,168.38
33.86,1.14,7.47,8.3,3.62,1.38,9.05,1.93,2.45,25.91,2.31,92.4
28.63,0.9,4.27,7.88,8.04,2.54,7.44,3.12,9.03,92.84,7.26,136.04
47.54,2.63,3.01,8.09,1.96,9.71,1.39,6.67,5.33,106.52,0.3,154.79
8.06,5,3.73,17.5,6.87,7.32,0.68,4.15,5.69,179.17,0.31,177
28.85,3.07,5.6,17.88,5.5,1.54,3.39,1.4,2.18,5.45,5.26,63.06
8.76,0.05,3.33,9.32,9.1,8.94,8.45,9.09,5.31,111.02,4.5,152.28
31.73,1.55,3.8,17.85,5.97,7.86,8.91,2.79,0.16,80.59,2.91,133.76
26.34,3.52,4.11,17.45,9.43,5.18,6.23,0.8,1.66,153.93,6.5,189.07
23.69,2.17,0.45,18.21,6.65,6.26,3.6,2.97,3.11,155.65,8.04,179.05
11.51,0.62,6.66,13.75,8,2.46,5.72,0.22,6.57,110.72,9.35,144.14
27.53,2.93,1.79,14.18,5.73,3.78,6.95,9.9,3.2,39.92,8.82,109.15
44.6,4.2,1.76,18.35,7.44,6.69,9.33,4.97,9.72,97.9,0.88,192.83
28.53,2.56,0.61,3.6,2.05,0.81,6.34,8.77,7.87,16.53,6.15,104.98
33.9,3.86,3.08,1.79,7.54,7.39,3.48,3.84,2.86,162.84,3.23,174.22
16.78,4.5,3.76,2.57,1.28,2.13,7.45,1.62,0.87,160.01,9.81,155.53
48.9,4.02,2.5,9.75,3.25,3.93,0.42,7.7,1.52,146.25,3.11,174.88
7.01,2.64,4.66,11.86,1.94,5.74,9.53,1.96,3.88,115.98,1.27,133.66
17.69,3.07,5.31,17.87,0.93,0.74,1.63,9.31,2.45,137.86,3.88,169.16
46.98,0.1,4.59,16.37,0.09,7.08,5.01,5.86,2.88,81.5,7.97,154.52
27.6,4.24,5.08,2.73,7.05,8.16,3.56,0.56,3.7,157.63,6.18,178.04
3.15,2.57,1.14,19.21,7.64,2.57,5.02,6.07,9.87,180.05,3.6,196.58
39.9,1.74,7.12,7.08,8.29,4.02,1.96,9.23,4.94,51.09,9.15,133.93
12.84,2.98,5.74,19.72,0.87,8.1,7.89,4.04,6.56,102.6,0.13,151.62
15.47,3.56,7.46,6.98,4.47,6.75,5.03,6.85,6.39,107.42,5.62,150.55
21.82,0.53,0.98,16.46,7.1,4.53,5.14,6.57,3.16,32.99,0.77,80.47
21.17,0.12,5.87,11.09,9.3,0.96,9.46,3.59,0.22,166.25,9.19,182.94
0.94,0.88,6.87,2.84,5.5,6.66,2.14,8.19,6.18,6.36,4.06,60.37
47.57,3.81,7.36,13.21,9.89,5.07,3.36,4.6,7.88,128.31,3.71,171.94
43.87,1.39,6.04,11.27,2.68,6.24,3.47,5.68,4.64,72.7,6.85,133.39
28.44,3.39,7.43,7.37,4.53,2.53,2.77,3.15,4.31,109.44,3.51,156.16
5.56,2.82,2.36,18.94,9.73,2.44,4.19,3.6,5.33,50.82,1.67,90.16
19.78,3.85,2,9.36,5.35,4.21,3.9,2.31,8.01,146.32,6.93,177.64
11.8,2.86,5.85,10.51,8.01,0.33,8.5,9.77,4.5,185.16,0.68,198.21
8.65,3.12,5.59,6.6,2.04,3.3,8.78,1.11,1.87,167.39,5.9,150.32
26.93,4.53,5.06,3.29,0.2,0.71,9.43,9.34,7.3,183.55,0.21,207.91
3.71,1.74,2.89,15.07,7.2,4.35,8.98,3.28,3.49,130.68,2.94,140.39
49.36,1.93,6.97,0.34,4.34,5.37,8.48,5.66,9.15,109.74,7.75,171.47
31.25,0.96,5.09,18.05,3.19,5.87,8.01,8.22,6.45,95.04,9.15,158.05
32.63,1.66,3.3,7.43,7.36,7.62,0.38,7.62,3.38,9.52,8.95,85.96
10.06,3.62,1.95,9.75,0.62,5.81,8.89,4.75,2.27,141.29,9.31,159.33
12.59,0.94,4.68,7.9,3.18,2.28,6.12,9.71,3.37,34.83,7.88,101.98
35.49,1.4,0.13,15.7,9.52,7.26,5.38,6.05,8.3,13.08,8.19,108.77
29.53,0.08,3.29,9.28,4.54,1.99,4.38,9.53,1.16,90.07,6.93,144.25
44.45,2.1,4.38,6.52,9.5,3.05,3.46,6.09,5.98,63.59,6.01,120.69
15.36,4.48,7.99,6.94,8.8,2.66,8.63,2.39,0.64,156.77,4.34,186.04
24.16,0.47,4.32,18.38,0.65,1.38,7.08,9.29,4.06,187.01,2.7,223.07
35.92,3.4,8.36,7.98,8.86,1.95,0.79,3,0.28,103.23,7.99,122.6
42.77,0.35,4.62,11.95,9.85,3.52,6.45,2.01,7.98,99.79,7.7,159.53
4.3,0.62,3.98,18.58,9.63,8.99,7.07,7.8,0.92,40,5.17,90.52
39.84,0.32,3.83,7.5,9.68,4.75,5.31,4.56,3.41,182.52,4.68,198.11
34.15,4.05,4.37,1.53,9.28,1.57,8.35,4.73,8.19,9.32,5.73,101.38
13.99,1.5,7.77,11.82,1.25,1.25,7.71,7.65,3.56,168.27,6.4,173.01
12.21,2.75,9.43,3.04,8.93,7.61,8.32,9.7,0.79,36.89,9.58,116.59
21.5,4.7,2.86,14.45,9.13,6.79,6.2,2.17,0,118.67,7.19,157.95
28.42,1.27,9.59,11.88,7,9.63,4.6,6.69,0.42,150.56,4.06,166.6
34.32,4.21,3.74,10.67,9.08,1.75,2.25,1.94,0.45,124.57,8.77,156.58
13.51,0.28,9.63,6.35,9.12,9.95,2.87,5.6,5.88,72.96,0.5,95.7
34.74,1.14,5.97,16.08,5.35,5.32,3.19,7.85,5.11,3.07,9.47,79.16
44.33,4.44,2.37,7.78,4.28,3.58,5.75,6.03,9.06,138.24,7.64,174.86
14.7,2.28,2.18,18.27,0.54,3.48,9.08,7.3,1.77,133.24,1.71,148.36
7.06,0.96,5.72,17.9,3.29,9.02,9.16,4.15,9.65,44.32,7.91,93.65
14.98,3.81,3.12,6.34,2.56,8.7,4.53,3.11,1.96,192.02,0.05,174.37
46.86,1.78,0.28,19.68,4.29,4.8,0.4,5.34,1.89,121.33,1.32,143.44
42.47,4.02,0.29,6.89,3.18,4.02,9.93,0.34,9.33,132.66,5.25,182.97
47.78,2.05,7.37,5.34,4.05,0.37,9.31,5.17,9.28,38.04,4.82,127.46
9.12,2.72,8.16,10.81,0.01,7.7,0.42,4.16,9.75,23.08,4.7,67.96
30.04,1.56,3.65,7.34,8.25,2.05,0.12,2.26,7.7,184.91,0.33,191.14
12.84,4.32,7.37,9.98,3.29,9.11,2.1,4.56,0.67,153.42,8.84,155.47
33.99,2.87,4.12,5.94,9.97,2.7,1.91,5.01,3.07,132.62,9.07,169.77
18.89,4.07,6.89,4.08,3.85,5.17,2.07,0.65,4.83,7.75,3.92,78.37
12.79,4.4,1.2,18.12,8.13,0.58,8.32,2.48,0.05,183.26,0.59,173.99
26.38,2.58,4.19,13.55,8.95,6.57,6.2,6.7,3.24,120.37,2.02,169.86
20.91,0.9,1.27,9.84,5.89,5.3,1.42,4.31,2.88,125.55,5.3,139.35
20.57,0.48,9.21,16.42,9.78,9.32,9.35,4.22,5.82,10.12,7.8,102.94
29.85,1.97,8.87,19.94,8.72,6.87,5.25,2.12,9.98,180.74,4.89,226.59
41.37,2.63,7.88,9.02,0.54,9.01,2.89,0.19,7.75,102.97,5.63,142.97
45.67,1.94,2.05,11.09,0.81,1.04,2.83,3.67,1.06,134.8,0.11,160.9
26.06,3.48,4.02,9.19,2.98,1.59,6.01,1.64,2.64,44.44,6.53,92.84
37.21,0.55,1.26,13.24,4.73,5.94,2.28,3.45,3.3,86.11,6.6,117.58
22.17,4.24,1.45,15.56,0.56,0.28,1.03,3.08,8.49,127.95,9.6,148.96
41.03,3.48,2.12,13.04,3.86,6.66,6.25,8.96,8.21,14.44,5.14,112.38
41.76,3.08,3.27,1.71,6.01,4.54,8.77,3.25,8.63,28.63,7.11,104.78
47.22,1.92,6.63,6.23,3.42,9.12,5.32,6.54,2.75,93.85,3.2,144.85
17.22,2,5.8,5.85,3.43,0.43,6.13,6.85,9.64,142.58,9.36,159.31
45.56,1.4,9.94,10.15,5.69,4.83,6.77,7.23,3.66,22.94,2.69,105.05
45.37,0.52,8.19,11.43,8.37,8.99,7.56,4.69,9.4,98.43,5.75,156.1
11.32,0.16,4.63,11.59,3.79,1.42,8.24,5.36,2.02,181.61,0.51,196.12
4.78,2.25,5.22,8.8,6.52,9.25,0.3,7.09,7.14,79.9,6.21,118.89
45.2,3.85,3.36,13.21,5.99,6.41,7.11,2.03,9.57,167.98,3.56,217
36.58,4.93,2.05,19.83,4.91,5.75,0.83,8.24,2.38,21.93,9.23,116.96
2.83,4.42,8.56,9.89,9.19,8.05,6.98,2.57,3.23,5.86,7.27,82.4
40.56,1.37,4.55,19.18,7.38,3.6,0.72,7.37,8.1,176.19,1.48,193.41
4.77,2.36,6.01,6.84,1.31,6.72,8.55,6.57,7.92,4.56,7.46,77.15
4.86,3.54,4.42,15.3,6.18,0,8.86,6.05,8.21,62.77,6.58,120.01
39.53,1.21,0.32,0.35,0.63,9.64,2.75,1.32,5.01,159,8.51,163.56
35.48,0.03,6.7,9.17,4.64,8.63,7.17,2.92,7.9,156.3,3.05,178.75
44.14,3.2,7.2,4.29,4.86,8.21,7.66,4.33,9.67,108.96,5.06,155.42
19.71,4.57,2.81,17.58,3.44,4.3,0.66,1.79,5.51,172.96,3.23,170.62
13.51,2.01,7.91,15.83,6.57,8.59,5.44,1.23,7.47,184.13,9.47,200.41
20.11,1.86,8.05,11.74,3.41,4.25,7.74,6.35,2.85,111.94,8.15,151.84
40.66,0.82,6.37,16.3,8.76,1.39,8.38,3,6.24,85.67,9.46,148.55
34.64,2.82,8.34,7.53,0.37,8.4,2.84,7.3,6.32,74,6.96,126.87
31.55,3.18,9.25,3.39,4.28,1.74,8.49,6.65,1.45,47.65,5.49,114.7
47.34,2.96,8.01,6.03,9.92,3.4,3.79,8.95,9.66,16.01,9.09,127.07
31.15,4.41,1.37,12.67,8.56,7.89,7.95,5.87,4.37,47.63,5.39,131.81
11.41,3.09,5.99,11.38,8.71,8.07,8.87,2.52,6.54,62.36,1.21,120.24
30.15,0.11,7.97,8.6,6.87,1.53,6.8,0.21,8.15,5.98,1.24,73.04
43.71,4.98,3.86,8.81,1.04,0.8,4.73,4.83,2.5,184.45,1.11,195.22
20.82,2.5,6.57,7.53,2.57,9.83,3.84,5.66,3.68,15.45,9.4,86.77
37.89,1.94,9.04,15.27,2.68,3.35,3.7,2.78,6.36,148.6,0.07,179.3
43.05,4.8,6.29,19.39,0.63,8.81,2.4,6.42,2.32,58.96,8.67,160.8
5.57,1.65,3.64,8.21,1.54,4.92,4.31,4.14,1.37,144.52,0.02,137.08
28.77,4.68,1.95,1.48,8.74,5.74,3.51,1.46,7.92,2.03,3.18,85.25
30.4,3.4,1.03,19.83,4.1,3.72,0.57,0.99,4.49,183.81,3.58,177.25
47.06,5,3.43,19.08,4.48,9.27,3.15,6.89,1.53,29.41,6.78,143.04
25.23,0.83,8.29,15.6,7.23,8.73,0.69,1.04,8.75,198.15,8.38,212.25
39.77,0.33,4.94,9.47,5.48,5.69,3.4,8.79,0.84,57.27,1.38,121.19
22.05,3.72,8.96,7.48,4.86,2.43,8.71,1.91,3.86,98.91,7.43,128.75
37.15,4.68,6.19,14.92,9.88,6.52,7.73,0.35,2.57,135.32,8.44,183.24
42.18,4.72,6.51,16.02,9.54,8.17,0.3,9.58,8.55,44.53,7.85,153.71
41.8,1.06,2.38,1.36,7.37,6.54,7.68,6.04,2.17,103.73,4.67,138.48
25.69,1.73,3.2,2.67,4.72,6.31,3.23,3.3,4.3,166.74,2.56,161.31
6.62,3.08,2.29,13.51,6.63,6.57,0.6,6.93,6.49,102.99,2.32,125.91
27.27,0.67,0.88,16.93,3.36,7.43,7.31,5.19,0.49,167.68,8.94,166.66
41.15,3.65,8.56,7.07,5.74,7.81,2.98,0.19,6.31,15.27,7.39,103.11
6.03,0.67,2.54,10.09,8.88,4.89,2.3,1.35,6.42,66.66,7.17,94.3
48.06,1.31,0.08,16.72,0.56,4.6,7.07,3.33,1.75,188.62,5.47,197.89
30.53,0.49,5.23,18.28,8.26,4.1,6.06,6.33,3.41,56.93,6.84,118.3
17.36,0.05,2.03,8.78,8.52,2.88,2.86,6.54,6.26,111.85,1.3,135.21
35.52,3.29,9.69,12.3,5.08,7.91,5.66,0.15,3.26,113.49,8.23,143.53
11.69,3.51,8.02,4.06,7.59,5.08,5.87,8.49,5.83,173.19,6.3,187.57
38.02,1.56,6.14,13.61,6.93,5.78,5.91,5.05,5.38,81.51,0.68,140.98
24.7,0.7,2.49,11.58,1.83,0.72,7.15,5.95,3.65,63.74,0.75,101.86
11.18,0.39,4.82,10.68,3.27,1.01,3.52,6.33,4.97,112.69,5.53,132.45
37.83,3.34,9.84,8.01,0.62,0.86,7.33,4.65,4.11,166.99,2.09,181.47
44.39,3.67,5.96,11.75,0.42,9.79,8.12,9.13,9.66,184.8,3.11,245.92
17.25,0.18,4.08,17.52,0.4,3.68,0.5,8.22,1.74,53.49,8.99,90.43
41.58,1.33,0.86,0.45,2.79,3.38,1.9,7.37,3,81.39,2.67,109.2
8.38,0.45,0.82,8.36,9.07,7.16,7.87,6.55,2.96,8.19,4.84,81.29
47.67,1.8,1.15,5.61,4.44,1.74,4.09,0.22,7.05,131,8.18,156.58
46.22,0.6,8.54,6.51,2.64,1.1,2.1,8.35,0.7,50.23,6.81,110.94
34.19,1.87,6.76,18.63,8.54,4.25,8.62,6.68,2.66,131.41,7.64,187.18
33.91,4.61,0.57,2.21,0.35,8.83,5.53,9.38,1.7,84.3,4.09,130.01
3.13,0.02,4.39,14.61,2.8,5.58,6.39,9.83,6.8,119.91,4.04,138.17
40.83,3.91,8.33,0.48,8.85,8.65,9.27,7.55,8.53,192.1,3.64,230.26
3.6,4.48,2.19,12.48,4.28,9.85,8.62,5.69,7.97,180.29,4.38,205.95
19.5,1.15,4.93,3.1,1.08,8.48,5.4,0.45,6.3,92.53,2,122.64
34.79,1.88,3.33,3.4,2.92,4.64,3.78,6.16,2.75,4.28,3.87,68.87
29.29,3.52,8.13,9.48,9,4.87,3.34,8.64,0.42,45.04,4.61,103.52
39.57,1.44,9.78,11.99,5.43,8.2,4.42,8.01,8.07,84.84,4.47,142.71
40.06,2.8,3.05,4.5,4.39,4.28,3.67,1.71,5.72,175.52,0.15,183.74
5.4,1.48,7.72,8.84,3.17,8.7,8.09,2.03,1.11,55.64,6.23,100.06
11.7,3.81,6.01,19.87,5.48,5.78,9.92,0,8.94,9.53,1.2,82.97
36.2,1.53,3.03,15.9,3.99,9.32,9.33,8.52,6.61,74.25,2.47,150.44
12.71,2.26,5.07,13.31,7.52,4.25,6.81,5.93,7.47,6.36,9.9,66.73
30.05,4.98,1.55,11.5,8.56,5.39,9.33,5.72,0.61,186.21,9.25,216.59
35.55,2.91,4.92,10.18,3.71,6.78,1.53,4.81,9.84,187.71,5.21,198.7
22.43,2.8,9.74,13.25,4.95,1.88,7.47,8.05,6.61,89.67,1.19,150.05
11.39,1.38,1.6,13.35,4.25,9.52,5.69,1.89,5.84,161.58,4,151.79
13.08,4.46,8.07,13.42,5.84,2.32,9.23,3.11,9.95,169.32,8.06,197.63
10.42,1.97,4.05,7.55,6.48,1.37,0.03,4.22,1.54,31.76,2.39,44.27
5.35,1.6,8.43,5.68,5.06,7.86,6.99,2.62,5.57,40.8,5.81,73.16
45.34,4.35,3.44,17.45,6.97,8.54,7.17,5.89,8.27,10.76,1.72,124.01
19.07,2.27,0.79,9.76,5.49,6.38,8.67,5.5,5.32,140.79,2.36,166.44
29.48,2.17,1.81,0.88,8.6,7.72,3.56,4.42,7.65,28.29,7.04,88.81
47.3,3.18,3.19,15.52,0.3,1.55,7.78,1.72,5.39,23.58,5.62,106.9
39.95,0.81,9.37,6.07,4.5,3.13,2.64,9.47,7.45,132.06,9.09,186.1
7.48,1.8,3.31,6,6.24,0.76,7.42,2.78,6.92,163.18,0.63,153.3
14.92,1.37,1.3,19.01,6.73,4.93,1.15,6.12,6.35,64.67,1.88,117.28
0.88,4.85,8.78,3.91,0.35,1.66,5.61,1.21,5.01,21.61,7.83,63.31
5.79,2.39,5.23,14.92,1.57,1.77,3.41,4.76,8.55,36.33,7.27,104.24
47.26,4.94,2.68,5.36,3.52,5.14,1.94,7.28,0.54,123.72,0.56,154.65
11.11,1.67,9.52,13.64,0.56,7.5,3.58,5.75,9.51,80.03,6.71,128.97
43.19,3.38,5,18.27,6.33,2.96,7.64,8.34,1.98,164.37,7.37,208.2
34.26,0.35,2.53,18.11,3.74,5.77,9.79,0.19,4.73,142.12,6.81,183.32
48.4,1.3,9.93,15.58,0.67,6.59,7.21,4.39,1.21,74.85,2.01,162.75
13.04,3.9,2.78,15.4,6.69,6.54,3.04,7.4,1.77,81.79,5.18,123.89
13.01,1.3,5.09,12.31,2.12,3.68,9.31,3.98,9.35,87.01,9.52,143.13
13.69,0.69,8.86,3.29,1.45,6.52,2.61,7.18,6.68,6.94,1.54,59.37
11.26,3.6,3.85,12.9,9.96,9.4,5.85,0.39,7.25,7.32,0.77,75.14
0.49,1.26,8.3,9.15,0.66,5.48,1.52,6.46,3.8,25.87,7.03,66.6
46.18,4.98,3.94,15.52,6.65,8.89,0.54,0.89,8.57,73.05,0.05,126.21
4.15,0.99,5.35,18.44,7.82,5.19,4.9,8.51,4.99,179.89,4.42,192.57
3.86,3.39,3.83,17.07,3,6.01,9.62,9.9,9.52,48.92,9.49,130.07
4.65,1.88,5.22,16,9,6.36,1.54,5.15,4.17,162.91,4.92,179.15
23.72,2.41,8.02,17.42,5.59,4.04,1.33,3.41,4.5,90.5,6.89,149.28
29.27,4.13,5.2,10.15,8.68,6.94,8.35,6.01,9.72,41.67,8.64,129.05
23.2,2.87,6.74,12.43,5.9,7.26,0.72,7.03,2.09,49.15,6.02,100.67
16.91,4.81,8.59,7.96,9.45,0.7,5.54,0.78,5.77,181.46,3.09,181.98
22.85,3.48,1.3,1.55,2.43,7.06,1.25,9.49,2.96,2.09,5.7,65.12
24.93,1.71,9.81,2.13,1.39,1.24,7.6,0.06,3.53,21.68,2.29,78.05
16.61,2.26,4.4,19.04,3.92,3.35,3.84,3.03,9.28,28.37,6.95,113.59
23.87,0.16,1.8,13.83,8.69,1.94,7.13,0.12,7.65,120.16,5.52,151.13
24.44,4.52,1.18,12.79,5.19,8.54,5.02,0.23,6.49,28.82,4.26,88.34
22.84,0.63,5.23,15.18,6.81,5.92,1.06,0.16,5.33,49.2,3.5,86.3
23.8,2.61,2.2,13.69,7.92,3.92,2.62,9.72,3.11,136.32,5.97,164.51
27.66,3.53,2.78,4.51,4.94,3.17,8.65,0.59,5.46,144.45,2.68,174.19
35.88,1.42,5.65,19.85,2.82,1.69,0.53,9.4,9.01,11.67,1.21,106.86
15.7,1.3,4.56,17.15,7.58,8.18,3.99,4.18,4.45,145.75,5.55,165.53
16.53,0.39,0.66,15.3,3.41,6.04,8.23,6.54,7.85,68.52,1.74,126.12
27.5,2.37,8.44,14.06,8.87,2.26,8.75,4.43,3.58,137.28,7.31,180.64
8.89,4.43,2.53,9.53,7.27,3.26,4.54,8.69,5.6,134.71,4.03,153.89
0.12,0.35,6.73,2.18,8.89,9.47,5.95,6.81,5.09,179.2,0.73,171.25
48.52,4.65,8.84,6.21,3.34,1.04,3.24,9.13,4.9,93.1,4.91,165.25
9.54,1.5,2.12,3.62,1.2,9.67,4.21,9.69,7.46,199.77,4.64,194.48
2.56,0.57,0.88,6.24,9.5,6.78,6.65,6.73,5.59,155.89,6.78,160.66
44.12,2.25,7.25,0.77,7.4,4.42,7.46,3.48,6.54,165.07,4.92,203.71
24.79,1.03,2.65,7.75,4.27,5.76,3.47,3.98,4.34,121.98,9,151.03
0.18,2.22,4.4,4.86,4.73,1.75,2.84,9.44,3.46,58.09,4.23,82.86
45.07,4.52,0.44,6.98,1.55,7.48,6.07,7.59,0.32,15.46,8.24,85.81
42.84,0.42,2.96,15.95,0.41,6.47,0.6,0.11,6.91,171.81,1.11,180.04
26.64,1.69,9.76,3.47,8.47,5.26,5.69,0.63,1.06,176.56,3.5,173.17
12,2.8,5.53,14.38,0.12,1.41,3.31,6.52,7.8,126.02,4.62,118.4
13.61,2.69,6.28,12.43,5.81,6.87,2.24,5.64,6.01,110.18,0.55,137.52
41.67,3.5,5.3,4.7,9.69,4.56,6.7,2.58,6.9,57.57,6.81,129.76
44.68,3.98,6.5,19.45,5.17,5.14,2.4,7.53,3.64,12.24,0.95,113.91
38.95,1.56,5.4,16.78,8.7,9.05,8.34,1.69,9.36,33.55,1.62,140.11
35.38,2.54,4.77,5.37,7.13,7.04,6.54,0.04,9.8,88.23,5.91,112.12
34.2,0.94,7.32,8.39,5.81,2.07,3.19,7.83,9.49,109.48,6.72,143.12
35.51,2.1,1.15,7.45,6,0.71,8.54,1.56,7.57,59.42,7.01,112.85
38.89,4.1,8.7,2.46,2.67,2.88,2.8,6.66,7.88,7.32,7.2,105.04
12.63,4.9,5.7,1.93,8.74,1.27,5.87,0.61,3.18,134.01,0.61,139.59
13.71,0.78,5.16,13.08,2.66,7.04,8.59,9.62,5.83,161.26,0.56,178.05
41.98,3.79,0.63,16.45,7.35,4.99,9.9,6.36,2.8,45.88,1.62,109.98
45.15,3.49,3.07,16.78,3.93,6.57,0.61,2.07,6.86,99.41,4.68,164.8
36.41,0.15,9.13,16.19,5.63,1.52,5.47,2.26,3.05,68.82,6.86,120.02
46.07,3.53,2.07,10,4.05,5.71,0.82,6.4,3.9,186.19,2.09,198.64
8.96,1.4,0.81,9.31,9.82,4.18,3.35,2.23,4.59,17.15,6.97,36.73
47.06,3.82,3.71,18.71,5.73,3.32,9.58,6.18,8.27,75.2,8.48,171.67
29.93,3.64,8.18,10.14,4.74,8,3.75,3.81,9.26,49.58,4.93,123.72
40.47,4.35,4.06,0.66,4.5,0.83,0.81,1.52,0.07,72.07,4.86,95.83
20.42,2.96,6.8,15.53,6.94,4.85,0.07,3.07,5,183.26,5.86,192.53
43.9,1.54,4.95,19.84,6.37,0.55,4.47,0.09,1.21,26.09,0.82,89.58
34.09,1.71,2.75,11.12,2.84,7.51,5.64,5.03,0.05,35.14,0.26,111.32
18.96,0.4,8.68,16.04,2.99,6.25,2.08,9.89,7.15,111.41,2.36,139.79
23.02,1.41,0.2,15.21,4.49,6.36,3.78,9.81,1.3,72.32,0.94,114.3
17.15,4.54,5.86,8.94,8.51,0.29,1.93,0.89,8.88,112.91,4.26,158.13
25.5,2.02,0.15,7.29,8.81,7.3,5.08,4.84,4.94,29.22,3.28,104.27
47.85,0.32,5.72,10.32,0.27,4.21,0.29,7.32,2.64,2.04,0.81,88.52
15.95,0.95,0.72,12.95,3.09,0.9,1.58,5.73,8.1,78.17,5.4,111.34
36.44,1.24,0.49,13.65,7.48,6.43,9.41,1.31,1.96,30.95,7.05,105.87
20.37,1.01,7.12,14.91,4.24,5.55,6.91,6.38,3.96,96.26,1.22,155.66
23.48,2.32,3.8,3.28,2.59,0.42,8.13,7.64,4.22,30.66,5.6,109.34
35.08,3.16,2.92,10.64,2.77,6.11,8.99,1.64,8.56,26.94,9.82,102.93
4.24,1.53,4.6,16.32,0.93,2.57,9.16,2.52,7.06,188.81,9.11,202.17
33.19,1.39,5.79,7.03,0.17,0.34,1.79,9.16,6,194.61,5.58,198.16
37.47,4.79,1.57,10.36,1.39,8.26,0.16,6.27,3.33,4.58,0.51,90.74
40.26,4.09,9.2,1.49,4.62,4.9,0.15,0.92,6.57,176.74,6.4,186.26
45.13,0.5,3.15,16.56,1.69,1.04,8.2,7.11,4.04,157.91,6.72,195.11
40.03,1.01,4.15,11.55,5.73,8.56,6.37,5.76,9.79,4.93,6.11,104.46
17.49,1.55,4.09,10.35,6.02,8.57,8.3,6.51,6.26,81.27,2.15,138.22
30.97,2.97,2.58,12.07,4.08,0.92,9.2,2.32,5.93,197.83,9.98,208.28
44.46,3.21,0.4,4.13,3.95,2.26,2.08,4.07,8.65,122.81,6.58,144.45
38.17,3.07,3.54,11.29,7.88,3.97,9,2.27,9.22,33.84,3.98,129.7
42,2.4,6.03,15.05,8.98,6.09,1.35,9.45,9.85,122.52,1.41,177.48
35.57,5,3.56,11.35,5.54,1.94,4.51,0.86,3.23,59.97,0.01,100.4
14.04,2.6,2.91,14.55,8.03,1.04,5.66,7.93,6.36,135.52,4.07,161.87
1.52,4.99,6.77,4.74,7.49,4.8,4.28,5.99,6.57,178.13,6.88,187.41
14.75,3.61,2.4,9.83,6.14,8.99,3.73,9.16,2.64,78.48,8.09,137.62
32.09,1.81,5.71,19.39,1.5,2.53,6.14,3.85,9.88,156.16,9.24,186.4
16.58,3.9,1.13,16.18,6.79,5.23,7.89,5.74,8.28,52.25,7.59,120.47
15.04,4.59,8.76,2.28,1.52,6.44,8.54,4.47,3.99,113.81,5.71,141.02
28.97,0.75,7.23,17.9,8.94,8.43,7.29,9.73,0.34,129.09,3.01,182.63
16.24,4.74,1.65,18.07,4.92,4.99,5.85,5.23,7.26,62.45,5.04,136.8
9.92,4.45,2.95,13.81,3.99,6.17,6.69,6.86,1.68,124.88,7.45,136.04
21.93,1.9,6.38,17.21,9.66,6.01,8.28,0.43,6.24,179.51,1.65,196.94
0.08,3.59,2.06,5.74,6.07,8.45,5.04,2.24,0.06,175.88,3.9,159.93
22.27,4.94,4.04,3.19,7.51,1.82,8.46,3.23,4.47,43.68,5.27,106.22
33.75,2.15,6.5,10.88,5.67,5.12,0.84,2.92,1.79,26.23,7.2,94.74
40.02,2.76,8.72,11.07,2.41,3.59,4.63,8.33,6.51,19.65,4.26,100.64
6.4,3.91,7.54,12.63,6.58,6.23,0.6,2.62,1.9,196.69,7.92,193.39
44.6,0.93,5.05,13.24,2.56,6.9,0.72,6.86,0.07,164.52,0.55,180.57
37.05,4.41,5.73,17.99,4.19,6.28,8.26,0.16,6.29,149.84,2.93,206.3
13.44,0.25,7.96,17.52,3.25,7.63,5.87,8.53,6.44,139.44,9.41,154.53
34.38,3.85,5.05,15.33,5.76,9.34,0.69,3.03,2.51,129.88,5.9,157.24
40.82,3.29,6.67,8.52,0.95,8.36,6.48,6.35,5.46,1.34,2.98,82.8
14.79,3.28,0.71,0.15,3.59,3.01,8.31,5.24,8.15,175.67,5.25,180.97
44.35,4.43,7.94,4.42,5.3,4.4,6.72,8.53,8.8,79.82,3.89,163.72
4.89,3.74,5.69,12.43,6.67,6.58,9.31,6.77,9.88,36.75,9.01,106.45
42.08,2.66,5.05,8.17,4.34,2.16,0.03,1.18,5.77,25.08,8.96,92.28
17.63,2.18,2.71,6.04,1.76,1.3,7.72,7.98,7.34,160.88,5.88,181.81
21.02,1.86,8.17,0.79,2.14,3.3,4.17,4.05,5.92,172.11,3.33,165.23
23.41,4.33,9.56,10.74,9.25,6.53,6.32,7.81,9.03,24.49,0.02,117.02
10.01,1.64,1.34,16.89,4.43,2.03,5.63,0.59,8.59,89.1,4.03,110.88
33.13,1.87,6.46,2.24,3.1,5.33,0.09,7.2,9.18,197.44,0.28,190.09
23.1,1.09,9.66,0.85,4.85,8.66,1.02,9.22,8.23,121.16,5.95,141.84
44.62,0.15,3.23,4.11,6.94,5.23,2.57,1.37,7.76,56.74,5.85,115.94
20.43,4.21,9.27,12.16,8.24,1.14,2.04,7.53,0.65,71.97,9.61,120.52
4.71,3.68,9.69,3.8,9.49,3.29,0.56,4.6,7.61,130.05,8.04,148.41
0.65,1.94,5.14,18.35,9.49,4.6,3.16,2.5,8.64,152.08,1.58,147.79
16.96,4.09,0.04,13.7,1.68,8.5,7.31,1.6,6.66,76.95,7.56,102.58
38.21,3.91,4.7,11.73,7.68,2.66,7.34,1.43,5.22,39.6,9.21,124.69
9.68,1.41,7.99,2.42,4.53,0.27,3.47,2.22,4.48,155.03,0.59,140.8
35.21,2.67,8.32,15.92,1.85,5.87,3.37,5.78,2.76,106.41,4.85,158.31
24.58,4.5,5.35,3.02,9.29,0.34,4.34,2.71,5.56,48.07,4.15,87.93
16.61,0.79,9.76,2.47,1.96,3.55,8.25,0.82,5.68,137.26,0.89,124.23
7.28,2.28,1.06,11.73,5.73,5.65,2.3,6.66,2.38,62.56,5.07,97.66
37.02,2.84,9.73,4.57,9.25,1.96,2.34,9.91,6.37,11.53,6.79,114.01
13.79,3.16,9.24,14.05,7.25,9.13,4.86,1.85,9.9,18.45,0.78,83.86
44.04,1.71,7.32,17.42,2.61,0.34,6.9,4.48,3.98,28.01,1.67,125.29
31.53,0.34,3.21,16.37,8.92,0.21,3.17,7.68,9.85,107.71,4.05,161.51
23.71,2.81,4.39,12.14,0.61,2.85,6.61,3.76,9.65,66.13,2.61,129.26
22.66,0.36,5.62,7.71,2.65,0.86,4.13,4.81,0.98,123.69,1.26,126.83
31.17,3.32,0.73,7.12,9.69,3.04,5.5,5.01,0.42,33.27,5.83,94.38
48.88,3.37,6.78,18.65,5.11,1.08,6.48,7.96,5.59,71.94,3.21,175.81
3.98,0.49,7.22,1.28,6.63,6.4,8.82,5.38,8.01,90.39,4.88,115.59
48.04,1.97,6.24,4.6,5.09,8.86,3.86,8.48,9.65,161.01,5.11,213.63
23.35,3.45,8.7,8.62,3.33,5.67,7.75,5.41,0.45,73.84,8.61,116.19
49.32,4.46,6.44,1.64,5.25,5.07,4.24,8.51,7.96,17.46,5.21,107.97
40.1,2.03,1.23,18.43,5.35,1.15,0.75,9.38,0.64,21.93,5.25,88.8
18.48,0.15,6.79,13.96,3.53,9.22,9.12,2.32,3.64,124.86,2.6,152.47
14.39,3.35,7.73,5.18,6.36,1.41,6.67,4.41,5.36,172.73,1.1,179.49
19.55,0.09,4.76,13.11,2.56,5.41,0.46,7.14,4.24,38.29,8.35,97.04
17.45,4,1.41,6.29,9.46,1.37,6.81,5.52,0.72,115.89,7.43,129.51
35.42,2.07,6.6,12.6,6.56,8.23,2.44,4.73,4.23,170.83,4.8,202.93
4.23,2.34,6.89,14.4,0.63,1.44,0.77,6.08,5.52,83.39,1.08,109.21
0.33,1.19,8.94,19.38,4.55,4.32,3.06,4.66,3.6,150.87,7.26,163.75
34.03,0.84,5.89,12,5.87,2.6,5.34,5.1,3.69,174.67,0.95,178.13
42.08,1.05,6.2,3.92,4.61,7.32,9.49,9.35,0.42,53.5,7.39,123.42
12.19,4.97,6.22,18.61,5.42,6.45,9.51,7.56,3.48,28.85,7.72,110.44
27.65,0.55,6.82,10.51,0.25,6.31,2.34,9.45,9.08,14.84,0.44,82.01
20.87,2.19,9.89,9,5.37,7.41,3.78,6.77,6.61,6.83,9.38,93.47
8.3,2.4,0.74,13.92,6.46,1.91,4.86,8.74,7.34,164.81,3.95,183.59
19.54,2.94,0.36,11.32,0.5,4.49,3.33,6.07,1.04,44.51,1.01,96.18
26.33,4.09,9.42,3.93,1.27,0.32,3.35,8.53,5.55,147.55,4.59,167.5
38.78,0.16,8.85,1.79,7.59,5.68,0.96,6.62,1.93,171.59,3.22,156.01
1.23,4.46,5.83,3.57,2.1,3.68,1.08,9.39,4.76,165.6,2.94,151.61
31.21,4.28,5.43,17.4,4.63,0.82,1.67,5.91,3.85,12.64,3.89,97.56
0.69,1.28,4.92,17.77,8.44,4.61,3.2,6.96,9.55,72.68,9.4,117.07
40.82,3.16,0.98,2.6,1.29,1.89,4.29,5.17,1.32,50.29,4.27,82.79
12.61,3.75,7.05,10.52,3.54,2.32,9.78,8.55,5.86,93.74,8.34,145.93
0.64,0.38,5.88,9.46,2.49,4.62,4.08,8.03,8.09,118.93,3.16,123.41
37.49,3.69,0.74,13.85,9.81,8.68,7.65,3.97,0.59,57.01,6,135.9
31.53,1.71,3.72,16.86,2.5,1.25,5.43,0.22,2,105.01,6.26,154.4
13.82,3.12,2.11,13.22,4.72,1.5,8.6,8.5,5.99,46.47,0.2,103.25
28.88,1.89,6.02,0.94,3,2.76,2.69,2.95,8.65,26.98,5.32,97.74
32.81,2.38,5.34,9.54,5.43,6.39,5.73,5.01,2.78,17.44,2.33,103.52
3.4,4.15,6.74,6.69,1.51,5.32,3.97,7.01,3.73,48.58,0.71,91.99
3.24,4.84,6.13,19.53,2.31,5.96,6.68,7.66,7.34,172.6,2.58,193.8
41.85,2.11,4.12,1.87,9.97,3.24,6.21,4.75,4.65,42.54,9.52,122.41
24.68,4.23,2.84,5.24,3.83,7.05,0.27,0.71,5.45,5.04,6.5,57.21
18.65,0.1,4.58,18.14,2.16,6.05,1.43,7.95,9.12,103.94,8.1,163.07
8.7,4.69,4.04,14.24,8.8,6.36,1.02,9.07,6.26,6.06,6.22,87.84
46.6,2.11,9.82,13.33,9.57,3.47,3.18,7.98,8.28,52.2,3.91,134.2
34.26,4.3,9.4,17.98,8.51,3.35,4.02,3.99,4.62,106.2,2.71,158.66
21.46,2.68,3.53,16.05,4.36,4.23,9.23,5.66,2.21,136.07,6,179.09
0.6,2.28,8,9.32,5.16,5.73,0.13,6.18,5.45,184.15,2.5,175.83
22.77,3.16,2.68,17.79,3.98,8.05,7.8,1.85,0.47,81.41,7.59,135.63
41.69,1.96,6.61,12.72,1.07,8.81,9.16,7.29,8.71,150.08,0.67,205.45
30.4,4.89,4.66,17.62,6.87,3.2,5.89,6.08,3.25,79.64,8.25,141.72
1.02,3.18,1.93,10.54,5,9.64,9.77,0.4,4.9,127.82,0.5,151.67
49.04,1.65,4.05,5.91,3.72,2.84,9.36,5.47,2.87,171.72,3.92,198.17
16.06,0.21,8.46,3.04,9.28,0.84,3.94,5.3,8.91,34.53,8.94,83.15
46.37,1.92,2.73,6.39,9.75,8.68,3.44,6.97,1.03,157.36,1.66,177.74
38.69,2.94,3.25,4.02,6.52,3.36,6.99,2.91,2.3,183.07,0.63,187.07
26.6,2.25,9.44,19.41,8.94,2.28,2.38,6.61,6.29,40.82,0.7,124.58
36.26,4.23,6.72,11.87,1.18,4.51,6.45,9.72,7.51,83.98,2.69,157.45
3.08,1.67,0.12,17.05,7.36,8.02,7.83,9.66,2.17,42.03,0.13,90.69
45.63,2.58,8.61,15.5,1.1,2.13,8.44,4.33,0.92,41.99,5.14,118.44
1.33,3.92,4.69,2.38,7.5,9.82,1.09,2.85,4.23,76.35,8.81,81.12
40.45,0.49,2.2,18.92,1.72,3.42,0.55,8.42,7.4,196.12,8.02,206.56
23.43,1.75,8.46,11.86,4.58,3.53,4.16,1.8,0.69,174.01,3.35,176.45
6.26,0.64,4.13,14.06,0.25,8.07,2.37,6.71,6.34,35.26,0.35,77.88
34.33,1.75,9.41,18.01,0.16,8.15,7.76,7.74,8.21,15.62,8.09,116.68
49.32,4.33,3.71,13.91,1.28,5.91,9.15,9.37,1.54,31.17,7.46,121.77
16.91,4.04,8.66,13.83,6.65,8.48,0.92,2.77,4.38,196.58,0.97,185.11
49,2.53,7.99,3.39,6.2,3.12,1.37,6.32,3.49,36.18,0.39,88.76
2.63,1.09,5.51,12.5,4.25,8.4,0.45,2.33,3.9,189.86,4.8,158.48
40.32,4.64,5.52,5.64,5.2,3.29,8.46,4.17,3.28,199.78,3.39,203.36
41.12,1.21,9.81,17.96,3.02,3.98,8.93,4,5.98,48.52,7.29,132.54
20.1,4.15,6.08,18.88,7.37,5.76,0.34,8.15,4.7,44.45,1.51,98.02
39.94,4.58,7.27,11.6,6.39,4.16,7.96,6.3,6.83,114.13,9.29,204.67
17.71,1.13,9.38,19.31,2.57,3.07,4.83,5.05,5.75,62.9,7.39,120.68
32.03,1.46,2.44,17.88,1.59,9.55,1.9,6.79,6.74,99.97,4.37,173.46
29.19,3.12,2.13,5.94,3.37,5.76,8.38,1.56,9.34,72.13,6.23,130.25
27.35,4.5,2.05,11.19,9.55,2.05,1.14,4.62,9.2,56.67,4.28,118.97
35.92,1.87,2.2,1.14,2.9,9.18,2.43,4.44,4.25,113.3,1.39,123.87
43.96,0.89,9.17,13.35,0.65,5.36,8.7,4.55,0.05,193.4,4.44,201.51
2.07,2.83,2.81,19.99,8.14,5.6,6.21,7.94,7.93,164.96,9.81,194.02
31.74,0.84,6.17,5.54,2.19,6.07,1.81,9.48,5.85,186.88,2.83,192.71
21.3,4.76,4.51,0.62,8.64,4.04,4.13,1.15,6.97,190.64,3.74,183.57
3.94,0.83,3.07,8.47,6.05,7.33,2.65,4.42,9.93,13.18,3.31,81.85
25.26,4.96,0.23,12.6,0.49,6.64,5.72,3.45,8.13,73.54,9.34,133.14
43.57,2.06,7.68,1.21,2.24,3.72,2.66,0.43,2.42,192.62,1.51,167.59
36.45,3.23,3.44,9.41,9.56,1.28,1.54,0.66,0.95,145.8,7.69,153.98
4.95,4.51,8.92,12.61,1.25,6.27,8.83,4.12,2.9,128.07,6.22,131.23
2.9,0.29,6.29,13.82,4.43,1.14,2.92,3.9,8.65,172.36,5.92,158.73
30.17,3.16,5.29,11.65,2.95,2.09,7.15,3.03,5.58,28.75,2.51,98.36
19.71,2.96,7.02,19.52,9.88,0.55,5.89,9.56,4.49,24.45,4.85,112.6
5.38,1.58,6.7,19.32,4.18,1.46,0.81,1.41,7.27,143.92,8.72,153.31
11.13,0.93,3.66,2.47,9.73,6.97,1.76,8.78,8.19,101.86,1.05,126.35
22.4,4.71,1.98,18.56,6.95,8.51,2.07,7.65,8.59,53.13,3.55,119.36
19.86,4.99,3.32,16.78,2.18,5.88,5.56,5.85,6.11,54.85,8.17,115.47
3.62,4.54,8.08,15.48,6.26,4.8,8.13,0.92,0.76,66.23,9.49,108.9
6.3,0.75,2.35,9.58,5.46,1.77,7.89,4.74,8.17,35.94,4.95,76.27
32.52,1.16,2.34,12.37,8.59,6.42,5.71,2.83,3.23,20.83,5.54,95.32
22.52,0.13,3.83,0.64,6.75,2.91,5.09,8.81,0.44,190.41,5.71,176.74
38.15,2.62,4.44,19.14,5.13,8.53,3.78,8.3,2.74,141.1,5.49,193.34
30.61,4.17,2.43,10.64,8.27,3.75,5.86,3.67,2.13,199.02,4.92,194.8
27.1,2.61,9.46,11.41,2.45,9.56,9.92,1.07,8.96,82.74,6.38,137.75
36.99,2.54,7.64,15.68,5.37,6.76,8.47,5.38,4.92,64.79,6.72,162.04
27.77,4.3,3.41,4.02,3.86,7.13,9.45,4.62,4.84,19.38,7.52,93.45
21.6,2.28,9.85,4.13,3.47,2.36,5.79,8.72,0.44,98.14,0.87,129.51
33.14,4.01,7.93,19.98,5.73,0.58,1.37,6.82,5.27,53.76,7.56,114.46
25.73,2.32,5.77,9.24,7.74,4.98,2.5,0.79,4.21,158.67,2.25,163.42
23.56,0.31,9.44,0.71,1.81,7.74,2.37,1.58,0.98,11.91,4.46,43.87
14.92,2.36,6.57,8.49,6.65,0.24,2.78,0.45,3.11,94.42,1.78,96.95
17.63,3.95,3.51,9.29,8.02,7.53,9.66,7.52,9.14,88.57,2.04,159.39
47.39,3.19,4.67,17.27,6.89,9.74,4.01,4.57,0.17,123.95,2.15,160.69
1.12,3.38,8.63,19.13,5.7,5.66,3.3,0.51,8.65,124.71,3.84,145.52
17.16,2.66,6.49,9.68,8.18,7.35,1.66,6.95,3.59,99.69,4.13,139.52
14.92,4.35,6.44,8.4,3.17,5.4,5.04,9.84,2.37,81.66,9.12,137.65
37.35,4.91,5.39,0.95,0.77,6.32,0.23,9.98,8.44,19.55,0.18,99.17
1.71,1.33,4.27,19.04,7.76,1.39,0.89,1.55,4.45,181.84,5.77,173.87
31.92,4.75,5.73,13.25,6.94,5.25,7.09,2.28,3.08,164.18,1.83,192.45
30.59,0.35,3.46,9.46,1.16,1.85,8.5,4.82,9.84,114.52,7.33,154.83
35.65,0.04,5.24,1.81,4.5,8.79,6.9,4.83,2.1,148.35,4.36,152.12
0.41,3.46,3.51,7.43,2.45,6.29,0.52,2.75,2.81,38.95,2.28,77.94
13.38,2.13,2.96,11.63,8.75,3.61,8.93,4.14,6.09,110.42,5.79,153.03
12.53,2.51,7.96,13.58,8.03,7.2,0.31,9.48,3.77,118.11,8.52,159.84
40.12,0.85,7.2,15.8,3.27,6.1,6.13,4.98,2.76,142.04,1.21,180.25
36.16,2.12,9.69,8.84,1.54,4.54,3.62,2.43,4.02,195.48,4.62,186.97
12.57,3.03,2.41,2.54,6.57,6.72,1.81,1.88,6.93,71.46,3.02,98.48
31.3,3.53,9.61,16.67,4.55,4.03,5.52,6.89,7.4,191.43,2,216.91
34.69,3,6.64,11.35,0.5,2.03,0.97,7.35,6.43,36.57,9.79,108.47
8.56,0.98,9.32,3.13,1.92,3.62,5.75,5.92,4.32,94.93,3.78,100.97
38.32,2.33,5.96,11.27,5.66,2.24,7.42,2.89,1.58,96.32,4.06,149.21
36.23,1.34,2.81,17.76,7.47,5.09,6.83,9.37,1.6,145.72,1.37,170.59
27.71,2.94,2.35,15.92,8.62,8.86,4.03,6.17,5.01,186.89,4.18,209.14
6.48,4.76,3.83,10.09,4.36,6.75,0.05,6.79,7.28,84.96,0.98,115.68
8.09,4.36,0.98,1.41,0.9,5.38,3.81,4.75,0.94,29.6,5.61,68.53
12.51,0.75,0.41,0.96,0.24,0.28,1.12,7.85,4.36,153.23,6.98,127.51
36.59,3.09,3.18,9.75,8.66,2.61,3.15,4.15,2.8,146.58,2.12,167.89
1.99,3.2,3.65,10.51,9.84,5.71,8.95,4.6,1.88,33.28,8.25,97.88
46.31,1.35,8.3,16.49,4.16,3.61,3.46,2.23,9.85,177.21,6.83,226.71
15.66,2.66,6.55,10.05,9.82,3.55,2.83,5.73,7.82,105.85,9.94,135.57
36.01,3.21,3.52,0.31,9.73,0.92,7.19,3.78,9.77,46.34,6.23,98.06
22.27,2.71,1.8,4.78,0.32,5.2,8.76,6.29,3.96,152.35,2.9,176.49
43.55,1.79,4.81,6.68,3.04,3.93,4.89,9.85,2.66,53.35,4.86,106.58
27.69,4.77,4.25,15.31,5.39,5.5,9.1,1.67,7.72,106.16,7.24,163.01
15.79,3.43,2.54,5.04,3.67,0.51,4.71,7.75,0.96,19.52,4.54,67.2
16.99,1.87,2.48,10.69,0.94,0.59,3.51,2.34,0.18,64.37,1.34,82.86
40.33,3.48,4.66,7.49,3.89,5.83,3.1,5.15,4.09,126.3,6.16,155
29.15,3.74,2.8,4.58,8.37,0.91,9.61,1.8,9.72,1.66,8.98,89.38
49.26,0.19,5.51,4.51,0.8,6.96,4.8,4.25,3.92,8.81,5.64,86.02
16.41,3.24,3.96,13.9,9.38,9.84,0.08,0.91,1.37,158.71,1.93,170.9
12.83,2.5,8.28,6.46,3.15,5.4,0.11,3.33,4.72,160.6,9.31,155.71
37.73,4.53,0.83,3.93,2.23,6.35,9.4,3.64,5.38,178.1,9.95,196.95
31.79,1.87,8.74,5.58,3.9,7.77,2.59,0.45,5.12,41.05,2.65,83.53
28.48,3,8.97,4.79,8.14,4.88,0.67,2.45,8.1,115.52,6.12,138.71
14.24,0.29,7.55,7.58,6.33,3.19,9.56,2.11,3.39,46.52,6.29,73
36.69,3.87,9.33,14.3,6.54,6.03,9.46,6.34,7.98,106.79,4.37,149.67
22.93,0.87,0.33,11.89,8.43,7.13,0.09,1.07,2.13,25.89,2.06,61.96
30.86,0.2,4.12,17.33,8.01,2.26,4.15,6.39,7.68,110.11,6.01,156.64
28.84,3.32,2.38,14.37,0.17,6.08,7.16,2.59,4.7,82.18,2.91,127.84
4.73,1.39,5.5,11.42,9.56,6.27,2.75,6.53,3.13,44.51,5.4,94.24
21.09,1.12,1.57,19.31,6.79,0.91,8.38,9.83,0.27,155.94,3.72,170.45
26.29,1.53,6.23,19.54,8.66,3.16,2.81,7.25,3.47,74.44,0.26,138.02
25.1,4.74,8.4,16.25,0.71,2.85,1.9,6.24,5.66,175.25,2.8,199.27
14.65,3.53,4.17,1.67,8.85,8.71,7.78,2.2,0.82,13.34,1.18,54.77
49.27,2.81,4.62,11.99,9.42,6.41,7.37,5.27,3.45,10.24,1.58,110.19
14.85,0.3,6.23,15.37,9.01,8.67,7.11,8.57,8.9,25.58,8.22,122.83
44.22,3.46,4.11,19.74,3.71,7.48,2.17,1.9,2.11,92.26,0.09,151.17
0.89,3.46,4.46,13.99,8.78,8.74,4.77,1.14,7.91,28.63,8.56,87.26
17.96,0.65,3.35,12.69,4.09,7.35,2.67,7.94,6.74,132.5,5.45,157.04
25.04,2.11,3.36,1.19,7.42,1.39,4.98,4.36,2.38,162.84,7.32,163.31
27.73,4.86,0.4,14.56,2.83,4.55,6.38,0.05,5.18,96.3,3.91,148.34
45.13,4.82,7.39,10.33,9.44,9.59,2.1,8.86,9.36,53.59,8.48,150.64
13.8,2.56,1.3,5.93,4.27,3.09,9.96,7.79,8.62,65.3,7.19,124.4
10.34,3.07,5.2,17.83,1.72,2.6,9.05,1.78,2.11,27.64,7.32,86.47
21.61,2.99,8.1,16.12,5.95,1.23,9.83,2.51,0.18,83.39,1.4,112.64
4.47,1.92,8.11,7.7,2.97,3.42,0.59,3.37,9.43,140.41,1.58,161.27
22.37,1.02,7.07,16.03,0.01,2.72,1.55,6.91,8.35,108.28,1.48,139.74
27.67,3.86,9.47,19.06,9.4,6.57,8.78,8.4,7.87,90.76,1.04,175.03
6.63,2.19,6.27,15.67,3.84,8.07,8.19,6.78,7.22,189.8,2.45,199.54
19.23,1.59,7.51,6.53,4.92,7.79,2.96,9.43,9.19,76.85,1.52,123.38
4.17,4.78,3.53,9.52,2.97,6.87,3.87,3.16,2.92,166.79,8.8,159.08
36.86,0.43,3.18,10.87,3.04,1.88,3.74,8.32,9.9,52.54,6.24,120.08
8.51,4.77,4.12,9.98,9.33,9.31,7.02,3.46,0.61,124.22,8.9,146.95
4.21,3.75,6.6,8.98,0.29,8.21,6.69,2.89,1.13,105.34,5.17,131.59
24.16,1.4,9.84,8.98,7.85,6.76,9.82,1.37,4.9,68.78,8.97,124.3
13.65,3.93,8.54,1.3,3.42,6.11,7.99,6.02,5.9,79.41,6.29,113.21
8.02,3.03,0.54,5.13,0.16,8.49,2.37,8.62,7.69,22.42,7,74.93
35.49,0.03,4.46,10.49,1.8,0.26,9.58,7.56,3.48,127.86,1.24,157.45
28.9,0.64,6.95,13.21,7.73,9.24,3.06,3.82,2.09,150.19,1.86,190.02
26.21,1.67,7.55,5.47,9.88,3.33,8.16,3.83,6.06,181.76,8.04,177.97
13.85,2.47,7.82,6.36,8.54,9.46,2.57,6.31,5.28,179.08,8.94,184.39
27.98,1.34,9.34,1.49,5.82,5.4,8.16,3.75,1.28,54.87,9.75,102.86
47.05,1.08,2.32,4.88,0.41,4.34,0.43,6.31,3.53,72.39,0.21,102.93
33.84,2.91,4.8,12.78,6.86,9.27,0.24,1.36,4.86,72.19,1.5,107.03
26.81,1.6,4.8,18.14,0.97,8.97,5.3,1.75,8.04,88.38,1.07,138.5
4.22,3.16,6.21,16.1,0.13,8.31,3.93,3.52,1.87,143.91,8.86,136.1
25.21,0.42,8.59,2.95,2.21,1.18,5.01,6.39,8.55,174.13,6.66,177.82
47.53,4.87,0.45,6.62,9.94,1.53,3.56,7.49,8.79,154.91,1.5,209.16
40.15,2.69,2.68,12.37,6.94,3.64,6.36,3.63,2.88,160.19,6.61,163.46
48.35,1.33,3.62,1,2.34,7.17,1.93,8.31,4.24,95.43,1.4,143.94
21.55,1.74,1,18.57,4.24,7.09,6,2.24,4.85,92.13,7.24,128.96
43.78,3.46,9.29,11.97,7.25,6.11,2.28,1.05,5.62,175.98,1.75,203.53
31.85,3,9.34,14.74,7.54,0.72,8.33,0.68,8.94,82.6,4.86,160.54
25.93,0.03,8.82,14.56,9.51,6.32,9.75,2.79,1.74,44.32,6.86,113.85
4.35,2.79,9.94,13.48,4.55,7.43,3.55,4.04,9.79,102.77,7.23,166.98
23.53,3.8,6.66,6.97,7.33,8.56,9.37,9.09,6.32,25.15,7.51,103.67
33.81,1.43,4.32,2.99,8.92,2.53,8.78,1.57,6.62,156.34,9.56,161.52
24.83,2.97,8.51,9.73,6.86,5.84,9.52,1.09,7.33,105.46,0.87,150.67
14.84,3.65,4.32,17.49,0.46,7.27,6.72,9.14,8.45,179.12,9.86,208.3
32.82,4.53,0.81,2.71,6.49,7.37,5.39,3.96,8.32,56.4,3.66,128.32
38.49,3.59,3.52,4.37,6.28,4.39,1.3,2.73,7.5,0.36,4.67,89.57
8.18,2.67,2.24,18.25,9.95,9.16,1.34,4.86,7.48,65.12,5.38,119.38
36.97,0.45,7.66,17.01,2.21,0.83,0.65,6.11,6.29,192.34,6.52,208.17
38.46,4.47,5.56,7.28,4.92,2.46,6.26,1.21,6.6,179.33,5.8,210.26
17.98,4.86,2.76,3.13,2.87,0.26,4.09,7.56,5.03,29.77,6.82,81.58
26.73,4.32,5.43,17.15,7.71,8.99,7.72,2.49,9.19,17.95,6.26,118.58
0.25,0.62,7.22,3.65,8.21,3.4,3.23,7.42,2.64,47.98,9.97,102.43
32.34,1.47,9.14,1.35,1.75,4.33,1.27,0.84,4.72,151.18,4.04,160.25
12.27,4.49,9.23,17.2,8.93,7.36,6.13,5.85,1.7,46.19,4.99,114.75
44.49,1.42,6.85,16.61,9.63,4.36,0.65,8.46,1.41,7.78,0.92,93.66
0.65,0.18,7.55,2.38,3.13,5.25,0.58,0.87,1.26,131.19,2.02,94
36.31,1.18,8.4,8.95,8.37,6.61,2.91,6.9,0.66,86.18,6.86,126.92
42.61,3.53,0.73,15.55,7.03,7.1,8.51,9.73,5.3,103.7,4.52,195.88
23.01,2.73,1.36,0.29,1.22,9.61,0.02,2.99,8.7,181.98,8.09,188.39
6.08,0.76,8.72,14.37,1.11,5.88,3.77,5.14,6.23,81.66,5.06,112.89
26.07,2.14,5.26,16.61,3.79,3.82,8.56,7.13,1.19,70.95,6.4,116.67
24.5,2.69,3.73,11.55,2.71,1.98,4.96,9.75,7.67,10.12,1.78,94.33
30.56,4.7,4.55,11.81,2.05,9.3,4.17,8,3.71,55.18,1.97,116.04
30.27,3.64,9.76,16.68,5.02,9.65,6.02,9.34,6.29,66.56,6.47,158.45
36.26,1.1,7.71,5.29,1.61,9.94,7.25,2.18,8.38,147.8,0.57,185.3
26.66,4.45,1.27,5.97,0.03,3.59,8.8,5.5,6.69,107.73,1.25,168.61
35.91,3.51,2.14,4.95,6.71,4.45,5.44,1.9,0.44,80.87,3,130.01
5.03,1.36,2.37,7.15,0.9,5.61,1.16,4.37,4.4,113.77,5.33,112.81
7.26,3.42,6.06,18.93,1.27,4.85,6.45,2.65,1.84,31.09,9.01,110.4
42.02,2.4,3.65,8.51,7.54,5.8,8.8,9.2,2.18,114.04,0.35,174.7
3.55,1.8,3.17,11.25,4.2,9.55,9.96,0.96,6.9,102.24,8.27,136.18
31.34,2.44,0.31,5.66,0.64,4.46,3,7.8,7.1,115.71,4.12,125.96
18.99,2.6,4.32,10.5,9.71,9.7,0.9,2.97,1.39,159.01,4.98,163.47
20.47,2.92,9.53,19.6,8.95,7.27,6.93,5.67,8.1,131.91,7.38,187.41
19.19,3.43,1.99,12,5.95,8.57,1.04,5.86,9.08,20.68,8.44,95.86
45.84,4.18,2.52,9.64,7.2,0.3,4.99,2.33,4.97,178.59,9.1,205.16
23.67,3,1.6,7.35,8.78,2.32,5.79,3.44,7.61,93.73,8.12,133.47
11.73,2.49,3.08,14.05,3.93,1.21,6.41,1.49,3.64,142.82,5.04,143.71
47.17,0.81,8.19,0.26,9.61,5.19,3.62,6.64,3.27,82.62,1.79,143.11
40.3,1.49,2.34,19.55,3.91,2.37,3.15,5.45,2.2,22.57,0.99,91.77
48.25,4.06,4.23,9.28,6.56,5.59,8.53,4.27,1.72,108.75,7.09,169.56
46.75,2.63,4.4,16.12,5.3,8.8,2.37,1.39,7.06,185.22,8.37,223.15
21.23,4.01,5.25,17.62,1.41,5.06,4.03,3.79,5.42,176.08,2.3,198.68
19.84,3.34,0.66,16.04,0.58,0.17,7.32,4.74,4.85,191.03,5.52,186.25
33.21,4.94,5.56,16.66,3.3,0.92,1.39,3.45,2.26,141.89,7.73,180.44
23.61,2.24,7.34,6.27,6.85,8.44,2.97,0.63,8.84,23.08,3.22,77.22
31.45,3.35,5.34,13.18,1.59,5.86,7.67,0.19,1.27,157.35,2.54,166.73
1.12,3.65,3.18,1.66,1.2,2.32,5.94,1.26,0.42,26.19,8.82,43.72
48.26,0.93,8.91,17.56,7.24,7.64,6.81,2.76,1.74,54.58,5.06,116.53
43.47,4.26,2.58,7.05,7.96,8.57,8.68,8.06,2.3,162.56,6.26,200.42
32.5,1.38,1.3,8.88,6.06,2.39,0.05,1.54,1.81,139.93,5.39,153.95
38.31,3.15,5.61,4.8,6.29,6.58,9.36,5.77,0.06,69.16,9.01,124.98
41.73,3.64,7.3,9.69,6.2,6.35,4.75,7.68,3.3,21.33,1.48,116.35
41.82,2,3.46,12.64,1.59,5.82,0.67,5.04,9.08,85.75,8.4,150.46
31.9,4.78,8.22,13.75,1.17,3.87,8.31,1.36,9.5,91.91,2.35,139.4
19.12,3.96,8.55,3.65,7.92,9.8,2.36,6.18,7.71,121.32,1.21,157.94
46.08,3.69,6.33,11.13,6.99,5.96,3.5,9.14,4.2,3.71,0.17,96.84
22.37,1.73,8.15,6.98,8.31,6.22,3.31,3.26,0.03,17.26,9.12,76.73
12.22,0.43,9.68,6.3,6.37,0.3,6.75,3.45,2.29,156.54,4.39,140.38
40.85,3.16,6.46,17.21,6.21,4.79,9.64,4.88,5.08,133.82,3.75,183.09
10.25,1.25,0.85,17.76,3.65,1.92,2.64,9.34,4,25.46,4.89,81.84
24.23,1.57,2.43,10.76,6.06,9.52,9.2,0.8,0.7,47.32,3.5,82.08
46.77,1.61,6.04,15.81,3.03,6.48,6.43,8.93,9.46,48.33,8.46,172.1
16.24,1.36,1.31,14.69,0.65,7.37,7.55,7.15,5.61,51.59,4.09,115.89
35.39,1.22,8.03,15.88,3.83,3.04,8.73,1.32,2.75,55.51,9.94,131.06
25.08,4.9,5.48,12.75,9.2,9.69,0.98,1.06,2.35,9.34,4.62,74.87
27.21,1.04,8.87,4.65,4.74,4.03,8.03,6.06,7.05,137.92,3.76,134.65
30.54,1.73,9.15,18.82,4,0.93,5.22,9.17,0.72,6.6,1.27,84.03
11.99,3.8,2.09,13.97,0.6,6.47,3.3,8.61,9.99,43.27,6.49,116.58
31.11,4.19,4.11,8.21,5.79,5.49,5.27,9.6,5.83,163.63,0.58,178.94
42.83,4.87,0.46,18.78,6.71,4.21,7.37,2.16,1.15,69.14,9.14,149.11
19.82,3.48,6.9,14.39,0.63,0.49,9.39,5.66,0.62,95.59,6.57,126.63
17.73,1.11,8.92,15.53,5.02,1.28,6.44,1.61,8.26,173.24,1.78,186.93
9.19,3.11,3.55,8.69,2.42,3.24,8.73,2.14,1.83,52.72,2.63,88.9
49.89,3.72,3.89,4.94,0.78,1.23,2.22,5.68,1.58,1.47,5.63,68.02
28.56,2.34,5.86,13.63,0.06,8.74,4.74,5.28,0.35,53.9,8.01,116.91
34.71,2.85,7.9,6.66,6.72,9.77,6.79,8.04,4.4,109.02,5.91,149.25
22.49,2.24,9.29,11.6,6.78,3.64,7.91,2.68,4.19,105.32,0.71,145.03
20.95,0.79,0.78,1.58,0.53,3.36,6.18,3,0.85,191.12,7.93,173.19
20.88,0.65,6,4.88,7.69,4.12,1.52,7.24,3.82,134.32,8.21,151.41
0.6,3.46,6.88,3.32,4.27,8.95,7.73,9.51,3.53,43.98,6.21,102.75
7.02,1.01,5.46,0.69,5.46,4.85,1.7,7.12,2.84,141.33,5.14,143.34
1.46,2.67,8.2,0.51,7.84,0.55,8.38,5.14,3.67,26.86,1.18,58.75
32.93,2.92,3.45,16.71,2.04,7.13,8.53,6.81,5.78,72.61,5.8,149.17
25.31,4.74,6.2,0.94,4.87,2.44,6.42,8.32,8.05,188.38,8.61,211.8
23.98,2.75,5.81,19.24,2.23,7.32,3.7,9.51,2.16,97.06,7.29,175.28
38.96,4.45,6.02,1.59,6.33,8.15,3.01,2.5,2.51,72.62,1.02,107.45
39.89,0.03,8.52,5.9,0.39,6.59,0.76,4.45,5.83,82.32,5.52,117.19
34.65,4.95,6.36,3.49,1.77,6.35,2.09,3.08,1.61,19.98,5.29,76.72
17.44,1.97,3.6,12.02,8.4,7.58,4.58,8.59,1.09,107.37,5.16,148.33
29.99,2.05,6.88,6.58,1.67,0.94,3.05,0.6,1.68,89.96,8.89,123.35
47.6,0.45,3.36,3.33,6.48,1.72,7.22,4.4,5.5,96.75,8.03,159.86
4.34,4.22,9.16,13.96,0.06,1.81,2.19,5.96,6.91,158.16,6.83,168.61
2.27,0.78,9.76,8.75,7.35,1.74,6.82,6.39,9.41,60.58,1.65,91.14
8.33,3.59,3.13,13.86,5.01,0.08,1.63,9.43,8.78,50.77,4.97,100.22
9.63,3.7,1.93,15.53,3.29,1.13,4.51,5.95,3.31,2.05,7.14,72.24
26.59,4.44,9.93,13.34,6.91,5.92,3.23,0.76,0.18,0.76,5.43,70.2
30.62,2.21,0.38,8.76,6.36,3.92,4.86,3.61,3.77,34.06,7.12,90.67
26.97,0.22,6.68,3.39,2.01,0.84,6.56,4.7,9.34,65.01,1.92,97.5
30.31,3.69,7.44,3.61,6.76,0.42,2.25,6.13,7.61,141.58,1.04,174.97
3.58,0.72,5.56,9.3,9.49,1.81,9.4,5.19,0.74,55.47,1.12,106.66
36.01,4.4,1.38,2.75,5.98,6.86,2.75,4.71,6.25,21.02,0.4,94.5
28.65,3.14,7.05,13.48,0.2,5.62,0.67,6.17,0,194.87,4.98,198.63
0.61,0.57,6.36,13.01,4.79,3.68,1.55,2.05,7.45,2.25,7.07,49.86
23.15,2.35,2,3.77,7.9,7.37,1.57,6.43,4.05,152.27,0.03,165.39
38.41,0.5,9.04,17.43,3.14,9.94,0.29,0.04,0.06,118.19,7.88,176.5
28.2,1.8,4.9,14.63,9.01,9.52,7.1,0.86,3.85,76.18,2.91,133.59
43.14,4.61,7.56,6.52,9.58,6.29,4.63,8.18,4.12,161.55,2.44,196.19
24.79,4.21,9.86,9.59,0.12,1.22,4.61,1.43,6.15,179.29,2.47,196.51
49.67,1.37,0.25,3.28,6.92,3.21,0.58,1.9,9.29,147.58,1.95,163.76
19.42,3.04,3.95,0.43,3.41,2.79,8.21,1.77,5.28,40.27,7.78,74.76
40.85,4.01,5.72,1.48,8.3,7.73,8.47,8.45,3.58,31.38,5.99,115.65
21.08,2.87,4.71,15.57,9.78,2.73,8.73,4.06,0.85,2.89,9.13,90.72
4.12,3.74,5.38,11.45,8.59,4.76,4.07,1.52,9.93,115.93,2.27,140.25
48.79,0.7,8.23,5.78,0.03,4.72,7.15,3.15,9,59.12,9.36,113.65
20.42,3.36,6,0.09,3.75,5.27,0.52,9.59,5.45,51.44,5.08,104.88
12.02,0.6,4.98,19.03,1.91,0.39,7.5,3.92,0.92,57.59,6.44,112.85
19.72,0.31,2.15,9.92,5.57,9.03,0.28,6.24,9.8,95.01,1.94,128.25
11.56,0.07,7.75,17.22,4.41,8.53,5.02,2.51,1.8,165.75,7.79,177.69
40.86,2.27,7.86,4.23,1.48,8.87,5.4,8.13,1.74,142.12,1,185.75
19.03,3.82,2.83,3.43,6.11,3.24,9.29,5.52,7.51,146.3,4.89,166.53
18.7,2.96,5.96,8.17,8.27,4.17,4.31,9.7,5.86,101.49,9.6,151.66
49.4,0.44,2.96,8.43,0.38,2.82,2.25,1.8,0.56,132.97,2.6,138.02
16.23,2.37,4.86,3.53,3.61,5.28,3.17,7.24,2.25,60.03,0.61,92.1
16.55,2.89,2.2,18.02,5.69,7.32,9.15,1.84,1.69,48.82,3.45,110.96
17.54,3.23,1.02,7.92,2.94,7.99,3.68,7.26,2.49,173.62,1.74,167.67
40.1,3.03,6.2,10.75,3.99,3.95,9.68,7.82,9.34,19.7,2.78,107.41
47.69,3.95,4.65,18,7.84,0.03,2.45,7.08,2.4,199.33,2.62,223.57
28.43,2.92,2.1,16.6,8.08,6.65,0.94,5.75,9.17,168.41,3.33,187.34
19.53,2.13,0.45,16.25,0.04,3.91,0.99,8.17,1.41,154.71,4.74,152.74
34.58,1.37,9.58,3.37,0.7,4.74,0.31,3.57,2.88,176,5.76,172.75
2.36,3.94,4.47,10.06,5.67,4.04,6.61,3.47,9.68,78.55,3.24,126.06
29.31,1.66,1.29,8.88,3.06,1.1,7.97,6.33,4.11,187.67,9.24,178.6
14.99,1.04,7.83,17.18,1.37,7.83,0.92,5.42,7.58,83.25,1.08,141.68
6.89,2.07,4.88,11.92,5.58,7.02,0.01,5.98,0.89,136.57,7.23,138.47
45.14,3.18,8.93,8.65,0.22,0.58,3.38,2.71,2.7,76.35,8.55,122.83
37.49,0.29,0.95,12.89,8.04,0.45,9.68,9.79,5.14,162.38,5.36,196.52
18.21,3.34,1.37,11.65,8.48,1.95,6.12,4.22,7.87,70.79,6.17,116.78
2.81,5,3.76,7.23,9.95,9.01,7.16,4.95,3.19,116.85,5.02,149.54
16.98,3.4,9.5,12.6,2.86,3.69,7.34,7.38,3.8,83.36,1.81,141.81
2.21,2.77,7.3,1.07,5.25,7.87,9.07,3.93,5.23,178,9.05,177.75
17.82,4.81,9.74,7.37,3.86,7.03,2.91,5.6,4.87,126.52,2.51,174.63
18.16,0.37,0.46,6.85,5.55,3.07,2.15,6.96,0.73,120.76,5.51,135.39
45.93,2.76,6.55,17.49,7.3,9.32,6.56,6.29,4.01,59.57,6.01,156.87
14.8,3.1,2.61,4.13,1.55,3.2,9.88,6.82,8.53,121.37,0.89,135.69
27.46,0.46,1.91,16.67,5.32,7.9,0.5,3.09,5.59,125.9,8.8,171.45
33.76,2.78,1.9,5.84,6.18,4.31,9.57,8.66,0.59,105.99,6.36,164.94
35.72,4.87,7.28,12.95,0.18,2.63,9.04,6.98,9.2,10.93,4.57,101.26
19.28,3.81,5.54,8.3,7.54,0.65,0.41,2.23,8.79,59.82,5.82,127.47
17.08,2.51,2.57,7.58,9.85,6.77,8.19,5.86,4.45,99.12,1.59,132.68
9.84,0.3,5.01,14.5,3.47,0.77,5.59,1.41,2.48,153.96,1.37,156.94
45.6,0.74,6.43,2.66,3.66,2.23,6.42,1.18,8.19,21.72,6.94,88.15
31.82,2.05,2.17,15.18,8.59,5.31,0.25,3.63,5.89,156.36,8.5,172.56
36.43,3.4,8.9,0.43,6.79,8.11,0.76,9.02,0.53,109.06,3.7,146.2
7.29,0.37,1.79,6.73,3.12,8.16,1.6,6.08,9.14,151.64,4.64,161.72
5.67,4.08,7.2,12.42,1.79,4,8.96,9.5,7.2,9.92,8.23,80.45
13.83,0.32,2.01,9.39,5.94,8.24,1.72,4.12,2.15,171.72,8.78,158.65
43.71,1.35,3.74,13.73,6.8,7.74,8.7,3,4.65,20.03,7.74,116.73
46.13,3.42,9.9,5.42,7.37,2.07,5.57,6.22,1.21,185.95,8.81,195.66
37.88,2.01,2.72,13.83,5.77,8.73,7.59,0.47,7.41,196.23,7.1,220.12
26.61,4.41,0.67,17.85,4.97,0.92,7.17,1.72,9.12,57.73,2.58,134.34
17.18,3.99,7.82,19.1,2.11,8.98,6.13,1.27,6.01,5.51,9.57,111.81
2.76,5,3.41,18.17,8.68,1.24,6.24,4.64,6.4,93.26,7.7,131.73
18.07,0.86,3.22,6.18,6.1,9.2,4.52,4.99,0.17,174.59,7.62,164.88
29.67,3.9,9.98,11.66,6.72,3.31,5.26,9.64,5.34,15.7,8.51,93.23
9.08,0.87,2.55,13.76,3.14,2.79,3.95,3.17,9.09,174.11,1.44,173.35
49.71,3.72,9.62,3.28,9.64,6.38,8.02,6.37,0.81,166.31,5.5,200.22
44.26,2.73,4.68,6.75,1.03,4.99,5.75,3.75,7.08,82.08,7.88,143.6
31.37,1.68,2.41,15.43,4.27,0.28,5.61,2.59,8.83,177.06,3.82,190.63
19.7,0.08,4.7,19.49,1.09,5.17,8.32,9.89,1.84,168.22,0.63,194.18
46.45,0.61,4.97,13.98,8.95,7.8,2.15,3.77,8.22,107.51,9.38,175.57
40.78,2.86,4.44,1.16,9.8,0.07,9.76,5.91,2.13,114.94,1.72,155.19
6.19,0.14,5.91,8.24,7.03,9.31,4.48,3.86,6.95,188.57,1.78,187.8
45.78,3.71,0.65,12.15,6.78,5.33,9.48,5.48,5.45,41.4,7.26,146.16
9.98,1.85,6.63,11.43,3.73,6.43,0.05,9.74,5.26,106.14,7.71,143.61
40.67,2.2,8.73,0.07,4.86,7.15,2.2,3.7,6.15,184.18,9.72,197.31
48.33,1.21,4.93,4.07,7.96,2.78,0.8,9.54,0.78,93.26,4.7,138.69
49.62,2.17,2.39,19.71,2.99,7.15,1.06,9.69,3.15,14.77,9.33,119.48
32.26,4.03,2.46,18.59,5.76,8.81,0.43,0.77,9.71,4.8,9.39,85.64
18.67,0.4,5.23,16.75,5.22,4.57,3.28,4.45,7.77,5.19,2.49,95.02
16.42,2.15,1.93,6.11,1.98,6.44,4.79,4.45,2.13,137.75,6.4,138.88
34.37,2.23,5.84,14.94,7,4.21,1.27,5.55,1.25,162.31,6.2,171.84
13.81,0.11,3.96,5.77,3.12,8.31,7.21,9.02,3.92,172.23,5.77,172.61
3.43,0.53,1.32,13.26,0.96,8.78,0.84,9.82,8.46,151.02,5.47,155.5
6.17,1.99,0.25,4.55,7.22,4.65,8.9,6.26,1.71,17.93,4.57,59.94
28.05,3.91,5.81,5.51,5.86,1.13,3.03,2.24,3.01,72.91,2.76,106.04
2.06,3.78,5.93,3,6.9,2.41,5.24,7.2,5.85,21.92,4.69,80.91
5.98,3.07,0.98,14.69,3.76,7.89,6.45,3.1,3.53,92.37,9.02,124.98
26.01,2.04,7.29,18.02,9.84,0.08,5.24,4.9,3.79,74.9,8.1,136.22
21.24,3.86,5.38,9.53,3.67,7.19,2.57,1.43,7.77,25.13,7.11,94.38
36.71,2.53,4.25,10.98,1.77,7.34,5.49,8.97,0.8,48.27,5.33,138.6
46.18,3.83,6.27,0.5,2.2,7.63,2.87,8.97,1.95,36.5,8.21,115.24
49.38,0.79,8.42,4.68,9.68,8.35,2.71,5.27,0.35,132.39,2.16,163.53
38.92,1.08,4.12,10.7,2.92,6.54,3.6,1.19,6,179.36,8.15,202.72
0.97,0.19,4.86,9.62,9.2,0.61,1.41,3.07,1.91,14.98,6.68,57.53
8.13,1.12,3.63,6.24,8.28,6.78,0.55,7.59,1.84,131.35,8.6,148.98
28.81,2.38,9.78,3.92,8.62,7.98,1.93,8.84,2.91,89.54,9.09,141.3
3.76,1.62,4.64,7.02,1.69,1.59,1.56,7.91,1.81,124.32,8.52,138.36
29.41,1.99,8.81,6.44,0.24,0.41,1.04,5.19,3.8,45.94,1.5,93.39
34.04,2.05,7.6,12.68,9.84,9.53,4.81,5.46,9.91,9.39,6.11,94.39
37.91,0.76,1.81,1.48,9.28,0.5,1.46,4.49,9.45,134.93,0.31,161.08
9.15,0.88,5.91,18.87,2.87,3.13,2.01,5.46,6.49,24.21,3.4,82.28
36.02,1.9,4.47,9.57,8.55,4.2,3.86,3.03,8.9,23.55,4.58,92.78
23.65,0.03,7.79,1.49,5.1,8.21,1.91,8.36,1.39,86.44,8.65,119.89
23.76,0.73,0.83,14.01,6.57,7.01,9.38,1.87,8.71,125.74,0.77,161.76
14.67,0.6,0.75,17.7,8.27,6.34,8.73,9.49,3.22,49.3,6.16,125.76
49.85,1.59,4.54,11.12,3.74,7.61,1.79,5.13,1.79,90.58,2.39,147.55
21.72,3.11,8.06,0.38,6.81,4.06,2.14,7.66,3.89,77.54,1.28,113.97
5.09,1.51,7.69,12.92,0.37,6.15,7.82,4.81,9.88,14.22,5.4,83.53
24.3,1.36,4.23,2.9,6.3,1.82,3.39,5.85,9.44,88.84,5.83,142.16
15.9,2.12,2.06,11.46,0.67,3.22,6.36,9.27,2.33,27.73,4.74,77.85
45.4,3.73,0.33,7.4,1.39,5.19,7.6,1.37,5.77,155.82,7.19,209.89
1.75,2.21,6.29,13.43,1.51,6.11,2.5,1.96,6.66,2.14,9.16,65.71
48.07,1.55,0.79,1.77,3.59,4.68,7.99,6.24,0.56,114.6,3.53,161.58
0.86,1.16,3.2,8.97,7.38,6.6,1.73,1.83,8.71,67.05,8.31,104.24
40.2,0.44,6.9,14.98,4.15,7.12,6.75,8.42,5.95,161.94,5.52,199.11
19.69,2.61,1.55,7.03,7.79,1.37,1.76,8.08,2.47,157.49,2.97,153.34
14.11,1.45,8.14,11.54,5.75,9.97,3.46,3.33,0.63,6.17,4.69,41.3
2.05,0.56,1.47,18.98,3,3.93,5.52,6.64,8.78,193.55,6.06,196.1
21.16,3.53,2.69,7.99,6.64,1.72,4.36,5.09,6.15,127.57,3.34,144.04
19.29,3.66,0.13,5.55,6.94,9.33,9.7,8.42,3.26,133.07,3.56,148.55
36.83,3.15,4.01,3.48,1.43,9.96,0.24,4.26,2.87,188.47,5.34,192.34
5.37,4.29,3.91,13.99,5.05,8.85,9.11,2.19,9.42,118.7,4.44,143.27
45.8,3.28,3.3,9.47,6.6,3.64,0.06,2.13,7.01,189.01,3.36,200.9
40.47,0.38,9.05,18.27,6.18,1.81,4.09,6.77,4.13,184.02,4.47,201.99
27.33,4.41,9.2,0.63,3.75,2.87,1.78,0.2,3.84,181.54,8.82,188.17
1.8,2.97,6.5,12.64,1.26,8.16,5.42,2.34,2.41,86.93,9.73,117.15
44.62,0.22,3.56,19.02,5.83,9.52,1.56,0.52,0.88,4.09,8.03,98.34
48.78,2.32,4.36,0.34,2.69,7.55,7.07,4.43,9.36,1.2,8.54,80.27
9.89,2.46,6.8,5.34,5.04,1.5,5.49,2.17,6.17,85.03,8.48,111.14
17.19,1.24,4.32,16.75,0.69,5.22,5.06,6.21,9.2,169.2,1.14,194.43
44.35,0.47,1.46,17.31,1.36,9.14,3.91,9.99,0.87,120.35,5.07,149.12
0.52,0.58,2.24,11.55,4,9.73,9.05,5.73,4.14,114.23,9.69,124.4
7.36,0.3,7.23,4.1,6.11,7.13,1.08,2.42,6.35,7.77,8.74,73.87
4.51,0.51,7.09,14.79,2.79,7.42,9.93,8.35,7.44,34.09,2.46,102.21
11.52,1.51,0.21,16.72,0.18,6.7,3.04,3.57,5.02,166.66,4.08,157.83
25.08,3.51,0.56,10.02,1.34,1.86,3.8,2.81,4.9,84.56,6.26,124.18
34.84,4.91,8.87,9.99,6.41,7.27,7.08,7.3,5.43,57.29,2.12,128.79
37.47,3.29,2.67,17.8,2.83,7.61,6.74,7.38,9.24,198.35,5.75,250.93
13.04,1.94,9.76,7.25,8.76,4.76,4.94,5.5,1.48,35.58,4.05,94.85
9.07,3.15,9.12,7.89,9.48,8.07,0.56,0.49,0.89,20.16,3.46,58.34
45.03,3.53,0.67,2.19,8.45,3.28,2.74,3.9,5.65,52.92,3.15,114.5
48.43,0.18,0.27,4.02,0.33,0.06,0.09,1.93,7.76,42.1,5.62,83.73
10.81,3.58,1.35,10.81,3.88,8.29,9.29,0.75,6.12,63.85,0.58,93.68
30.93,4.01,8.33,13.04,8.15,9.15,4.94,4.37,2.6,157.95,4.17,177.03
41.86,4.47,4.84,2.39,5.93,7.28,0.04,1.62,0.39,189.13,8.2,178.87
23.11,4.25,0.93,14.65,2.75,7.2,0.66,1.39,4.03,105.44,2.92,126
4.2,3.57,0.47,15.92,1.3,0.43,6.32,3.91,1.95,26.48,4.7,77.84
30.72,4.14,9.41,1.02,3.5,4.75,0.44,2.85,5.89,113.86,0.79,143.79
26.82,0.27,7.21,13.87,7.44,7.62,9.42,5.82,7.25,130.68,9.12,167.8
47.52,2.63,2.06,4.15,0.65,0.8,8.76,3.35,6.49,198.84,5.01,189.38
9.47,4.33,4.66,5.42,1.09,4.18,5.03,7.73,4.27,156.28,0.02,171.06
20.09,0.78,8.46,12.93,0.16,8.65,5.88,5.88,1.64,92.35,4.69,121.66
6.26,0.32,5.68,4.63,2.92,6.39,9.67,2.53,0.13,188.54,5.24,168.56
23.65,2.15,2.67,1.21,6.49,5.88,0.87,2.15,1.37,99.14,8.5,117.37
24.1,4.47,4.43,15.17,1.48,4.93,8.02,1.22,9.16,92.14,4.3,143.65
46.38,4.97,7.64,6.92,3.46,8.51,9.91,2.73,3.59,81.55,8.13,134.02
35.78,1.91,8.19,6.16,6.71,0.49,5.42,2.67,5.91,137.07,6.45,175.26
20.56,2.08,8.27,11.83,9.26,0.09,8.63,5.88,1.5,160.27,4.5,163.32
35.84,0.15,6.87,14.32,0.32,1.82,0.04,5.2,0.74,16.24,0.79,86.44
9.22,3.49,6.38,10.21,7.9,4.06,8.04,0.12,1.1,63.21,3.71,91.63
39.32,3.67,6.39,3.66,9.36,6.07,8.73,6.67,9.94,34.12,9.62,121.32
38.72,3.28,1.77,11.26,8.1,9.3,6.63,4,3.67,67.73,2.7,133.12
47.55,1.85,7.38,14.48,9.8,2.14,7.79,0.94,3.57,45.59,9.25,138.33
29.98,0.16,4.97,0.57,6.44,0.45,5.24,0.04,2.36,64.74,5.66,97.49
45.17,4.7,7.69,16.91,0.21,0.58,8.75,7.79,1.46,195.24,3.41,222.81
33.71,4.64,7.43,13.2,7.12,1.91,2.55,4.58,3.87,141.82,5.9,166.5
24.72,1.39,7.85,14.3,9.2,1.94,1.15,4.09,4.4,81.65,6.19,118.57
24.49,3.71,7.23,11.14,0.6,8.55,6.16,5.67,8.81,125.38,7.87,158.5
25.1,1.91,2.16,6.94,6.52,5.1,2.52,7.68,1.34,194.43,5.61,177.66
19.25,3.3,4.2,7.61,5.12,4.21,4.83,6.96,5.95,82.23,4.68,126.34
48.98,2.25,7.56,16.04,2.92,9.75,8.53,5.69,9.32,138.32,9.82,207.09
28.65,3.66,2.01,6.22,3.84,4.92,0.12,3.18,8.37,107.19,2.52,155.81
3.37,2.82,1.45,13.32,5.85,9.21,4.8,4.41,1.23,92.94,2.14,121.22
16.89,0.07,9.06,2.07,8.3,0.6,2.67,3.3,3.37,158.18,0.29,144.2
33.35,4.15,5.61,14.8,7.52,9.08,4.04,5.42,8.2,4.83,2.66,114.55
26.72,1.04,4.76,2.93,1.92,2.71,3.26,3.37,6.51,30.85,3.55,65.96
37.15,2.17,7.34,14.2,5.23,7.52,2.2,5.77,6.54,12.45,7.14,118.43
43.39,0.07,5.61,12.79,1.44,3.09,8.15,1.18,7.08,138.48,0.63,175.92
24.12,4.77,4.84,1.09,5.48,7.01,1.16,4.98,2.44,173.79,9.72,181.61
35.16,4.47,7.03,6.03,6.58,6.4,3.39,1.36,8.57,181.02,7.84,202.48
20.59,0.1,3.33,18.53,6.94,0.69,4,8.03,1.96,60.13,2.3,128.19
34.98,4.76,9.97,10.55,2.66,7.26,8.33,2.67,8.8,161.81,9.72,202.22
9.13,0.38,1.25,0.27,3.92,7.25,9.04,6.36,9.01,123.36,4.98,127.01
11.28,4.8,1.14,2.02,1.97,4.4,2.18,3.91,2.65,53.29,2.02,80.47
14.34,4.56,2.02,10.51,1.75,0.04,9.67,8.71,7.23,93.44,9.02,133.73
25.32,2.88,2.74,11,6.73,6.31,6.13,4.55,0.39,135.63,3.2,163.08
14.31,2.49,1.93,1.61,4.6,8.28,3.69,1.7,9.55,55.54,5.89,75.43
11.04,1.81,5.62,12.12,4.06,4.85,5.15,0.17,2.86,5.03,5.76,56.35
29.85,3.54,4.79,0.71,4.13,1.45,6.44,1.91,7.59,65.06,7.28,116.03
47.69,4.1,6.11,12.21,3.62,6.55,4.31,6.96,3.54,119.23,2.11,173.24
1.05,1.94,4.68,0.64,4.11,2.7,9.46,5.13,9.62,33.94,9.14,78.46
26.46,3.24,3.83,2.5,0.25,6.62,0.61,6.87,0.09,184.7,4.71,175.56
45.84,0.5,7.12,10.23,4.33,8.03,9.32,1.75,8.77,70.21,7.99,137.42
43.54,4.76,6.61,1.66,2.15,5.4,8.13,9.69,9.86,26.03,8.1,130.65
11.14,4.24,7.2,5.28,3.21,1.03,8.68,7.94,3.87,45.76,3.65,104.89
36.98,1.4,4.81,19.88,1.78,8.86,5.71,8.01,0.91,159.63,5.11,185.29
48.48,2.99,1.48,11.82,1.09,3.38,8.03,4.42,9.99,96.93,2.11,169.99
4.71,4.54,2.76,0.88,9.37,9.79,5.14,2.72,0.74,67.17,6.61,86.85
30.91,1.47,6.77,1.95,0.06,4.55,9.52,5.23,8.28,75.94,9.21,137.7
14.66,2.18,0.14,0.76,6.63,3.44,1.15,6.57,1.7,94.45,2.99,98.8
42.46,1.87,9.82,2.7,8.72,9.34,7.38,6.99,2.83,164.87,9.07,214.99
24.66,0.26,7.21,17.24,4.63,9.41,0.51,3.66,1.97,74.19,8.47,123.36
8.53,0.54,2.98,11.26,0.75,7.39,8.4,4.47,6.3,37.41,8.45,90.09
39.64,1.91,9.54,12.06,2,2.96,3.32,5.58,3.36,179.18,8.74,196.4
5.29,4.19,4.9,15.76,1.98,8.44,4.66,8.85,4.24,21.82,4.96,101.3
4.56,4.15,1.68,13.64,9.74,9.31,0.41,4.8,6.23,108.03,3.5,130.51
32.23,0.78,0.39,19.21,3.99,8.54,7.56,1.48,9.41,109.54,9.02,150.33
7.34,4.29,4.47,16.68,1.36,7.01,2,6.8,3.54,90.79,6.75,114.55
4.85,0.13,4.8,2.43,4.48,1.12,7.74,2.93,9.65,151.95,1.57,148.98
37.73,4.53,0.79,11.19,0.22,0.51,2.55,8.41,0.34,73.57,7.91,123.94
32.93,3.62,8.31,19.99,5.48,3.48,5.68,3.4,3.17,150.99,0.2,182.5
8.35,0.11,4.87,8.33,2.6,0.24,5.44,0.35,7.92,163.31,4.78,157.23
29.74,1.34,1.16,17.21,0.22,1.43,9.51,6.2,9.59,170.64,3.18,209.81
19.54,1.72,1.48,7.2,3.45,8.02,4.07,0.5,2.83,78.45,5.76,103.26
40.98,1.06,5.51,12.68,0.48,9.65,0.02,9.77,5.84,145.05,5.72,200.48
8.41,4.09,8.39,16.59,8.36,9.3,0.44,2.58,2.69,45.48,6.56,100.43
49.85,0.43,0.97,8.68,6.6,4.45,9.48,3.14,9.76,40.23,5.42,129.18
27.81,2.12,5.54,10.13,2.82,8.58,8.94,6.5,8.77,170.35,5.1,195
28.5,1.08,5.48,1.61,0.89,0.99,4.15,4.63,5.03,117.19,4.72,114.87
39.89,0.54,3.67,10.3,5.86,0.82,0.8,3.98,2.19,98.22,8.84,144.35
39.72,1.37,0.58,14.74,1.46,5.49,5.81,3.64,0.39,168.52,3.58,201.47
2.36,4.15,7.1,11.18,8.51,4.02,8.51,6.31,1.73,24.08,6.68,85.43
33.05,0.99,4.1,7.6,3.74,3.54,1.28,7.6,0.18,164.39,5.29,157.51
46.11,2.49,9.43,3.92,3.48,4.58,8.97,0.41,0.85,139.42,0.57,169.22
5.49,0.57,4.32,18.07,9.35,8.41,0.74,9.32,0.03,50.7,6.36,87.75
42.76,0.86,7.22,10.21,4.81,2.87,5.84,0.26,0.45,38.11,7.12,113.46
41.34,1.12,4.23,3.22,6.95,8.29,5.11,4.25,6.38,130.3,9.67,175.09
41.29,0.26,2.52,10.97,2.17,0.55,4.43,7.79,1.42,84.79,9.21,127.21
40.75,1.11,5.75,2.33,2.05,1.35,1.41,9.09,0,40.98,5.9,101.29
14.99,1.82,6.83,11.85,3.28,7.05,3.24,1.21,2.98,183.24,4.02,147.45
20.54,0.78,7.18,0.65,6.89,8.4,1.8,3.03,0.44,3.94,8.62,44.55
3,3.61,0.36,12.59,6.85,0.27,7.06,3.51,6.16,159.93,7.97,152.34
15.47,2.1,4.97,19.93,7.05,9.55,9.8,4.88,3.47,13.86,9.39,116.47
31.34,4.95,0.26,14.94,8.42,5.65,6.75,6.21,3.43,81.31,2.82,154.24
4.75,1.56,0.01,4.27,2.67,4.55,2.81,8.19,0.11,138.75,3.16,119.71
46.88,3.21,7.69,11.92,6.48,4.05,0.69,3.77,6.74,97.47,6.64,148.41
26.24,0.57,3.87,18.78,3.13,1.22,0.39,2.1,6.43,94.68,9.16,150.08
37.37,1.69,1.54,14.24,0.99,5.65,8.05,5.52,2.9,22.83,7.99,94.65
47.33,2.46,0.49,10.46,5.82,8.51,7.83,0.03,9.07,55.6,0.06,126.05
25.62,0.58,5.43,2.49,6.31,6.3,0.29,3.76,2.65,173.79,8.97,167.78
18.35,1.88,8.73,3.74,7.11,6.86,0.24,5.34,1.21,18.44,2.5,59.11
3.14,4.34,0.33,12.68,1.14,9.3,9.18,0.93,5.5,33.25,1.16,87.22
18.41,0.62,1.68,1.86,1.08,1.57,3.48,8.08,0.69,14.99,3.3,53.14
1.89,5,0.74,15.14,2.06,5.96,0.88,4.57,4.4,44.02,2.03,73.05
29.48,2.48,3.18,18.67,5.14,0.33,2.35,4.3,2.71,39.91,4.02,91.67
22.02,1.09,7.21,11.72,4.35,7.43,4.71,6.17,0.65,110.17,1.65,142.06
16.82,1.28,3.84,10.92,2.33,2.92,7.1,1.14,6.72,59.79,2.77,93.18
45.52,2.57,3.2,5.38,7.18,7.86,6.54,4.69,4,0.68,5.2,94.7
26.77,4.92,3.46,1.22,8.99,8.46,9.62,4.9,2.17,11.13,6.62,95
16.7,0.52,4.98,12.91,3.75,0.15,0.87,3,2.14,106.58,0.89,96.12
43,3.55,5.45,2.6,8.72,8.18,6.49,5.62,7.59,176.91,0.92,209.32
7.09,3.75,2.61,10.61,6.73,3.28,3.42,4.05,6.57,87.17,9.15,116.96
48.63,1.04,7.61,16.96,1.11,1.86,9.47,1.47,3.92,89.52,5.93,166.87
40.9,2.68,4.62,4.16,8.02,4.22,9.21,9.99,6.25,16.03,5.35,94.71
48.51,1.69,8.41,2.39,1.17,0.98,2.88,5.43,6.18,29.93,7.08,106.23
43.06,1.04,8.88,0.72,3.35,5.58,0.27,5.85,4.39,40.95,0.94,81.77
3.82,4.09,3.35,7.31,8.85,2.28,6.94,4.68,2.7,118.39,6.39,141.1
43.45,4.99,6.88,10.12,6.01,2.42,9.83,3.99,3.48,25.34,4.46,120.82
27.18,2.94,8.89,18.92,9.65,8.08,4.07,4.95,4.54,66.92,2.22,127.23
48.31,2.41,4.32,2.17,3.13,2.42,9.88,0.52,5.13,39.16,6.49,102.35
25.04,4.52,3.33,14.57,7.62,8.96,5.9,7.24,2.89,79.81,2.01,144.05
13.33,0.42,2.07,11.62,2.28,6.13,4.98,6.93,9.41,148.02,3.14,139.07
22.63,3.67,3.21,0.3,8.86,6.2,6.7,4.22,8.22,188.24,0.79,193.26
3.78,2.57,6.66,10.34,3.68,9.33,3.65,1.12,7.23,101.32,8.06,115.91
34.46,3.08,1.42,17.67,3.68,7.77,5.79,7.18,2.4,130,4.03,186.99
36.69,1.61,0.78,16.04,9.18,6.97,3.51,7.72,4.85,84.32,9.21,142.79
18.01,1.25,3.17,19.03,5.72,5.59,9.33,2.84,8.38,105.86,2.44,162.63
38.31,0.77,2.34,18.04,0.14,4.75,3.69,9.8,6.74,26.44,3.33,135.91
36.84,0.87,7.5,16.5,8.8,6.73,0.71,3.88,7.39,184.2,1.73,204.95
28.94,3.82,4.14,14.59,1.1,1.43,7.37,9.19,3.63,131.48,3.47,181.78
16.74,4.86,1.29,3.28,9.82,5.17,0.67,5.55,1.88,114.78,9.41,130.45
25.66,2.85,8.34,0.8,6.62,4.63,2.85,0.37,6.56,45.31,8.45,105.52
37.77,2.24,1.79,9.67,3.02,6.73,7.88,8.73,9.01,164.03,7.87,193.67
11.5,3.37,7.1,12.09,7.3,6.38,8.25,0.1,0.39,104.4,0.93,143.35
27.72,0.86,7.63,7.26,4.94,6.29,2.74,8.36,7.71,175.25,2.1,196.42
40.63,2.18,1.74,0.72,9.66,6.24,1.1,5.02,1.81,162.32,6.99,172.1
0.38,4.94,0.17,2.27,6.38,0.38,9.71,8.84,6.74,129.37,7.49,130.46
46.5,1.76,6.33,2.37,9.97,8.83,6.29,5.51,5.47,24.51,8.38,111.6
5.81,0.69,0.87,2.96,5.46,3.64,0.6,6.8,3.37,72.56,6.27,80.85
27.83,2.58,8.52,11.54,7.21,0.49,8.77,1.55,3.73,159.71,0.37,176.47
6.69,2.73,1.35,11.27,3.28,9.22,2.31,7.45,6.11,112.84,3.99,120.48
34.34,3.63,1.65,7.72,1.84,8.58,6.28,9.58,5.35,123.31,5.89,170.83
48.06,2.75,2.87,5.29,2.72,9.54,5.26,3.57,8.59,157.06,3.87,181.24
41.64,3.88,8.71,19.22,5.21,6.79,7.84,1.13,7.86,179.03,6.32,218.98
24.57,0.94,7.51,6.16,2.15,8.27,3.26,3.07,7.58,157.27,2.48,152.41
7.35,3.71,2.59,10.94,8.02,2.99,8.46,9.56,4.82,12.02,2.72,72.81
30,3.23,9.42,12.82,1.96,8.34,4.39,6.94,9.07,0.3,6.53,97.1
48.41,3.76,2.52,13.99,9.3,7.13,5.19,1.24,5.86,184.32,5.64,206.01
24.55,0.77,2.51,1.12,0.68,2.6,5.61,6.89,1.14,90.06,0.37,113.48
29.43,0.11,8.28,9.74,2.08,1.91,1.13,1.69,2.88,151.03,9.19,157.58
38.14,4.23,2.4,3.67,2.51,2.36,8.92,4.23,4.18,95.25,0.64,130.16
34.26,3.81,9.31,16.18,3.57,1.71,2.48,1.36,6.85,7.43,9.11,107.62
17.38,2.37,9.4,0.13,0.2,8.53,2.91,3.58,3.58,37.38,0.76,71.04
38.19,4.76,8.36,3.82,9.4,5.29,8.51,0.81,5.33,43.49,3.19,133.8
7.47,2.92,3.06,0.45,4.24,0.44,9.27,4.37,9.41,76.85,4.95,121.59
20.81,2.58,9.82,10.95,8.03,1.12,2.85,0.96,4.83,134.56,6.82,167.89
33.44,1.62,1.79,14.63,3.63,5.02,4.9,6.72,7.64,113.9,8.43,184.04
37.48,3.23,7.62,6.98,5.2,2.73,4.75,5.99,9.54,50.49,2.7,113.05
12.95,3.76,3.64,6.24,7.53,9.34,8.66,7.83,6.51,76.97,8.28,152
19.08,3.81,4.54,7.96,8.98,7.01,9.21,5.62,5,187.5,6.89,202.97
21.86,3.32,7.08,19.69,3.1,7.37,0.16,9.79,0.77,26.98,0.28,89.44
10.9,2.93,3.1,8.58,2.25,3.03,6.21,5.88,0.25,96.21,1.06,106.94
1.3,0.37,0.82,17.95,6.37,3.38,1.74,7.22,7.74,163.43,8.84,168.81
17.26,4.01,9.22,7.98,8.42,2.74,4,5.06,3.96,148.59,8.12,159.45
15.39,1.13,5.16,6.98,2.46,7.24,8.72,8.71,2.62,159.19,4.59,164.53
27.56,1.24,7.56,11.88,0.08,0.18,0.75,4.65,4.13,62.44,9.31,87.52
29.4,2.15,4.79,15.53,2.26,1.49,5.88,1.45,7.55,33.63,3.79,96.44
20.56,1.93,5.67,18.41,8.87,8.34,3.13,5.02,5.7,137.45,7.22,179.43
33.42,1.79,3.24,12.02,4.54,5.48,1.97,8.19,0.28,137.35,0.36,151.88
46.96,2.6,3.18,19.66,8.79,6.36,7.93,8.5,3.8,170.14,9.88,231.77
42.09,1.6,3.38,10.22,6.68,8.39,0.09,1.08,8.98,129.48,9.17,182.24
45.44,3.39,6.67,9.24,8.7,7.08,8.57,3.04,1,158.82,6.02,197.2
13.3,2.49,2.1,10.14,4.01,5.33,9.13,7,4.06,3.94,4.88,94.98
14.05,4.7,9.54,14.88,7.64,7.57,6.55,4.8,2.15,108.73,3.15,144.45
1.43,0.99,4.65,12.19,0.76,6.06,1.76,4.49,1.74,32.79,9.8,58.12
37.46,2.73,5.63,3.14,2.33,5.29,6.29,2.01,1.71,195.75,0.05,177.23
15.02,1.79,1.39,10.13,0.12,7.38,6.04,9.69,1.66,20.18,6.94,89.65
14.38,0.69,9.7,1.43,9.58,7.96,3.26,0.76,5.49,56.4,8.87,93.36
44.79,4.11,4.99,6.35,6.57,8.7,9.94,7.81,9.37,199.2,0.46,231.54
27.02,0.21,4.34,7.03,9.39,1.56,1.98,8.61,5.32,110.58,6.98,140.68
25.32,4.49,2.21,6.63,5.28,3.75,2.62,8.91,0.03,152.62,7.07,167.24
46.18,1.66,7.53,19.3,6.59,1.34,7.45,2.25,1.51,38.21,8.9,136.13
0.44,0.49,6.54,15.25,6.92,6.83,3.05,9.9,7.06,140.68,3.85,156.25
18.82,2.31,9.05,6.11,5.44,2.49,8.51,9.54,3.55,32.34,5.09,108.61
23.77,4.48,6.62,19.41,8.78,0.25,7.67,5.62,3.15,176.88,2.27,183.48
33.52,4.33,6.46,2.28,4.91,1.73,6.8,1.43,0.63,75.35,1.51,129.24
31.03,4.4,6.44,15.28,6.08,8.91,8.74,0.36,6.79,115.62,9.72,177.4
46.37,1.95,4.29,16.43,4.01,3.1,6.88,0.08,6.69,163.68,6.69,195.7
42.04,1.76,4.46,19.42,6.33,2.36,3.96,3.7,6.72,181.68,0.1,214.85
42.04,0.35,1.53,12.8,8.35,3.75,8.96,0.4,9.73,155.94,7.63,210.88
0.58,3.33,6.27,8.01,8.13,6.68,8.55,2.94,1.61,28.12,2.79,72.77
10.8,1.95,2.17,9.71,2.45,1.49,2.77,4.86,3.53,105.8,2.79,132.08
0.74,0.89,9.68,11.81,7.47,3.13,3.86,7.48,0.8,37.02,5.42,69.9
11.75,0.19,8.23,5.61,0.58,6.12,1.06,3.8,7.8,167.2,9.21,169.63
6.77,0.41,5.18,15.22,9.56,6.49,3.82,3.44,8.49,154,5.97,164.34
39.47,3.44,7.93,11.51,3.65,4.32,3.43,0.36,1.08,195.55,9.5,218.88
27.8,0.68,4.81,18.87,9.07,5.25,5.19,2.57,1.78,93.92,5.12,136.51
47.88,4.29,3.22,5.31,3.09,6.06,0.72,2.83,2.68,15.62,1.32,95.09
16.59,4.42,5.06,8.68,3.09,8.18,7.96,5.52,4.08,76.65,4.57,124.61
16.7,4.88,8.14,19.29,7.31,3.12,9.76,3.93,9.27,99.22,0.65,158.76
40.56,0.8,3.48,1.29,9.6,2.57,7.37,3.08,4.62,7.69,8.39,64.06
33.35,0.51,8.97,9.55,5.28,2.09,7.29,9.66,9.59,29.49,0.67,121.58
7.93,0.58,6.63,14.55,5.66,0.86,9.3,2.67,0.55,6.63,9.36,51.45
0.34,4.27,5.63,5.83,3.77,1.78,4.41,2.54,4.45,60.24,0.4,83.54
28.16,4.05,2.84,10.58,3.36,8.37,4.86,0.95,0.57,36.28,2.36,84.38
41.7,2.93,0.26,4.74,1.42,7.44,8.5,5.66,3.89,83.02,3.54,129.39
9.63,2.61,5.01,18.05,4.6,5.59,3.19,0.44,0.73,86.57,9.73,121.34
8.2,4.59,4.26,2.24,3.8,2.79,4.23,4.99,3.39,122.95,9.74,147.35
26.8,3.22,9.51,16.3,5,0.36,2.16,6.51,9.05,86.86,3.12,150.17
21.19,0.84,1.67,4.54,1.26,9.99,8.24,3.1,2.3,44.33,9.15,86.49
20.7,4.04,6.81,9.31,4.14,0.73,2.62,7.93,7.61,78.37,4.45,114.79
48.67,2.94,0.44,9.08,4.11,7.94,4.85,5.64,1.85,145.44,1.43,177.8
23.32,4.8,0.86,9.99,5.54,4.18,3.32,8.29,1.64,85.74,8.07,130.15
18.53,1.33,8.01,10.91,5.66,7.18,7.37,5.85,9.85,2.14,6.95,92.36
37.6,0.95,3.5,19.61,4.16,4.87,9.2,4.52,7.33,142.01,2.55,194.11
8.85,4.05,3.81,8.51,9.99,6.92,9.79,7.99,6.54,39.6,7.35,112.8
37.4,4.89,9.87,9.08,6.79,0.41,4.45,3.58,2.44,60.17,7.03,116.1
21.7,0.22,5.84,11.97,5.43,3.95,6.9,8.38,4.57,193.54,7.99,202.47
12.67,4.06,7.02,5.06,7.07,1.69,7.51,8.23,4.18,62.61,1.35,118.71
8.9,2.64,7.29,7.53,0.92,7.34,4.57,1.21,0.44,57.71,3,85.53
18.17,0.16,8.09,1.1,4.79,0.98,7.36,0.58,5.99,132.98,3.9,145.84
40.61,3.56,7.14,6.71,8.03,6.32,5.94,6.63,5.12,14.55,7.63,100.3
16.8,4.39,1.68,3.8,5.58,7.12,3.17,8.93,1.01,101.21,5.08,103.38
1.64,0.48,7.69,8.04,8.97,8.61,9.1,7.21,4.35,9.74,0.06,76.9
26.34,1.1,7.55,0.44,3.93,6.13,6.73,5.11,2.77,7.62,6.89,56.62
27.98,3.35,0.12,3.39,6.81,5.97,7.22,5.95,5.21,23.18,3.9,78.69
8.81,2.31,2.26,7.53,9.21,5.81,0.17,5.48,2.92,8.08,6,56.89
28.74,4.82,3.46,12.65,9.43,9.74,9.79,2.71,1.2,96.57,0.55,170.35
2.27,1.61,3.82,16.11,6.32,1.92,4.4,5.89,1.79,27.13,0.55,74.05
16.52,3.53,5.82,12.22,0.12,5.29,7.64,9.91,2.13,66.95,6.61,128.19
18.5,1.34,4.85,16.5,3.81,1.58,2.69,8.41,3,61.99,4.33,92.68
20.25,1.58,3.92,17.82,5.21,8.18,5.02,7.05,9.24,142.78,1.27,203.58
6.65,2.48,6.07,7.88,0.63,9.04,8.38,2.41,5.81,153.6,7.56,163.89
46.51,0.28,2.48,12.13,1.38,1.2,0.01,0.48,8.18,109.38,5.12,132.26
45.24,4.38,4.33,8,3.55,6.76,0.28,3.84,5.1,32.65,6.29,111.3
46.43,4.33,5.58,13.36,3.75,4.53,1.75,4.2,5.02,114.41,1.11,159.91
0.05,3.39,0.9,10.22,0.74,0.93,8.13,9.5,5.34,157.51,9.93,153.73
22.51,1.54,1.25,3.02,0.25,5.4,1.47,5.65,8.35,153.95,3.55,159.59
46.43,3.29,9.47,14.27,6.88,4.97,7.71,7.74,5.72,4.93,5.81,123.73
40.94,2.75,8.09,0.55,8.99,9.05,5.31,5.11,4.25,19.71,9.62,114.79
0.62,1.91,5.72,0.09,3.86,6.02,0.63,5.89,4.92,114.66,5.83,116.12
10.22,2.21,2.09,2.45,1.18,4.42,6.2,0.13,3.71,160.66,8.74,140.16
47.72,1.3,3.83,4.07,8.25,8.6,0.64,3.12,0.33,129.37,6.49,139.8
7.6,1.13,8.49,8.14,1.56,0.87,2.41,5.41,3.31,47.96,9.6,89.97
45.43,1.35,2.8,8.3,0.92,6.3,1.39,9.08,0.77,76.36,2.55,136.91
24.71,0.08,9.82,5.31,5.23,7.19,6.24,5.13,0.88,145.24,8.28,150.72
48.15,2.29,6.51,11.89,7.96,8.13,8.76,3.86,2.05,189.51,9.78,233.74
25.65,0.56,2.71,0.28,3.59,8.39,7.09,9.88,0.93,155.2,0.34,159.5
41.74,0.6,4.36,15.13,8.62,4.32,2.26,2.78,7.26,60.14,7.19,128.69
49.49,4.36,3.08,3.75,4.55,5.01,5.22,8.54,6.75,164.71,2.46,201.83
24.12,0.78,8.44,11.22,2.11,2.53,0.76,8.77,4.99,141.03,2.74,162.64
8.26,1.77,9.75,16.68,0.69,2.91,0.44,7.14,8.27,11.42,1.54,77.15
15.2,0.05,3.82,10.34,1.51,2.86,6.78,1.69,8.57,43.82,2.68,94.88
2.42,4.11,9.92,3.03,2.35,7.42,3.03,2.48,6.3,159.39,3.01,125.78
20.43,1.19,2.34,5.15,4.93,2.16,8.08,0.27,8.05,12.29,9.9,75.83
17.75,0.91,7.38,7.77,3.66,7.53,8.67,7.45,2.51,1.8,3.67,91.49
49.72,0.72,1.35,19.33,0.07,6.97,8.7,4.07,5.05,174.92,7,229.06
26.32,3.38,1.41,11.57,4.76,4.75,9.88,3.68,3.32,199.61,7.95,201.9
14.28,1.17,9.23,10.79,9.34,1.64,3.22,2.2,2.41,54.19,3.94,90.35
43.58,3.3,1.88,17.59,0.87,6.47,6.28,1.01,2.25,5.13,4.86,100.24
29.4,0.98,0.85,4.7,3.41,6.38,0.92,0.05,4.58,145.55,0.37,158.77
48.19,0.64,9.87,5.07,0.8,8.22,2.22,3.17,6.04,199.7,0.3,206.23
3.39,0.48,1.23,15.03,0.17,1.91,3.76,0.66,5.64,108.01,0.1,105.36
16.51,2.51,4.32,18.47,3.98,8.16,1.5,6.67,5.14,54.2,6.1,103.54
17.29,2.85,4.88,9.43,9.06,3.28,5.54,2.79,9.27,181.74,1.39,194.31
0.35,3.82,0.1,10.12,8.6,5.16,6.52,4.82,5.83,23.93,3.82,60.03
13.48,0.93,5.47,6.25,5.08,6.09,6.12,7.97,9.92,27.47,2.71,91.24
30.18,0.89,6.97,17.22,1.27,1.19,4.41,1.91,6.09,83.66,8.82,112.76
24.34,4.18,7.54,19.17,8.13,7.72,2.25,3.49,7.63,6.25,0.36,107.41
23.64,4.58,4,7.35,4.38,2.61,0.32,2.95,7.39,122.08,2.21,145.83
34.81,0.94,4.55,9.48,7.83,5.12,5.58,1.38,1.15,60.03,9.37,94.44
7.67,1.18,8.67,13.83,2.1,7.97,4.26,4.74,7.78,15.1,4.17,80.76
34.98,4.5,8.41,5.08,8.59,5.92,3.98,4.67,0.98,117.92,0.52,156.48
9.93,0.83,4.64,12.79,5.67,6.73,9.08,2.21,9.78,104.44,9.98,136.22
18.68,1.89,9.16,10.48,0.36,3.43,2.91,0.46,8.45,87.04,7.86,107.95
22.29,3.25,9.6,15.77,4.15,8.06,7.63,7.55,2.31,29.68,6.38,135.09
33.45,4.77,4.31,18.19,1.88,2.46,3.88,4.68,1.85,169.98,9.6,196
9.47,3.43,2.39,8.17,9.29,8.45,2.91,4.35,5.52,5.74,6.28,79.02
44.27,2.39,8.51,2.88,3.98,3.07,9.16,4.89,9.12,166.14,0.81,196.11
10.08,2.65,1.24,13.55,0.58,4.26,9.24,9.06,7.34,25.94,0.84,90.77
32.37,0.6,8.35,11.67,5.02,6.06,6.22,7.21,9.98,119.8,8.31,162.1
5.41,0.81,1.67,5.23,3.25,2.8,4.2,6.04,2.93,2.27,1.29,48.49
20.33,2.27,6.76,8.48,5.58,2.9,9.77,9.85,1.14,22.44,4.72,91.15
38.81,2.56,7.7,5.98,6.63,6.11,5.1,0.82,0.32,171.82,8.25,174.24
44.79,2.41,5.25,14.07,4.13,4.15,4.85,5.27,6.75,33.53,3.28,111.62
27.76,2.66,3.14,13.58,5.72,6.08,7.52,5.41,5.8,125.29,2.67,162.07
44.15,4.67,1.92,10.26,4.15,5.69,4.93,8.64,3.88,158.03,0.34,193.24
35.61,3.52,7.02,18.68,7.02,3.39,7.02,7.88,9.66,44.08,4.9,140.74
1.07,3.89,7.71,13.62,5.38,7.59,0.79,1.61,9.4,157.44,2.7,158.18
11.44,0.04,6.54,2.74,5.61,4.92,3.45,6.19,6.63,45.92,6.51,116.79
8.52,2.48,7.92,5.2,2.17,1.98,5.41,5.23,8.27,36.94,6.84,87.04
30.76,3.4,7.45,16.88,1.98,8.91,1.99,3.33,4.14,20.56,0.75,96.71
32.2,1.16,9.26,16.54,0.7,3.24,9.12,0.5,3.1,76.9,7.46,131.43
9.01,1.76,3.42,13.28,2.78,3.98,6.97,3.21,9,193.46,9.09,184.43
49.72,2.83,7.51,12.55,2.75,7.11,4.15,4.56,3.12,182.86,8.8,227.31
12.48,1.47,8.05,4.7,5.59,9.23,3.23,4.05,2.95,166.17,9.79,153.01
41.17,4.67,2.44,19,2.82,5.09,8.29,0.27,9.54,171.2,4.98,220.52
17.73,3.8,5.51,13.19,3.32,8.15,2.74,0.4,5.93,17.74,1.32,85.4
31.84,3.89,3.75,1.06,5.78,3.74,4.17,9.13,7.3,148.97,2.46,182.05
49.08,0.36,1.08,2.3,6.39,6.31,5.18,6.47,7.74,2.32,4.23,73.32
5.87,2.31,1.9,16.36,6.92,1.36,6.97,3.72,3.99,194.03,6.34,186.95
2.42,4.21,8.96,10.01,6.37,2.44,4.41,4.59,5.32,187.82,6.51,204.76
26.22,1.44,8.08,17.82,6.34,0.48,9.01,4.94,2.51,113.55,9.47,172.58
21.86,0.8,8.33,7.34,7.13,4.72,1.92,6.34,2.46,9.22,2.97,66.77
15.42,0.47,8.57,0.34,9.93,5.47,7.62,0.29,9.04,104.83,1.09,114.81
26.31,0.8,5.66,17.63,8.53,4.95,1.56,8.65,8.08,55.36,2.2,127.65
34.32,4.95,9.59,7.85,6.52,7.89,2.46,3.07,3.83,101.33,2.5,144.62
30.3,1,1.46,12.86,4.73,5.51,2.72,6.21,9.66,177.68,4.7,182.83
27.3,1.87,3.17,9.79,2.51,4.13,5.27,0.89,5.2,107.92,9.53,133.85
42.87,3.24,2.06,7.13,8.99,8.85,5.66,9.52,9.29,26.93,9.11,128.11
37.87,2.39,5.54,15.34,1.99,4.94,4.91,0.67,6.06,12.54,8.31,102.03
30.81,4.63,8.38,17.93,6.69,4.9,8.67,7.65,6.15,193.12,3.25,225.6
29.93,0.2,5.21,16.63,6.17,5.69,1.62,5.27,9.22,143.5,9.93,182.54
24.59,2.93,5.95,19.62,8.16,6.4,7.63,9.39,3.31,165.87,8.88,191.73
19.39,4.14,8.49,15.38,9.49,4.88,4.47,0.16,8.15,177.18,2.49,216.04
49.02,0.25,2.32,4.82,3.07,7.08,3.33,8.33,2.02,37.61,9.78,98.68
4.04,2.77,1.11,6.71,0.72,0.74,0.42,2.22,7.75,20.61,1.61,52.51
26.22,3.26,5.41,16.46,8.28,7.74,6.53,3.42,2.44,198.93,8.08,212.57
28.01,3.88,3.22,18.72,7.64,7.21,6.39,9.49,1.06,137.83,5.24,205.74
0.81,3.37,0.06,13.29,2.72,4.64,0.18,9.66,8.71,88.95,8.13,127.77
30.69,4.35,2.63,0.8,1.36,7.94,0.7,2.88,8.43,33.59,6.93,87.89
22.36,2.54,7.17,12.39,1.82,5.09,3.65,8.77,3.11,183.44,6.31,192.23
1.18,4.73,6.41,11.67,6.84,7.05,1.06,7.29,2.16,88.66,3.12,137.64
27.65,1.09,4.86,6.64,7.72,5.42,5.75,2.65,0.14,165.91,7.81,171.43
41.95,2.94,5.58,1.36,9.9,7.68,1.21,6.8,1.48,162.82,1.33,177.76
48.97,3.07,9.45,11.72,9.11,7.61,6.23,0.73,7.85,182.89,5.29,207.06
16.12,2.76,7.24,18.03,2.22,6.41,4.85,3.36,7.86,175.61,0.56,189.54
36.68,2.68,4.25,1.95,3.35,4.53,5.58,4.44,2.67,105.94,6.33,151.22
23.66,3.27,7.36,9.31,6.23,9.88,4.17,7.64,1.04,119.11,8.76,169.2
46.27,3.56,0.44,4.86,9.37,7.67,5.22,9.94,0.56,38.1,7.59,122.2
34.56,3.88,4.47,8.49,5.54,8.13,8.05,4.7,9.05,153.06,8.65,188.5
42.01,2.36,2.5,3.51,7.49,0.72,1.07,0.92,0.83,50.62,8.81,104.62
16.52,4,7.9,14.86,6.43,8.16,8.19,3.13,7.46,38.06,0.53,104.88
18.38,0.89,8.69,2.43,2.09,6.92,2.31,2.59,7.93,154.49,0.39,165.06
30.48,2.06,3.14,3.66,6.02,4.14,0.77,1.05,6.35,71.31,2.3,117.29
33.88,3.48,1.11,13.53,7.56,7.78,8.1,9.93,7.94,151.14,3.43,206.96
42.77,4.17,0.73,8.18,9.93,5.47,1.33,3.87,7.14,164.89,2.3,188.6
32.36,3.21,7.92,18.17,0.47,8.92,9.87,3.25,8.61,30.14,7.65,120.76
12.7,0.54,9.33,11.75,3.54,3.02,6.14,4.21,9.34,0.23,0.77,81.4
48.72,1.87,3.48,13.45,1.6,4.22,2.54,4.73,6.71,124.37,1.42,162.63
12.73,4.79,2.01,8.06,0.08,8.73,8.13,9.23,0.79,143.67,2.99,160.58
20.79,3.08,6.77,5.35,3.97,1.47,1.7,0.39,8.32,135.43,8.94,144.4
7.04,4.97,4.15,18.33,6.45,5.51,2.43,3.9,7.64,12.01,4.18,92.19
42.33,4.97,9.6,0.4,6.95,4.11,0.32,2.58,2.77,73.15,8.49,118.77
6.15,1.56,9.59,10.94,0.27,0.3,2.36,6.93,6.45,180.05,1.31,165.92
18.84,4.65,2.87,14.74,3.55,0.21,6.58,6.84,0.47,106.21,5.55,140.23
8.38,4.67,9.42,9.51,1.13,5.6,2.25,4.31,9.75,95.27,2.14,111.17
43.71,4.89,1.04,5.22,1.87,3.02,7.66,4.54,3.36,58.5,3.19,116.74
10.03,4.26,8.86,12.07,2.02,0.8,1.9,2.95,9.51,30.58,8.86,90.97
41.64,3.26,0.96,1.8,1.56,1.07,6.16,1.07,0.7,43.63,5.91,99.1
39.82,0.55,1.13,16.49,3.98,7.25,8.79,2.48,4.49,8.84,8.25,98.14
43.81,3.36,5.49,11.16,2.35,7.96,7.61,2.33,9.79,21.5,8.56,117.6
12.21,2.49,4.02,4.04,6.88,7.74,6.37,3.41,5.78,126.67,1.28,147.4
19.4,2.4,3.33,11.79,0.18,2.02,6.32,1.36,2.52,53.52,5.35,100.61
38.98,4.58,7.3,6.71,5.39,0.87,4.36,2.82,2.11,141.03,4.69,158.66
2.57,2.08,5.26,9.48,4.34,1.33,1.44,0.83,7.54,112.92,3.72,109.53
5.09,1.65,8.71,16.19,3.08,6.05,9.27,5.03,8.84,86.3,6.64,132.6
29.89,0.1,3.69,10.87,4.51,9.64,9.26,9.75,1.79,167,0.74,188.63
42.29,2.46,7.31,9.83,3.53,1.66,4.89,0.32,4.06,68.78,5.93,129.74
49.79,0.69,0.56,0.89,0.5,4.53,3.92,6.09,7.8,179.29,4.43,216.44
48.17,1.45,9.26,3.11,9.6,8.09,3.52,3.98,0.51,47.92,9.23,115.33
10.33,2.79,2.35,15.32,6.45,8.13,6.62,2.13,3.61,153.4,9.01,153.64
16.8,2.26,2.53,11.75,0.53,4.92,0.47,9.05,5.4,194.12,9.91,192.29
0.47,4.95,9.06,9.52,8.1,5.44,2.86,1.24,4.59,71.63,2.6,77.09
25.19,2.04,1.04,4.53,9.22,1.85,3.1,9.33,7.26,126.94,3.22,143.7
37.07,3.52,7.87,8.11,9.98,1.63,2.77,1.31,0.67,56.4,3.76,107.33
18.26,2.89,0.03,18.71,1.15,3.39,0.23,3.65,7.98,22.44,7.31,99.44
18.35,0.09,7.02,18.41,4.96,2.89,8.14,9.8,3.45,18,8.02,94.52
1.67,0.95,3.43,12.97,6.71,5.21,9.37,9.16,1.78,70.57,5.77,122.35
20.38,4.03,7.73,9.98,3.45,2.22,2.47,5.23,0.59,154.1,3.76,148.22
13.52,0.25,5.27,6.01,3.57,2.03,2.99,6.14,5.32,22.92,1.97,73.52
48.12,4.03,2.69,17.06,0.51,9.02,7.08,0.38,6.87,89.99,3.69,155.93
9.89,3.42,3.97,4.12,6.01,6.51,4.88,0.9,8.14,136.79,7.77,161.39
21.87,3.05,7.47,7.19,2.43,7.14,0.68,4.27,2.91,162.83,6.44,140.69
1.25,0.5,6.42,0.15,0.69,3.18,7.15,10,8.39,118.62,8.67,116.1
6.68,4.16,2.38,11.03,6.04,8,3.13,8.16,2.11,12.45,8.37,86.63
28.8,3.31,3.35,15.49,4.67,9.51,3.29,7.72,2.99,189.08,3.62,211.02
35.81,1.39,3.47,12.49,5.48,5.69,9.69,4.01,6.92,96.44,3.65,150.83
20.82,4.77,9.84,6.99,8.27,0.75,7.28,3.81,1.36,155.9,2.29,173.31
23.49,1.42,2.28,6.7,0.13,0.01,2.89,1.41,8.53,101.95,0.97,127.36
33.31,4.79,9.55,0.02,1.47,4.74,0.81,1.69,4.1,171.98,5.44,178.23
22.27,0.97,0.14,5.63,8.92,2.43,0.58,5.55,8.44,47.19,1.36,90.27
47.95,0.7,5.32,9.18,1.32,5.09,0.7,8.03,8.84,132.15,3.88,181.87
39.32,2.88,6.78,6.32,6.98,8.44,7.45,2.92,9.19,49.95,1.72,118.24
48.18,3.13,9.65,9.83,4.5,4.04,3.29,8.85,9.94,101.64,9.49,173.52
26.48,4.04,8.6,6.46,5.11,6.11,5.02,7.19,0.85,71.51,9.05,130.58
38.01,2.37,6.13,18.38,0.72,2.95,5.75,4.5,3.3,47.35,8.85,111.56
41.64,1.32,7.35,12.94,7.4,3.32,9.02,7.2,4.17,88.31,6.17,139.38
11.56,4.61,7.43,0.97,8.98,8.05,6.09,7.86,7.15,183.99,4.75,170.83
41.76,2.45,1.84,13.2,6.6,5.01,7.33,1.38,5.82,94.99,8.02,159
36.05,1.8,3.83,4.45,5.21,8.74,2.67,1.46,7.47,109.5,8.42,155.87
17.68,2.68,8.86,13.08,2.72,8.29,8.24,6.3,1.23,89.86,1.09,124.6
46.1,3.75,0.16,3.64,3.33,8.16,7.95,5.96,7.18,172.18,8.08,190.82
44.17,0.25,2,11.77,0.44,1.26,0.96,4.6,4.52,184.76,1.18,179.46
36.1,3.41,6.79,6.56,9.21,6.76,6.85,3.53,1.11,78.21,9.25,141.54
22,1.88,2.82,11.5,6.74,6.55,0.04,2,5.66,40.72,4.58,86.86
7.18,4.51,2.33,8.99,5.38,1.91,8.45,3.13,9.44,152.7,7.9,172.02
29.9,2.75,9.35,0,2.6,0.72,6.61,4.69,3.73,69.59,8.43,119.04
25.47,3.3,3.26,5.82,8.09,0.51,7.99,7.06,1.92,8.18,0.02,75.04
28.78,0.68,9.7,8.39,7.74,2.94,0.56,0.04,9.45,11.48,2.83,64.78
11.1,0.93,9.61,18.18,9.17,6.56,5.88,3.73,2.14,7.59,8,87.1
40.86,4.34,5.38,19.92,2.08,9.98,2.74,5.07,7.1,63.15,4.95,169.14
46.54,1.57,7.78,11.15,0.69,6.74,9.42,9.79,2.8,156.58,4.51,203.8
10.24,3.5,0.08,5.26,6.27,3.4,7.86,3.89,8.59,122.71,4.31,141.44
36.6,4.48,3.93,8.03,5.09,4.33,4.14,5.25,6.64,67.3,3.91,127.83
32.91,3.56,5.2,10.09,5.53,1.59,1.76,0.08,5.99,57.48,1.99,108.6
38.37,4.37,9.13,11.81,5.41,9.51,3.7,3.3,9.84,59.36,6.63,147.39
46.36,0.87,9.85,0.29,8.43,7.52,1.13,0.09,6.8,135.37,8.23,171.67
5.79,0.75,2.79,2.73,1.55,5.58,1.32,6,1.02,44.97,3.14,64.96
49.28,3.41,7.31,4.64,1.93,4.73,4.22,1.83,4.07,17.37,0.03,84.8
17.91,2.25,4.44,11.13,3.81,0.59,5.36,1.37,5.29,94.39,8.08,117.51
31.01,3.29,3.98,8.49,4.37,4.98,9,4.77,0.61,105.29,6.73,143.53
8.83,2.59,4.37,6.85,3.52,5.19,7.51,6.19,5.9,105.54,0.07,126.86
17.21,1.5,7.52,18.46,9.24,8.46,8.25,1.01,1.32,165.82,6.91,178.33
30.54,2.87,3.51,0.45,9.65,4.78,3,5.02,8.71,174.57,4.36,170.27
10.33,2.4,0.16,2.28,7.03,5.17,5.65,8.85,8.77,157.77,5.28,168.08
39.26,0.82,4.3,0.07,2.36,3.47,4.05,6.15,3.2,53.7,9.39,95.77
11.66,0.7,7.56,2.87,6.69,5.93,2.49,5.59,7.9,141.81,5.57,140.07
26.79,3.99,4.97,8.25,4,8.3,9.25,2.08,2.75,8.73,3.05,103.66
28.24,4.87,4.1,9.01,6.39,6.07,2.08,9.75,1.64,131.41,6.15,159.2
45.82,4.17,4.76,1.57,9.64,1.15,4.74,5.75,8.68,188.37,9.7,202.23
34.33,4.86,0.96,6.95,3.01,1.22,7.54,4.69,1.94,25.07,5.12,84.79
25.19,2.83,2.68,19.76,4.42,7.61,1.48,9.76,4.47,41.85,7.16,113.85
41.87,1.84,5.57,9,4.78,8.24,4.47,5.36,8.98,68.15,8.19,149.5
2.4,0.77,6.69,0.07,5.11,2.44,9.07,2.33,9.14,99.4,5.1,109.96
17.09,1.07,1.68,17.5,9,4.05,1.44,6.31,1.39,68.57,5.75,98.38
21.49,4.51,5.58,16.27,7.02,1.54,3.42,6.32,2.87,108.4,1.46,132.41
27.73,2.98,4.9,6.94,4.12,7.81,3.13,1.59,3.46,117.92,8.4,142.08
8.22,4.84,0.11,18.15,4.73,2.96,5.35,5.25,6.38,123.37,3.94,154.37
16.78,1.57,6.45,7.7,8.39,6.48,4.98,3.12,4.88,184.99,4.01,174.75
45.13,4.45,0.5,0.7,9.69,4.88,0.66,8.67,1.71,186,1.18,186.42
7.57,3.77,9.76,11.5,2.87,8.32,5.58,3.17,4.84,135.23,2.53,155.98
31.13,3.22,3.27,12.8,4.41,7.18,1.44,4.98,6.22,95.67,7.4,153.19
48.89,2.13,3.71,13.09,8.82,0.41,4.7,5.14,2.56,167.81,3.01,192.49
48.05,0.55,7.67,6.96,8.12,2.61,8.12,7.05,0.14,48.09,5.25,125.42
31.33,3.37,5.28,1.77,1.52,6.55,6.34,8.38,1.95,162.37,5.16,158.74
41.78,0.45,8.56,10.22,3.09,7.64,6.06,2.45,0.85,79.45,1.69,132.02
32.66,1.88,3.45,2.39,4.91,8.46,7.58,5.63,8.82,86.56,2.57,132.18
33.58,2.05,6.78,10.8,6.34,1.11,1.6,0.98,4.55,136.62,0.92,158.11
21.97,0.68,4.9,6.97,1.24,9.78,7.95,3.28,8.34,17.57,0.21,80.24
4.61,0.79,3.97,5.13,9.28,2.57,0.76,7.26,6.79,149.43,5.56,135.96
4.83,4.47,1.11,7.49,9.44,7.37,5.73,6.04,5.9,57.26,6.03,103.11
16.77,0.84,2.91,14.97,2.94,5.31,6.19,5.2,2.48,96.24,2.31,135.28
41.99,3.47,9.21,14.68,4.43,3.18,9.4,2.35,7.17,116.94,2.59,182.94
46.81,2.05,7.62,14.25,3.56,1.61,9.68,3.51,7.47,133.55,4.73,197.45
33.88,2.07,9.23,15.86,4.25,8,5.56,5.93,9.38,128.42,2.91,189.54
32.34,2.43,2.08,13.1,2.69,3.34,2.8,5.46,9.53,76.79,1.39,148.91
46.76,1.4,0.61,5.89,8.37,7.65,1.79,8.91,0.58,50.11,4.31,122.76
25.36,0.88,2.14,12.85,7.9,1.45,4.4,8.57,4.12,136.89,2.61,157.14
39.08,0.49,3.61,12.58,7.52,8.56,0.59,5.46,1.35,56.08,7.77,117.83
37.77,4.68,2.04,11.64,8.76,9.21,4.2,9.82,4.72,183.63,3.29,203.6
3.37,2.18,6.37,8.06,9.54,2.28,7.5,9.51,3.06,166.5,1.48,181.3
19.69,2.78,8.46,18.48,2.95,1.7,8.49,5.94,0.17,170.55,9.64,189.94
5.96,4.08,5.83,2.7,3.44,0.15,8.83,2.25,4.57,57.74,1.37,76.83
26.39,0.83,7.4,14.29,0.52,6.45,9.23,2.77,3,114.55,5.9,127.2
26.59,1.69,0.07,11.75,8.89,2.36,5.36,0.97,8.02,100.96,6.37,131.31
41.56,3.64,2.12,16.11,3.21,2.24,0.57,4.93,6.53,120.14,4.41,156.39
39.96,4.28,7.53,6.51,3.63,9.11,6.09,9.59,2.97,142.49,7.5,180.49
22.03,1.63,8.72,14.19,4.18,4.48,0.57,2.25,5.28,73.5,2.38,111.38
38.22,1.15,0.44,8.91,2,5.86,8.86,1.67,8.41,19.08,5.74,102.25
32.95,1.92,9.15,19.5,7.74,0.13,6.21,1.83,1.65,111.6,6.2,154.06
7.66,2.08,2.49,16.47,4.91,3.29,1.04,4,2.86,7.39,2.3,54.97
45.72,1.89,7.78,17.65,8.62,3.78,5.48,1.94,4.91,32.67,8.25,122.23
43.58,4.46,8.66,9.92,0.68,5.47,4.73,1.28,0.78,95.03,5.88,136.32
4.58,2.19,8.82,6.01,9.93,6.18,2.19,7.04,9.52,23.76,5.06,90.12
34.75,3.13,1.94,1.3,3.92,7.74,8.98,1.56,2.26,53.42,0.42,81.7
25.13,0.11,8.68,19.87,3.27,2.03,9.47,8.24,7.65,144.44,0.24,179.52
17.41,3.29,8.02,11.35,3.51,4.12,3.82,3.17,9.82,114.03,2.51,151.67
48.81,1.91,7.68,18.78,3.53,7.98,1.07,6.25,9.32,128.96,7.06,189.62
10.54,1.75,2.36,10.64,9.67,5.87,9.6,0.32,2.13,95.69,5.85,119.88
3.44,4.36,3.96,14.29,5.12,5.51,4.36,6.09,7.97,134.77,6.72,150.91
7.4,2.24,1.95,14.29,8.15,9.12,3.86,4.79,4.31,79.28,5.87,100.19
49.87,2.29,3.94,15.39,4.59,3.08,7.14,2.06,9.96,74.98,7.51,150.55
3.95,4.94,8.16,3.51,3.63,0.89,6.25,6.4,9.81,175.88,4.21,179.96
48.6,1.49,7.16,9.61,0.66,6.22,1.04,3.39,2.76,3.05,0.24,72.35
23.71,4.33,2.98,16.7,0.42,9.54,4.82,5.68,3.34,198.11,3.73,191.94
32.41,4.64,6.39,19.35,5.56,0.14,6.28,9.05,9.96,139.61,5.19,201.58
45.81,1.21,8.75,17.73,3.64,9.37,0.44,6.63,6.16,186.5,8.87,237.08
28.92,3.68,8.83,10.63,5.12,8.49,6.93,3.31,0.97,53.72,2.33,92.88
19.44,0.75,2.22,6.86,1.85,3.06,1.18,0.28,2.45,49.71,5.71,59.77
2.98,4.67,9.21,5.67,7.19,8.08,3.22,1.63,8.47,35.26,6.25,88.9
44.83,0.6,2.75,17.7,6.66,0.08,6.47,4.86,7.19,144.65,3.26,203.97
39.07,4,5.69,18.12,7.68,2.24,2.55,5.01,3.56,104.32,1.45,156.14
39.2,4.47,5.25,9.01,3.69,9.84,3.43,2.43,2.07,186.23,0.63,189.39
24.31,0.31,1.01,5.95,3.94,5.8,5.32,1.28,8.15,70.73,8.11,126.6
1.92,0.72,1.55,5.37,9.37,4.38,4.45,6.17,5.5,28.49,1.17,63.84
22.82,4.97,5.64,5.64,8.28,5.68,7.13,6.26,9.19,27.42,1.76,98.01
27.7,2.06,3.04,5.16,7.74,8.98,2.51,3.82,7.18,97.07,3.7,155.64
22.22,2.69,6.08,11.96,9.77,2.41,6.33,3.05,9.17,95.8,1.41,127.42
28.61,3.25,2.7,0.39,8.98,7.77,5.68,3.13,6.32,179.06,5.78,196.86
10.08,2.71,5.89,14.17,6.65,9.12,9.36,2.32,7.87,118.26,5.13,171.44
6.91,2.13,2.44,9.66,2.06,1.11,2.63,5.63,3.49,175.79,9.3,155.85
0.71,0.13,6.77,18.78,0.96,5.4,4.45,0.77,5.72,75.21,3.56,106.68
23.48,4.18,4.01,0.99,4.36,0.09,0.3,1.07,9.67,145.46,6.91,164.1
11.46,2.49,2.17,13.11,2.39,1,9.39,8.08,2.88,151.88,0.6,154.35
10.4,2.19,0.57,14.31,1.98,7.52,3.8,6.11,6.23,16.47,6.05,87.2
38.78,3.05,7.12,10.17,1.77,6.84,6.03,3.56,5.91,147.67,1.88,158.1
4.73,3.54,6.77,15.47,6.37,7.53,6.08,5.77,4.17,11.01,5.9,76.18
0.38,0.19,5.3,1.39,8.1,2.38,8.96,6.24,7.19,95.54,5.69,118.34
14.28,4.95,9.52,5.63,1.09,0.52,7.53,3.35,2.32,2.31,9.7,66.24
34.75,1.94,2.49,17.27,3.71,9.89,9.1,8.44,7.05,138.46,2.1,186.04
27.28,1.95,2.56,3.61,3.24,5.65,5.26,1.32,2.9,141.63,8.51,143.2
14.37,2.93,9.46,7.08,9.32,7.2,0.81,6.74,9.21,84.64,2.63,127.09
20.8,4.33,2.56,13.83,0.28,1.26,5.43,0.06,4.63,115.76,6.76,137.99
6.84,2.18,4.13,7.35,2.93,2.79,0.25,4.14,9.39,150.9,8.53,148.31
23.67,2,2.22,7.65,9.24,6.07,3.75,6.12,8.26,15.97,1.84,86.06
10.69,2.02,5.73,14.94,2.83,6.13,3.13,7.36,8.45,105.87,2.81,144.12
7.3,4.28,0.62,7.56,5.19,2.08,7.88,6.43,5.31,28.16,4.07,86.19
3.1,2.26,9.19,4.16,7.46,1.78,5.75,5.26,6.19,75.42,1.67,117.63
49.47,3.01,4.39,19.8,3.26,4.76,1.03,0.45,6.88,6.05,8.79,107.39
26.43,0.6,3.91,3.75,0.67,6.32,2.32,0.88,6.95,117.84,2.46,108
20.17,0.94,4.14,8.51,9.01,0.73,3.05,4.27,1.02,148.85,4.91,182.95
9.24,3.24,8.07,7.61,9.67,2.11,3.36,7.03,1.31,134.74,8.76,151.6
23.18,4.71,8.19,16.97,2.39,4.1,0.19,9.58,2.42,29.25,3.22,96.69
48.26,3.28,2.98,10.3,2.54,8.03,1.41,1.68,0.33,149.8,5.41,160.77
45.31,2.21,0.15,15.18,9.63,7.41,5.69,0.36,8.72,117.42,1.39,161.94
38.16,2.85,7.45,10.32,7.45,2.25,8.57,1.75,1.78,7.28,2.97,74.26
19.85,4.47,2.38,10.29,2.63,0.61,2.13,6.47,0.9,35.9,8.5,73.07
47.65,1.31,0.5,13.31,2.65,6.87,7.33,7.03,4.51,74.01,4.45,152.7
30.31,1.68,0.29,9.55,5.82,4.24,2.38,8.75,7.57,98.88,8,157.17
9.54,2.76,9.98,7.29,4.49,3.68,7.95,9.23,6.17,69.22,0.34,118.7
29.79,2.95,8.5,15.1,1.64,3.3,3.21,3.07,8.87,98.06,5.81,130.78
10.93,2.29,4.64,14.67,2.98,9.36,5.86,4.42,1.59,146.16,3.57,154.69
15.18,4.72,6.06,9.69,0.47,9.46,1.57,6.06,4.22,69.59,8.73,111.51
0.41,0.41,8.14,7.47,1.08,2.02,4.6,3.52,7.87,29.56,0.68,64.52
24.05,2.1,4.97,6.79,3.64,5.74,1.66,2.32,1.94,198.86,4.84,170.61
47.65,3.62,5.8,4.21,1.88,5.04,1.09,1.82,9.84,74.34,8.45,141.58
7.02,1.52,9.07,11.91,4.07,4.67,9.54,1.98,8.16,159.77,2.92,185.56
42.2,3.81,8.88,7.85,0.14,2.35,5.97,4.76,2.41,151.12,4.76,170.57
32.2,0.91,8.49,7.71,8.05,5.47,4.25,7.03,8.37,79.84,5.2,150.59
46.81,3.4,8.3,17.59,5.3,7.83,8.61,0.94,5.59,54.37,3.19,134.01
23.83,2.91,0.19,8.94,9.07,7.38,6.65,4.83,4.14,148.27,2.37,166.94
29.54,3.04,0.26,14.29,4.26,4.77,3.7,1.2,2.44,158.61,5.52,167.52
3.72,4.45,4.66,18.41,1.97,6.02,8.76,1.95,3.7,82.63,7.59,124.18
5.83,4.42,5.56,18.13,8.51,9.2,0.84,9.63,6.15,82.12,1.53,131.4
38.92,4.82,9.68,0.25,2.71,4.45,1.94,0.22,1.13,134.49,1.27,135.96
24.77,0.99,6.56,14.09,2.87,4.73,0.78,5.85,5.2,45.55,8.3,109
14.13,0.79,4.75,0.53,9.5,3.67,7.45,7.44,9.63,24.96,1.11,76.73
17.4,2.94,6.06,3.44,7.92,4.79,6.3,7.82,3.56,56.29,2.63,124.16
3.66,0.54,4,4.86,2.49,9.61,3.39,7.06,6.99,76.76,0.94,111.61
21.57,4.86,3.18,11.74,4.09,4.31,8.42,6.87,8.84,150.24,6.44,168.2
0.54,2.24,6.79,11.77,7.04,5.52,1.82,4.69,1.64,171.29,9.26,169.47
11.38,3.19,8.2,8.23,5.3,9.68,0.77,9.99,5.63,167.71,5.66,168.12
1.7,0.86,9.6,18.04,8.36,0.43,1.93,7.55,5.3,176.16,2.82,176.16
10.16,1.01,5.78,10.19,4.51,5.55,9.93,8.79,9.07,12.37,4.94,95.84
41.81,3.67,0.28,2.26,3.32,3.62,2,0.91,6.51,89.3,1.92,111.05
13.05,4.75,1.64,19.44,2.41,7.92,8.96,5.09,7.04,91.37,8.58,148.47
18.93,3.48,0.53,8.01,9.42,8.02,7.94,4.19,7.7,131.73,9.86,172.54
28.36,4.45,3.29,19.52,4.67,7.02,0.68,9.25,5.5,168.86,5.74,196.04
17.78,4.49,5.07,16.09,1.05,4.45,1.96,5.74,0.04,134.63,1.76,149.48
23.6,0.8,5.46,1.86,6.51,0.3,8.55,5.42,1.65,57.89,7.71,108.18
16.2,1.62,7.53,5.99,9.08,5.48,0.64,8.13,7.2,149.37,8.19,167.59
22.97,0.16,0.51,16.43,3.22,0.23,5.79,6.73,4.63,7.79,1.04,77.17
27.14,1.1,6.8,17.79,2.86,0.07,8.96,3.66,7.65,87.49,8.98,154.73
38.24,1.6,3.56,5.35,7.37,4.23,3.66,3.32,1.79,150.05,9.54,167.37
19.76,4.9,9.52,4.99,7.05,6.37,1.59,3.51,6.86,44.74,8.74,115.13
18.5,3.65,3.04,16.19,7.15,4.31,8.58,8.03,1.57,113.97,3.03,150
32.19,2.54,1.43,9.77,9.16,8.57,4.28,4.36,3.96,17.67,3.71,94.39
4.5,4.12,8.75,19.68,0.1,8.14,0.04,3.45,2.55,40.71,2.56,93.15
6.05,1.76,2.87,8.63,9.84,0.69,4.07,5.76,1.29,180.07,0.38,156.5
24.66,0.2,3.34,0.61,8.58,1.31,9.89,7.14,1.99,145.1,5.05,157.79
9.93,0.33,0.34,0.74,8.45,0.05,2.22,4.61,3.14,69.27,5.36,88.29
38.19,4.81,0.7,6.06,4.74,1.93,0.21,4.26,1.44,54.01,1.67,94.51
20.7,2.92,8.86,0.85,7.26,3.89,3.99,7.13,5.79,155.3,0.05,155.34
24.92,0.69,1.1,1.29,5.44,9.91,3.3,2.86,3.17,114.24,2.21,127.94
32.93,1.44,6.17,6.1,9.03,9.79,5.13,8.48,8.86,11.3,1.12,115.77
6.38,3.84,8.86,4.55,4.83,2.53,9.71,3.58,7.49,1.47,9.73,72.68
37.51,1.59,1.34,1.87,6.51,7.98,0.22,0.87,2.71,181.41,7.85,170.61
28.71,3.58,2.17,19.78,6.53,5.34,4.33,5.11,7.01,35.02,0.39,108
8.58,1.98,6.53,18.59,9.03,7.02,5.32,3.49,5.24,164.57,8.4,188.12
4.83,4.2,8.98,18.7,2.34,2.45,3.06,3.36,7.64,111.77,7.5,140.42
41.99,3.52,5.9,2.6,9.38,2.67,2.02,4.71,3.43,170.85,6.85,185.54
32.18,3.29,5.09,4.31,3.78,2.54,3.07,9.39,3.16,195.99,0.62,214.8
25.15,3.43,2.17,4.96,3.09,8.06,3.22,6.05,4.48,4.56,8.9,82.33
15.48,4.64,8.97,9.46,7.09,8.01,4.01,2.07,1.5,173.91,9.17,179.42
44.59,3.84,0.35,10.22,4.24,7.19,2.94,1.94,9.6,66.86,8.28,139.64
19.36,2.83,6.7,13.82,2.35,4.7,9.09,7.87,7.63,153.86,6.89,203.11
16.96,1.12,8.42,13.63,5.1,4.11,4.74,7.78,1.72,7.25,4.08,72.8
22.89,3.64,7.91,6.93,6.6,3.88,8.48,8.46,8.19,167.41,3.74,197.9
15.56,2.51,6.26,15.57,9.88,2.4,5.45,3.2,1.43,145.39,4.4,137.23
7.17,1.41,9.99,18.9,3.49,4.39,2.38,3.76,1.84,174.71,5.47,171.67
13.78,0.48,2.16,18.02,2.45,1.45,7.04,6.18,8.42,65.55,8.75,125.44
45.8,3.92,4.24,6.1,8.43,0.69,6.2,1.52,4.07,104.06,1.8,147.61
40.06,4.2,7.31,7.4,9.36,2.88,3.15,6.1,5.34,148.32,3.09,168.45
31.87,3.57,9.74,4.72,0.64,4.47,3.59,7.36,3.75,69.39,6.62,116.27
44.66,0.13,0.82,15.34,1.48,4.01,1.09,5.8,5.85,144.19,6.18,179.38
12.83,4.32,9.84,1.7,5.77,3.79,2.03,9.92,5.74,68.01,0.54,99.84
4.15,3.16,6.13,5.81,7.41,7.59,0.39,1.38,4.43,19.37,4.16,58.95
18.41,0.9,5.16,16.92,1.59,8.79,4.66,2.37,0.53,156.34,8.79,149.77
39.29,2.24,6.71,17.7,8.43,2.22,8.74,3.15,6.59,59.8,5.91,144.06
38.78,4.14,6.72,10.23,3.5,6.68,4.95,4.76,6.88,19.36,7.6,111.76
29.01,4.86,4.59,9.98,2.08,3.8,0.26,3.86,7.24,157.59,5.13,166.93
38.47,0.38,6.21,4.87,9.76,1.25,2.77,2.28,5.31,117.84,4.11,144.69
8.18,4.9,3.92,11.8,7.46,7.46,2.23,8.36,5.27,177.96,9.69,198.1
18.53,0.37,1.22,17.62,4.59,7.89,6.76,7.17,1.2,64.09,8.04,139.93
18.4,1.63,0.9,8.02,6.48,5.82,5.85,3.39,2.61,7.89,2.62,61.09
5.36,0.26,5.85,19.17,8.99,8.67,3.66,9.06,8.51,46.98,4.86,126.65
16.18,2.08,3.74,16.15,0.94,0.09,1.39,9.42,7.57,24.11,5.14,100
21.36,0.28,0.64,19.46,2.49,6.27,2.59,9.25,3.8,8.16,9.37,78.18
3.81,3.54,3.25,4.52,1.94,2.35,7.21,6.74,4.14,107.38,6.53,131.12
16.93,3.85,1.72,15.66,7.32,6.04,5.54,9.5,1.87,42.55,2.9,119.63
4.61,2.58,7.47,0.34,4.36,9.72,3.87,1.35,6.79,32.28,4.53,52.81
39.23,3.45,7.71,8.32,4.03,0.36,5.81,5.9,9.6,66.99,0.82,127.59
33.71,2.88,2.91,15.81,2.82,4.31,6.42,8.42,1.68,181.74,1.36,196.72
14.32,2.02,5.75,16.24,1.67,3.23,1.63,6.19,9.24,33.46,2.55,84.11
27.25,0.77,1.04,1.61,3.29,2.74,7.08,5.04,1.46,33.43,7.62,83.61
47.62,4.86,8.22,5.76,5.09,0.81,6.96,2.43,2.04,127.73,6.47,190.75
16.7,0.52,4.58,4.77,9.57,5.05,5.13,7.72,7.28,94.51,5.38,127.21
49.09,3.06,5.44,19.68,9.05,2.74,5.98,5.39,4.27,149.28,8.64,214.99
42.66,0.53,4.46,11.27,6.44,7.99,7.9,8.3,4.05,90.23,3.58,148.83
5.73,1.62,8.18,17.43,4.38,7.07,9.79,2.63,4.46,117.6,8.99,162.37
9.48,4.81,6.18,17.16,8.9,5.79,4.91,3.4,9.97,55.57,0.29,133.14
5.9,0.67,3.45,10.48,3.09,1.62,4.41,3.01,9.03,86.92,4.02,110.82
7.62,3.51,1.82,3.72,6.94,8.49,6.28,0.85,3.75,185.51,0.26,178.88
6.48,4.06,6.18,17.14,3.77,1.78,6.35,4.7,9.09,184.85,1.95,179.19
19.92,0.3,6.91,2.07,7.85,9.73,5.68,3.65,1.52,8.51,2.89,83.87
47.36,1.28,9.3,13.63,0.19,8.9,4.16,1.31,0.81,77.02,1.22,132.74
41.96,4.47,0.24,6.23,2.88,3.67,6.4,9.05,8.7,63.15,9.43,143.95
14.61,2.27,0.5,9.26,7.35,8.17,2.49,3.01,6.37,109.41,0.85,131.06
33.34,1.54,7.84,6.06,8.73,3.97,5.59,7.04,4.42,130.93,1.06,151.2
34.78,4.59,6.68,19.67,7.75,1.42,9.53,2.39,0.62,76.25,7.99,144.63
30.61,3.71,1.53,2.53,5.21,0.5,5.95,4.24,1.49,25.49,3.62,98.25
28.72,3.04,7.75,19.56,6.39,3.95,3.76,0.44,8.76,96.7,3.11,152.42
41.4,4.69,6.14,7.6,8.63,2.67,9.63,0.82,1.86,52.51,7.81,118.93
38.89,2.12,0.04,2.13,3.37,4.73,3.52,8.93,8.67,70.16,6.73,116.94
20.28,2.72,0.1,15.75,0.51,2.78,1.48,9.1,0.17,149.56,8.31,173.18
39.01,0.99,9.73,11.66,2.89,9.04,8.36,0.91,0.27,94.98,7.42,129.42
28.91,4.31,7.51,17.16,7.02,5.76,8.28,6.58,5.63,182.65,1.09,216.79
9.2,0.96,8.8,16.93,2.48,9.29,9.99,8.68,4.98,114.14,9.88,162.36
44.67,2.61,5.43,18.12,8.68,4.71,7.02,3.53,9.66,81.07,7.8,168.78
1.68,4.49,4.5,9.01,4.29,2.52,1.03,8.16,7.73,167.62,9.71,164.12
18.03,2.04,2.13,16.93,4.73,5.46,1.79,3.04,1.68,179.06,3.23,171.65
16.43,2.87,7.44,18.74,9.27,9.46,8.05,5.87,3.33,179.49,5,210.64
30.92,2.22,3,9.76,5.31,8.8,0.19,4.55,2.42,119.24,5.56,149.85
3.3,4.6,2.62,11.35,9.41,1.24,0.09,0.38,2.23,20.38,4.96,49.71
44.37,2.94,1.77,2.03,1.14,8.5,4.77,0.57,6,36.62,9.68,97.15
33.23,4.41,1.37,12.88,0.98,2.11,0.04,7.17,8.59,53.81,5.35,116.95
8.33,0.81,3.78,18.59,0.71,3.68,0.5,3.16,8.36,67.58,7.69,106.86
7.55,0.27,1.72,18,5.19,9.15,1.42,6.83,5.2,19.92,5.62,89.28
1.53,4.62,7.74,3.77,2.64,3.69,3.21,2.53,3.02,168.18,7.27,156.47
45.03,3.97,9.85,19.66,1.74,7.85,1.18,2.97,0.6,92.38,7.3,153.76
20.63,4.63,5.1,6.83,2.25,3.15,6.39,2.4,8.48,101.57,7.55,145.92
11.17,0.85,6.62,5.58,9.99,7.89,2.49,9.24,7.76,34.73,8.11,94.12
23.6,3.75,2.97,12.92,6.66,3.49,2.8,3.01,2,165.86,1.12,157.83
8.12,1.19,1.3,6.11,2.69,3.88,9.47,0.41,0.21,176.66,5.8,146.72
9.36,4,0.92,10.29,1.21,3.68,6.06,8.83,0.51,199.76,8.56,183.22
8.24,3.29,9.82,15.19,9.13,5.34,0.18,0.11,7.07,71.36,7.13,113.99
26.57,1.47,2.85,1.71,9.08,8.61,4.02,6.21,6.47,169.14,6.92,189.67
34.41,1.95,1.65,8.4,8.74,2.24,7.32,1.07,6.3,102.06,1.23,130.76
17,1.92,1.3,6.01,3.1,1.21,2.25,2.32,1.03,103.66,7.3,115.32
30.49,1.29,2.2,11.13,8.01,5.56,5.17,4.91,2.28,115.47,7,146.59
48.12,3.94,1.24,13.9,9.17,9.05,4.92,3.25,7.31,3.88,8.55,110.88
2.23,1.39,9.51,5.54,0.43,2.35,0.16,8.25,1.36,56.64,6.29,72.8
12.03,0.99,5.16,19.9,3.55,6.72,0.44,8.8,1.55,161.67,0.13,143.81
1.97,0.78,9.75,3.66,9.14,2.58,9.35,9.17,4.91,180.89,2.38,166.11
42.21,2.38,6.33,16.32,8.47,0.56,6.99,1.24,3.51,99.6,7.61,148.66
19.78,3,8.43,8.86,5.98,0.85,5.45,3.61,6.51,191.67,1.8,193.48
23.49,1.74,0.63,1.42,5.44,4.21,3.87,6.23,0.98,114.5,8.07,115.7
35.52,4.51,7.51,4.29,8.9,5.1,2.25,2.51,8.19,49.82,8.7,122.16
48.25,3.33,3.38,17.05,4.36,3.49,5.3,7.53,8.01,89.89,2.67,161.82
17.3,3.63,6.21,4.01,3.27,3.49,1.46,0.13,9.66,113.87,8.84,143.23
2.98,1.78,8.26,16.24,2,6.71,7.49,6.53,5.03,86.27,2.1,130.38
6.32,4.42,7.29,14.37,0.55,5.96,7.34,6.17,0.73,67.56,3.42,101.35
26.34,0.92,0.26,9.27,5.58,9.37,9.12,4.45,7.68,146.4,5.69,164.5
12.34,2.64,7.59,0.74,0.09,4.95,9.74,1.52,4.58,189.42,3.45,173.55
43.95,4.25,2.32,16.48,3.37,0.6,5.33,7.72,8.56,152.83,2.7,195.17
45.68,1.68,5.74,15.97,3.88,6.79,5.31,5.84,9.02,82.05,1.16,166.8
5.77,2.45,7.1,6.02,5,4,0.94,0.69,1.44,80.81,5.04,96.53
36.83,1.82,5.09,7.11,1.66,7.4,3.91,6.29,6.84,110.7,2.07,148.16
20.76,0.54,7.94,16.81,1.99,1.07,0.9,0.37,9.5,36.58,2.59,75.7
31.11,0.28,1.81,17.09,6.85,2.54,3,0.42,0.18,35.8,4.58,84.74
9.21,1.95,3.55,1.78,3.08,2.14,6.83,6.12,4.88,46.15,4.65,76.31
3.71,4.29,2.15,11.05,0.9,6.57,1.55,9.96,0.89,55.6,5.26,93.15
8.19,1.92,4.77,4.82,4.77,9.13,1.26,3.78,8.86,74.83,4.43,103.7
9.18,2.91,4.1,15.53,9.24,9.26,7.33,6.43,6.21,110.29,6.26,149.45
34.51,2.29,4.86,18.49,1.34,0.98,9.48,4.55,7.8,81.4,3.41,155.66
38.92,3.12,4.07,8.37,9.04,6.58,5.78,4.35,9.41,74.95,5.36,140.44
2.37,4.15,4.34,15.34,4.82,1.76,8.45,7.18,0.43,133.75,9.57,166.14
14.44,0.06,7.53,12.49,6.32,1.07,7.38,1.38,6.87,33.42,0.81,84.71
23.37,4.3,7.72,18.33,5.91,6.86,4.03,3.03,2.03,78.17,2.33,127.21
34.07,4.16,8.1,15.18,0.78,1.44,4.94,2.42,2.5,144.05,3.21,144.73
5.07,2.13,0.42,8.79,4.89,3.41,7.23,1.39,2.59,74.94,9.43,91.2
22.16,4.67,7.7,15.37,4.48,6.95,7.69,1.08,2.24,197.16,7.45,212.72
47.77,2.49,5.92,16.63,7.17,1.65,3.6,4.55,4.64,191.89,4.77,219.09
6.14,2.17,2.69,7.16,9.96,2.04,9.43,1.33,9.49,61.18,5.68,88.47
14.15,4.85,7.82,9.24,1.46,7.77,3.12,4.51,6.66,25.19,3.36,103.36
28.03,4.35,9.52,9.07,0.96,7.44,3.5,6.35,5.58,194.4,1.64,186.95
32.97,1.47,7.96,7.42,2,7.28,8.19,7.81,3.17,39.76,2.32,102.37
43.59,0.21,1.18,14.74,9.21,6.93,6.53,5.19,8.92,49.69,4.02,129.95
11.83,2.89,2.92,9.52,0.19,3.58,7.37,0.09,3.28,80.41,4.92,93.27
45.3,1.73,5.81,13.05,2.66,8.92,4.36,1.29,5.85,196.05,5.2,213.23
43.77,4.27,7.24,8.81,0,1.29,1.76,2.8,4.84,192.17,4.77,201.73
39.15,2.85,0.13,16.12,2.47,5.27,0.3,9.87,6.35,5.89,7.47,91.91
26.74,4.15,1.08,2.54,1.98,9.73,4.73,8.97,5.23,102.22,0.54,121.3
22.44,2.32,7.57,16.22,5.56,6.43,8.31,8.06,3.18,8.34,2.32,104.06
36.02,4.13,4.46,4.17,1.6,6.11,4.01,2.28,6.85,44.75,5.32,104.4
32.69,4.72,3.69,13.13,1.25,1.91,7.46,6.39,8.85,72.89,9.67,135.98
14.34,4.1,9.53,3.57,2,3.35,7.88,0.25,8.1,149.89,9.01,149.99
21.49,4.51,7.13,3.2,9.55,8,4.05,3.96,5.06,123.2,1.25,173.15
29.72,0.82,8,10.35,3.93,9.93,5.91,2.76,1.02,135.37,7.23,159.68
11.41,0.07,4.66,12.36,0.54,3.65,8.28,5.68,5.02,49.3,6.85,92.3
30.51,2.56,9.36,10.47,2.95,3.13,0.99,9.2,7.69,28.45,5.69,100.11
0.68,0.58,6.78,19.01,7.96,5.18,1.74,1.67,9.27,1.84,3.56,53.18
32.08,4.5,8.2,2.83,1.4,0.72,8.42,4.09,3.78,153.88,5.19,169.07
44.97,3.38,7.45,11.35,1.41,4.65,8.15,8.16,0.17,31.5,0.67,123.51
20.62,0.35,5.26,19.16,6.73,9.86,8.63,2.43,0.65,48.39,2.44,93.46
43.27,4.97,5.31,16.66,1.65,7.17,8.84,8.49,8.51,180.76,4.67,229.53
38.83,4.14,6.68,3.51,3.4,0.1,2.82,8.53,5.18,193.98,6.93,205.98
34.12,0.64,2.25,17.63,5.42,6.55,2.47,3.47,1.08,121.86,8.87,164.4
40.41,1.07,3.31,6.1,0.96,7.05,7.83,5.9,3,47.27,0.84,124.15
43.76,3.75,6.76,9.16,8.15,3.35,6.97,8.07,6.19,9.54,4.74,119.73
34.75,2.96,7.08,15.49,8.79,0.59,0.93,5.23,3.96,54.25,0.71,117.64
15.68,1.45,3.05,7.75,7.55,6.05,4.34,5.75,5.81,175.49,7.58,157.83
32.77,3.93,5.85,8.01,3,7.68,3.04,5.01,3.07,50.77,7.79,103.29
47.54,2.83,8.17,4.01,6.63,4.42,4.15,4.47,7.04,68.16,3.71,139.8
45.95,4.31,8.92,3.59,4.97,7.99,3.88,1.76,1.26,64.32,8.3,110.46
38.8,0.09,1.84,14.76,9.8,0.09,4.8,2.5,3.55,111.22,7.02,165.8
8.6,1.35,1.37,14.63,5.65,0.81,0.62,6.56,8.77,113.09,6.07,152.39
27.37,0.92,5.75,3.06,1.38,5.12,2.66,6.66,8.84,86.94,1.64,125.76
19.82,0.64,3.7,13.27,8.89,7.95,7.49,6.57,1.47,191.65,3.08,210.33
27.4,4.53,0.23,16.54,2.09,1,6.07,9.12,9.62,84.01,4.04,170.22
26.92,0.7,4.29,6.07,6.51,2.53,3.45,0.46,8.12,6.83,8.11,73.22
14.38,4.69,5.5,5.8,4.07,4,9.81,7.59,4.34,155.16,2.72,176.55
4.85,2.78,7,11.09,6.52,2.81,0.96,4.51,7.17,109.48,6.46,138.16
15.8,3.8,7.68,19.5,2.68,9.42,6.75,3.63,6.34,177.69,2.45,202.6
49.32,3.41,6.33,12.07,6.95,3.83,0.51,9.94,1.85,187.94,4.5,217.77
28.82,2.86,6.68,19.46,0.58,2.75,0.09,6.83,7.61,62.64,0.87,127.21
34.24,0.42,3.45,13.03,0.83,2.27,3.73,8.49,7.38,138.42,4.94,166.89
10.85,2.04,8.86,11.18,5.24,3.81,7.27,9.42,8.63,156.61,3.68,184.84
35,4.15,8.34,0.28,9.26,7.59,9.27,5.61,7.4,148.3,5.13,193.05
34.3,2.78,0.4,15.67,4.46,8.97,6.33,9.68,9.93,61.31,5.35,158.72
30.05,3.55,3.31,8.86,7.57,9.25,9,5.86,5.37,26.29,1.68,98.71
48.82,0.36,0.24,10.89,1.36,6.09,4.13,6.05,1.11,7.48,8.95,94.21
9.95,2.92,5.93,4.45,4.74,2.84,0.32,3.12,1.19,142.46,6.44,125.03
10.24,1.24,7.55,6.94,7.01,8.52,9,3.58,0.05,176.93,6.09,163.36
24.52,0.04,0.62,15.4,2.84,8.55,9.99,9.4,6.66,192.28,9,204.69
32.44,3.15,1.7,15.08,1.62,6.1,0.07,5.77,4.58,58.14,1.75,134.15
44.59,0.96,2.26,3.36,4.1,6.94,7.54,0.75,9.77,176.37,3.52,182.86
20.99,1.24,4.27,1.51,8.54,0.84,2.11,9.68,4.33,144.8,5.44,161.58
47.79,1.43,0.27,7.58,0.94,8.13,7.79,8.48,1.88,87.72,5.61,149.29
19.36,0.81,9.21,17.7,0.8,2.2,6.35,9.45,5.83,143.13,1.3,173.68
24.71,2.14,6.69,17.81,0.17,7.32,2.3,7.43,3.6,133.86,3.75,160.93
23.57,0.82,5.92,11.49,7.28,2.97,4.37,9.54,3.29,169.67,9.2,190.1
47.22,0.78,3.96,5.39,0.85,6.55,8.42,8.5,6.65,61.45,9.6,134.21
48.71,3.04,5.52,12.35,5.68,7.71,6.08,6.01,5.2,127.33,1.29,194.78
5.64,1.33,0.64,8.47,5.59,6.23,0.55,8.43,9.18,89.64,0.55,118.81
48.64,3.25,5.92,16.25,1.07,4.72,9.52,4.74,3.27,57.9,6.87,146.26
39.69,4.49,8.07,20,4.48,1.35,2.91,7.51,7.37,15.29,1.64,109.06
31.55,3.64,4.95,18.01,8.02,8.93,3.2,3.03,8.3,133.39,4.85,178.06
38.86,3.55,3.67,0.04,4.25,6.24,3.48,5.22,8.05,24.07,1.42,98.9
41.36,0.59,0.01,4.4,5.31,9.4,1.98,3.87,1.83,133.05,8.22,147.66
37.05,1.31,1.35,0.33,8.4,7.66,1.33,4.46,8.66,68.56,8.28,128.96
31.97,3.54,3.9,8.08,6.61,4.69,1,1.54,0.08,13.52,1.25,57.37
35.29,4.37,2.77,14.99,0.4,8.83,6.82,1.28,6.25,41.89,4.61,115.9
15.07,1.6,2.2,2.36,5.56,0.81,2.4,6.91,4.9,33,1.4,71.02
6.09,4.19,8.34,13.99,7.14,4.62,5.9,4.33,0.13,186.78,1.73,161.08
30.16,0.23,0.19,12.55,2.7,2.17,1.09,9.73,3.74,34.29,1.04,89.4
36.29,2.2,0.49,19.54,5.73,6.8,0.94,8.42,1.5,156.83,7.45,188.43
44.88,2.28,6.62,18.71,2.77,5.41,9.04,6.32,0.87,140.41,2.39,191.63
3.98,0.55,9.99,2.69,7.98,6.14,9.62,7.67,2.28,12.82,7.09,82.12
6.5,3.52,2.62,6.09,1.76,8.66,3.83,5.09,3.03,187.24,0.07,170.4
26.45,0.04,8.87,3.07,2.82,2.04,6.43,6.07,1.21,86.99,1.06,113.44
40.45,4.99,1.26,12.55,7.27,0.49,7.06,7.68,6.13,117.27,1.18,171.86
49.65,4.76,0.97,14.7,4.53,8.24,8.94,7.83,3.62,159.71,1.54,193.88
39.92,2.56,5.02,17.87,5.12,7.13,3.38,3.52,8.55,54.88,0.49,160.44
4.86,4.28,1.85,6.94,9.54,3.5,6.26,2.84,2.56,158.53,0.23,147.15
47.76,0.55,2.07,10.87,8.1,9.66,2.89,9.32,7,19.95,0.87,105.55
15.39,4.67,4.45,1.76,9.95,0.08,7.19,5.34,7.43,166.52,9.3,164.36
10.97,2.96,2.9,6.62,8.64,9.86,2.93,4.26,8.39,42.66,2.68,84.7
4.95,4.2,3.17,10.05,0.66,7.53,5.61,8.91,6.66,105.69,4.26,143.98
6.44,4.95,3.41,3.96,1.74,9.91,9.8,0.31,6.05,80.96,6.05,107.34
31.19,2.11,8.94,6.89,8.52,6.49,6.71,5.19,2.49,183.89,0.34,212.57
17.83,1.42,3.62,19.08,0.66,8.94,4.85,0.35,5.49,104.89,2.2,126.03
13.71,3.94,0.91,17.29,3.09,3.77,0.18,0.2,7.93,30.31,3.29,80.56
6.07,3.1,1.06,18.75,4.79,5.71,6.33,9.12,1.45,114.95,2.81,142.46
17.61,4.71,1.08,4.88,4.41,0.08,3.04,3,5.9,150.52,1.54,142.93
8.99,0.77,2.65,12.01,8.72,6.9,5.54,5.81,5.88,104.66,0.75,148.42
19.16,1.67,0.77,11.18,7.24,6.64,5.25,8.1,3.77,33.43,3.43,100.45
23.73,2.38,9.61,7.89,0.51,6.25,3.22,5.07,1.47,197.79,2.84,180.26
27.5,4.34,6.5,19.97,4.6,6.99,5.86,0.58,7.93,165.37,6.64,202.29
8.21,3.12,3.02,14.94,3.48,5.87,1.54,0.4,4.4,76.5,5.46,100.44
28.67,3.49,0.97,16,2.72,4,8.75,8.69,2.36,14.72,4.74,114.19
44.11,2.75,3.71,3.53,0.09,9.8,5.25,9.67,2.32,46.63,5.95,130.8
22.75,2.93,6.18,17.37,9.8,8.91,0.21,6.14,4.03,181.76,2.78,187.27
26.18,4.69,8.21,13.09,1.56,7.19,7.35,5.16,8.45,76.7,3.21,138.12
22.14,3.03,7.12,18.86,9.54,9.14,1.08,7.97,5.11,121.89,2.86,157.44
35.78,4.27,4,11.05,7.96,3.44,6.28,7.62,4.47,123.23,7.41,186.51
13.79,3.76,3.67,12.12,9.45,1.37,2.42,3.87,5.23,125.05,6.87,137.85
37.19,4.3,7.52,13.64,6.59,5.38,2.59,6.61,3.57,38.14,3.24,105.8
44.19,1.55,0.71,3.92,2.46,4.1,9.85,0.86,6.72,42.73,6.3,118.1
19.58,3.62,1.56,0.85,8.44,7.39,0.54,8.81,5.27,103.5,4.97,119.31
10.42,3.59,5.57,4.74,6.07,6.02,8.83,4.23,7.35,158.06,9.85,168.7
2.82,3.22,2.4,1.85,9.24,6.93,0.07,5.65,9.12,158.94,9.06,160.13
29.64,4.79,6.59,4.7,5.3,4.04,5.3,5.26,2.81,9.99,4.79,81.17
5.53,3.74,6.57,2,6.79,7.44,1.09,6.97,0.64,80.99,8.26,91.55
44.67,1.13,8.69,4.16,2.27,2.69,5.59,5.36,4.22,25.1,8.23,103.92
31,3.16,9.42,7.84,1.56,1.45,1.19,1.37,8.62,73.32,2.27,116.4
30.13,4.71,6.81,8.17,5.97,9.01,2.04,1.7,9.07,33.06,7.73,116.42
18.06,4.07,4.82,1.27,6.37,3.93,6.91,4.98,2.8,23.46,2.05,88.88
11.81,1.25,4.37,2.85,7.21,5.38,9.71,0.79,4.39,11.22,3.69,61.37
48.4,1.87,7,0.58,8.73,0,9.41,4.75,9.92,84.97,7.39,151.76
22.61,1.9,7.85,13.86,1.62,9.73,4.24,3.65,2.9,125.95,9.15,162.73
1.43,1.85,2.56,14.3,8.65,5.1,8.48,0.75,0.92,56.66,2.56,80.11
36.24,0.17,2.37,14.98,2.25,3.37,6.49,1.17,1.96,26.83,6.18,93.68
39.18,0.69,0.16,16.06,1.31,4.27,2.58,9.49,3.58,94.59,9.95,153.56
12.17,2.23,2.09,9.04,8.75,9.69,6.22,0.13,7.87,199.91,4.97,190.96
26.58,1.76,5.85,8.35,2.45,2.41,4.41,8.41,8.81,188.05,9.42,189.76
31.93,3.29,7.45,11.26,1.25,6.17,6.72,7.58,9.56,53.36,2.64,133.01
0.67,3.59,9.4,19.07,9.65,0.58,1.21,4.26,4.89,166.56,0.03,159.15
19.35,1.86,1.11,19.04,9.51,2.96,3.4,5.86,4.38,131.78,6.11,181.72
34.01,0.12,0.97,3.14,8.53,2.9,5.48,2.59,8.89,21.46,6.75,89.34
4.22,1.99,4.89,6.98,3.71,1.12,2.27,7.23,3.56,87.95,8.69,98.22
29.23,4.72,1.62,1.28,6.44,0.25,1.32,4.1,4.19,157.6,3.2,152.05
33.46,0.43,3.7,18.6,2.1,9.45,1.57,1.27,1.43,145.35,6.32,170.07
15.74,1.06,4.78,19.88,8.04,7.04,9.22,9.04,6.62,103.8,2.41,163.05
48.55,2.51,4.54,4.86,4.15,8.28,4.97,7.67,7.73,40.22,0.41,131.81
49.26,2.17,4.91,12.66,1.63,3.26,5.24,9.13,2.48,141.79,2.79,183.46
0.8,2.82,0.81,16.82,6.01,6.29,4.14,4.9,0.25,144.27,3.08,144.79
2.21,1.94,1.08,12.48,9.58,1.74,9.78,4.63,7.83,71.52,1.85,122.88
46.78,0.73,4.13,3.76,8.09,6.76,3.94,6.51,4.66,119.78,1.38,151
34.04,4.88,9.9,0.63,1.06,8.36,4.71,7.4,5.54,181.53,8.52,199.49
31.31,3.98,7.39,7.02,3.42,4.02,2.51,9.42,4.57,35.07,8.47,116.5
27.22,4.81,0.89,3.14,6.35,7.17,8.43,5.74,7.64,63.18,2.55,115.21
25.25,3.36,8.2,10.68,5.38,4.18,5.62,0.3,1.77,163.73,5.49,193.81
25.79,1,2.47,6.71,6.02,7.92,0.66,6.14,8.31,87.75,2.26,119.52
40.06,4.6,6.81,1.23,2.91,0.06,8.1,1.65,0.76,163.3,4.68,159.8
22.86,4.74,8.72,18.11,0.29,4.04,1.4,1.65,8.8,42.04,6.39,109.29
45.57,4.74,8.77,19.17,8.82,3.42,7.14,0.31,0.54,102.07,3.96,153.69
36.92,0.61,9.74,6.17,4.11,9.77,2.87,5.89,6.21,42.08,5.01,124.62
49.53,3.88,9.38,9.22,3.52,5.9,8.08,3.37,6.47,34.25,4.11,137.91
37.88,1.75,1.11,13.31,4.94,6.77,8.96,1.61,3.36,105.05,6.74,156.43
27.52,1.23,9.11,7.5,6.32,3.85,1.19,4.61,5.51,69.09,1.98,103.7
42.21,4.66,2.79,12.52,8.19,2.89,1.42,8.6,9.45,150.14,7.38,200.23
41.85,1.1,4.12,0.8,0.84,6.76,9.71,5.08,7.98,59.09,7.64,128.26
39.05,1.59,2.72,3.88,3.67,0.03,4.42,1.16,9.12,139.6,8.4,180.15
31.35,3.52,8.92,6.47,3.96,9.83,9.26,1.08,0.59,68.53,1.69,110.03
47.69,3.85,5.47,15.26,4.41,7.66,5.69,1.25,8.41,65.98,3.86,165.93
21.48,4.69,5.83,6.18,7.88,8.48,5.53,4.76,3.41,187.58,9.23,180.74
28.32,2.3,4.94,19.56,0.49,1.16,8.65,4.58,9.14,133.73,3.64,169.42
7.03,1.84,8.26,13.44,2.63,6.18,2.66,7.28,8.13,170.85,5.24,184.97
48.52,2.65,0.11,12.29,1.12,1.37,9.43,0.32,7.82,75.76,5.01,134.69
24.64,2.14,1.25,6.78,3.72,8.52,6.64,1.49,8.72,157.71,5.06,171.07
41.64,0.69,9.8,5.57,3.76,6.04,0.67,5.3,0.83,194.16,5.05,193.27
14.54,2.5,0.5,0.4,7.17,9.54,1.64,8.2,5.49,176.11,6.49,177.73
19.21,3.38,3.92,19.27,9.56,7.2,2.19,5.61,5.13,175.66,6.5,189.84
5.55,4.34,4.63,11.84,1.82,7.93,3.84,1.24,8.81,83.21,3.89,99.1
12.94,4.29,8.88,18.12,7.37,8.36,8.82,2.91,4.46,163.15,3.86,199.04
46.9,1.71,5.1,17.47,0.32,7.25,4.08,4.88,7.84,123.28,4.42,174.25
30.17,1.6,6.17,4.22,1.66,9.23,6.82,2.03,4.9,17.02,0.74,83.58
40.89,0.65,3.81,12.37,5.95,1.13,8.39,7.25,5.2,128.38,4.98,161.17
5.81,0.46,7.05,8.79,6,0.34,4.79,6.95,5.02,91.14,6.57,117.57
37.48,0.12,9.34,1.45,0.26,5.32,7.5,3.09,5.63,81.71,8.66,96.22
26.94,0.34,3.07,10.09,3.43,1.46,0.2,8.14,8.95,5.97,8.96,65.3
18.07,0.48,5.37,12.76,4.48,7.98,5.91,9.03,6.27,22.72,3.91,110.34
47.97,0.43,6.61,6,3.77,7.45,8,0.71,9.26,140.82,0.29,167.64
3.17,1.46,6.55,5.34,6.45,6.27,6.11,0.22,8.4,101.13,0.12,111.7
35.52,0.7,2.62,17.6,8,3.46,3.01,9.53,4.36,156.99,1.56,190.66
49.42,0.73,0.53,3.12,7.44,8.28,7.17,6.41,7.17,74.26,9.26,158.58
13.38,3.95,3.26,4.39,4.88,1.96,3.69,9.35,4.29,61.24,8.03,88.01
40.3,0.39,7.49,3.24,5.59,6.07,6.89,3.88,6.16,188.17,8.18,203.82
44.2,1.65,0.02,9.94,1.13,1.86,8.19,3.88,4.41,113.52,2.08,161.51
23.32,2.87,9.14,12.15,6.03,2.66,0.41,6.9,9.29,53.25,0.51,110.24
4.91,3.51,1.64,4.5,0.11,4.68,2.49,5.36,8.07,45.58,1.08,67.44
6.75,1.71,9.07,4.43,2.74,2.14,4.68,7.46,3.43,22.25,7.54,63.27
31.97,2.65,4.56,7.94,1.85,0.01,1.45,8.61,5.79,101.03,3.34,142.12
29.09,1.36,9.33,14.87,8.18,6.88,5.09,7.22,5.84,191.61,1.43,220.21
41.56,2.95,2.71,0.95,5.46,1.6,6.34,7.05,2.16,50.19,5.72,101.07
7.56,3.82,2.21,11.33,7.27,8.94,6.8,7.33,8.41,105.38,1.84,155.17
41.1,3.16,6.82,1.88,3.81,5.44,0.22,9.84,0.41,136.76,9.8,159.23
26.33,1,4.67,12.11,4.12,8.33,4.26,8.73,0.79,87.44,2.79,119.52
1.83,4.38,0.18,17,2.7,3.06,8.39,4.66,8.98,38.79,3.41,95.59
28.45,0.4,7.13,13.46,5.12,5.56,8.04,7.79,1.52,130.71,2.47,162.31
28.17,4.85,5.53,13.8,7.68,3.72,4.45,3.99,5.88,179.9,6.5,192.79
33.1,1.08,1.77,18.79,4.16,0.16,4.79,1.18,0.71,86.37,5.26,134.87
5.78,4.84,2.62,11.38,6.59,3.45,4.09,7.14,2.92,156.92,2.67,162.52
27.65,1.06,0.86,6.9,9.74,7.55,7.12,2.22,0.94,92.67,6.95,116.28
17.25,3.01,0.85,14.8,9.11,1.33,3.34,8.17,2.01,152.96,1.81,162.17
25.8,3.96,7.86,4.95,4.15,3.24,1.71,6.43,1.41,51.4,6.52,99.6
32.26,3.16,5.79,0.22,0.04,7.8,5.6,4.95,7.27,171.98,2.67,174.85
23.8,1.75,9.9,16.45,8.26,7.23,8.16,5.12,0.09,143.76,9.61,178.29
24.33,3.65,2.4,3.39,5.86,2.65,6.91,4.82,9.73,151.83,0.54,178.62
32.77,1.77,6.66,15.34,1.74,2.98,4.13,7.94,5.72,55.67,0.86,128.6
40.5,4.09,5.46,6.65,4.69,8.65,2.41,9.38,6.99,144.79,1.37,201.33
6.7,3.18,3.6,14.41,6.54,4.42,9.44,9.77,7.5,153.92,0.36,166.67
42.79,0.2,8.14,3.99,2.97,6.9,6.32,0.56,0.79,56.27,4.14,126.79
28.67,4.05,0.51,13.72,4.69,1.72,1.45,2.94,1.37,123.56,7.72,135.58
25.49,4.08,0.91,2.36,4.31,4.9,7.2,9.48,8.99,51.86,3.84,103.05
29.45,4.03,0.4,10.35,8.35,9.07,0.93,6.58,2.93,101.37,2.24,132.78
7.08,1.29,5.14,11.84,9.09,2.73,9.49,5.34,1.24,21.68,2.97,70.4
34.24,4.46,0.17,15.66,8.74,6.49,1.14,9.56,4.75,11.41,7.26,102.72
9.84,4.6,1.34,0.82,5.05,7.98,5.33,6.81,8.03,169.03,0.39,172.2
35.54,1.72,8.01,6.22,6.73,8.35,1.67,6.18,9.57,163.24,7.21,207.27
35.71,0.33,4.37,6.45,6.31,8.61,4.73,7.83,1.49,84.5,8.92,139.88
37.95,1.01,1.85,15.28,8.03,1.5,0.89,5.18,0.85,38.92,2.57,104.74
32.88,0.36,3.74,15.13,3.05,7.91,3.3,0.28,9.88,78.64,0.73,137.95
22.77,3.88,1.78,3.5,2.66,2.58,2.28,6.21,0.14,199.87,1.25,174.01
0.46,2.51,5.47,10.27,3.04,9.21,6.77,5.87,5.93,130.71,3.45,160.48
32.58,2.53,8.88,16.72,2,6.74,8.16,3.96,7.9,66.1,6.1,137.99
1.97,3.93,2.22,19.6,4.3,0.68,0.05,3.07,6.24,175.58,4.02,157.03
37.15,0.02,7.14,12.82,6.9,2.34,2.57,6.7,1.72,193.6,0.09,202.33
38.31,3.39,0.35,5.32,0.51,5.35,0.48,2.45,9.72,89.13,5.27,128.16
49.8,1.61,6.83,15.11,8.89,4.6,0.16,3.06,2.56,144.87,2.48,185.99
26.31,0.72,6.25,17.54,0.73,0.53,0.74,8.4,9.03,0.27,0.57,71.68
19.57,3.75,4.04,3.37,3.16,0.07,8.89,8.56,5.43,32.17,8.24,89.04
23.21,2.39,3.69,7.42,9.3,9.07,4.92,3.08,9.45,171.97,1.49,195.67
47.84,1.32,9.95,6.18,2.08,9.28,5.12,6.92,0.7,183.25,4.23,186.58
20.7,3.24,4.29,1,4.88,2.19,2.9,7.95,0.88,168.82,5.92,146.59
2.06,3.51,0.59,0.22,1.94,0.87,3.64,5.67,9.3,110.25,5.28,127.77
28.65,4.34,7.22,3.34,2.19,1.92,3.83,3.28,5.74,67.03,0.67,101.33
21.12,2.2,7.27,18.68,3.04,7.98,3.85,9.79,1.25,26.4,5.06,108.1
10.41,2.66,5.2,4.93,6.96,8.87,7.11,3.29,8.11,18.11,5.82,81.11
45.59,3.55,1.48,6.81,7.7,3.27,9.64,8.5,9.01,164.48,6.85,229.62
1.77,4.96,6.97,10.02,6.77,1.9,6.66,0.48,1.76,105.22,9.02,109.01
33.05,4.26,8.55,9.39,8.67,4.63,9.52,0.99,9.77,87.86,1.28,144.21
25.74,4.99,3.1,15.9,8.24,4.74,0.69,1.12,5.31,9.83,3.47,94.35
24.8,0.27,6.7,12.45,7.41,9.17,9.49,1.38,7.73,59.28,5.41,121.06
33.07,4.99,5.07,6.42,0.76,9.24,4.42,1.8,6.76,87.75,1.62,116.97
34.07,1.74,2.96,14.69,8.87,5.01,0.87,6.58,8.31,147.79,8.78,193.8
37.35,0.15,2.98,0.7,8.1,8.4,9.41,2.56,0.92,91.07,9.41,122.47
9.18,1.13,4.56,19.27,3.83,8.82,4.58,4.72,7.01,35.8,3.52,108.53
26.07,3.52,8.39,15.7,9.49,5.78,6.04,7.43,5.54,136.93,3.53,194.79
4.6,3.03,2.71,6.55,7.96,1.54,3.86,2.38,0.4,96.09,8.95,100.42
21.11,4.17,0.39,8.78,6.17,3.23,6.04,4.45,2.18,34.86,3.36,95.11
23.13,0.51,8.04,2.28,8.87,3.12,3.25,6.7,7.79,142.8,7.28,163.39
48.86,4.29,5.75,2.33,3.34,7.47,0.06,4.43,0.46,28.79,2.5,88.56
32.69,4.55,6.69,19.84,5.89,8.4,7.82,6.61,2.39,159.56,8.1,216.18
28.4,4.51,7.2,11.25,5.77,1.23,6.56,4.35,6.06,162.02,7.25,182.38
24.89,0.88,7.77,19.21,8.27,9.09,3.49,7.91,9.06,176.98,0.19,207.45
14.98,3.15,5.2,1.68,9.35,5.95,4.55,8.88,8.25,34.13,6.45,91.82
36.4,3.3,7.91,17.59,0.8,7.28,1.51,2.91,5.75,38.74,2.36,104.37
9.75,1.68,2.64,14.96,0.04,3.61,9,8.89,1.63,168.07,1.96,180.87
20.44,4.7,4.04,18.11,2.29,0.22,3.42,2.61,5.81,45.98,6.34,100.8
36.47,2.23,0.57,2.94,8.25,3.64,2.09,2.51,4.63,199.82,1.32,184.25
44.79,3.66,6.65,0.62,9.39,9.56,7.24,5.6,5.67,190.63,1.11,213.21
9.8,4.15,1.75,2.28,7.5,6.09,6.71,4.03,9.65,89.08,8.96,127.81
35.4,4.02,7.51,3.47,0.41,7.06,1.05,5.38,2.51,173.05,5.71,161.97
48.62,4.34,4.55,0.68,9.76,9.65,2.51,0.92,5.84,57.94,6.99,133.09
27.45,2.13,2.55,19.97,4.57,1.22,5.32,5,7.62,144.25,4.26,184.01
4.07,2.55,8.33,12.37,5.7,7.72,5.52,2.72,3.76,122.19,4.22,126.7
46.55,1.93,8.74,6.68,6.25,2.6,6.4,7.86,4.01,130.31,8.55,162.09
11.42,0.69,1.39,11.77,9.4,1.76,9.65,0.61,9.28,105.49,1.49,137.81
3.52,0.99,2.47,9.99,4.84,5.36,4.31,8.12,2.23,193.36,0.92,174
40.76,1.54,7.41,13.34,6.61,9.9,8.38,3.17,6.38,160.22,3.9,209.27
11.91,0.18,0.97,16.31,7.94,1.53,3.91,5.79,2.38,169.68,7.44,164.23
30.49,0.14,6.53,4.49,1.25,4.13,9.18,9.26,1.55,107.74,2.7,148.74
5.04,4.1,5.69,7.98,4.05,8.65,5.06,8.65,5.88,67.78,7.96,117.06
32.25,4.79,6.48,5.75,3.22,2.38,1.32,9.46,4.97,179.57,5.86,182.96
16.5,2.21,7.74,0.29,6.2,4.4,0.92,9.68,1.1,197.77,0.58,172.61
15.45,4.78,5.14,6.83,4.17,2.39,7.57,9.32,0.89,78.96,7.2,133.54
43.13,1.47,5.44,5.61,4.9,3.98,0.2,3.89,6.12,2.68,8.67,79.91
35.17,1.46,4.89,5.66,4.41,1.43,2.68,5.58,8.28,86.66,4.1,131.41
20.46,1.02,4.06,14.08,6.36,9.77,0.79,9.05,1.34,33.11,5.25,104.53
25.73,1.22,0.57,16.57,2.39,8.4,1.63,6.69,9.51,108.25,6.24,159.82
28.1,0.21,4.61,8.54,1.36,0.61,1.59,1.78,0.2,20.88,2.27,71.16
6.51,3.68,1.01,2.1,0.86,0.55,8.37,7.55,7.73,157.9,8.25,159.54
14.13,0.37,0.31,15.6,2.78,6.79,4.06,2.15,3.94,3.51,4.73,60.73
11.73,4.17,5.46,9.63,7.23,2.76,1.64,0.94,5.53,145.88,7.61,144.96
47.37,2.58,1.18,9.65,3.88,8.34,1.15,2.48,5.11,116.14,5.91,167.82
6.81,1.9,0.63,10.93,7.98,7.56,5.57,5.02,0.58,109.44,4.42,104.07
38.71,1.65,2.03,2.43,8.39,1.92,1.66,9.13,4.46,8.57,8.2,79.95
40.25,0.39,2.98,12.94,0.5,5.83,3.89,4.39,7.76,139.67,0.29,186.99
17.5,0.4,7.39,2.23,8.5,6.98,6.16,1.92,7.67,42.94,5.45,96.41
42.12,0.57,9.68,16.41,0.96,3.11,7.16,7.54,6.12,33.21,0.68,118.02
27.5,2.31,4.06,6.43,1.7,2.27,8.86,2.93,9.66,4.98,2.08,91.61
38.13,2.47,9.28,6.41,3.13,4.49,4.7,6.67,1.32,181.97,5.71,194.43
46.96,2.85,7.68,4.05,3.52,9.67,0.91,4.89,3.34,34.26,7.57,106.94
39.96,1.8,4.97,9,6.23,4.02,0.42,5.83,6.5,156.54,8.46,183.09
38.7,2.49,4.69,6.93,3.1,7.1,8.36,5.95,2.52,136.1,0.04,174.14
37.33,4.44,5.13,4.11,4.73,9.72,4.7,7.26,1.76,91.03,0.46,138.84
38.51,0.49,3.08,8.7,3.32,3.73,7.36,1.18,6.05,175.61,2.96,176.99
1.99,2.85,0.71,15.72,8.97,3.08,0.42,1.95,9.81,149.91,3.5,161.76
1.83,2.77,8.2,3.72,2.24,9.68,2.14,8.71,3.38,184.07,4.16,142.61
10.84,2.55,7.23,16.68,8.66,6.75,5.37,0.33,1.65,187.07,3.19,174.26
14.85,4.21,1.46,9.15,1.44,7.22,6.06,9.13,8.51,143.02,7.65,195.62
25.26,2.43,8.56,17.6,0.86,2.48,8.03,8.56,6.75,75.29,1.95,153.94
0.02,2.39,4.39,1.67,7.93,7.12,4.31,8.36,2.28,32.93,9.79,56.85
27.93,0.63,5.12,3.56,3.08,0.93,5.06,6.05,6.3,143,6.06,154.39
40.77,2.53,8.92,0.39,5.01,5.62,2.74,3.6,4.46,121.64,2.89,142.04
25.67,3.63,8.71,7.3,2.64,2.25,5.77,4.47,9.98,9.26,7.99,95.68
18.1,2.49,1.62,13.8,4.1,0.57,0.7,8.65,6.5,181.36,8.29,169.19
5.96,4.32,6.58,8.79,1.19,1.66,9.26,2.97,7.26,40.09,9.36,104.68
12.29,2.39,2.58,12.6,9.6,2.26,9.65,2.03,2.83,10.41,1.82,89.82
12.12,1.77,2.29,14.36,5.11,1.47,5.94,4.48,5.85,197.67,7.97,187.99
7.67,0.9,6.96,9.01,5.31,0.19,0.93,8.94,5.27,109.84,8.72,131.7
36.44,0.12,4.75,16.19,3.66,2.78,7.85,2.53,1.5,0.53,6.56,88.26
16.17,1.27,2.15,10.96,4.29,1.47,6.58,3.91,6.32,134.94,9.94,130.29
12.65,2.45,9.59,17.82,6.81,1.45,6.37,4.48,6.7,104.49,6.46,149.96
4.75,3.47,7.82,1.9,5.17,7.89,6.93,7.43,4.45,197.25,2.61,207.17
41.79,2.23,6.15,6.67,5.86,8.04,9.22,8.7,7.57,183.86,7.5,222.31
46.58,3.03,4.62,5.06,4.61,7.37,6.58,6.9,2.88,66.68,0.43,116.26
4.26,3.43,2.13,11.46,4.96,1.23,7.27,3.16,2.33,39.81,6.08,90.52
17.9,1.45,1.37,13.02,9.06,9.69,6.51,5.48,3.15,181.81,1.94,171
13.82,4.15,5.19,3.37,1.65,7.77,7.27,3.69,8.6,56.64,3.22,105.29
7.45,3.65,8.09,2.01,3.4,4.89,9.97,0.3,3.19,96.91,6.44,123.71
44.78,0.68,7.01,0.89,8.9,0.9,1.93,0.8,4.14,187.87,3.37,187.24
11.29,3.92,2.92,6.11,6.31,6.43,0.63,7.51,3.49,94.12,4.41,115.28
49,2.56,5.03,8.57,7.43,6.89,7.51,8.08,1.34,102.76,9.09,167.52
38.08,2.42,0.13,18.76,2.45,0.91,2.13,2.46,5.41,96.15,7.02,141.41
21.16,1.36,8.47,7.63,1.63,3.13,1.72,1.27,7.13,163.95,9.91,163.11
6.11,3.59,7.23,1.93,8.26,6.09,8.74,5.13,4.9,62.06,8.77,97.17
20.39,1.36,1.76,2.58,3.76,9.94,6.71,7.31,5.59,76.82,8.11,111.49
18.46,2.98,3.88,6.99,5.53,6.2,3.29,9.37,0.71,49.41,6.51,94.76
37.15,3.85,9.94,5.47,7.59,0.58,9.28,9.62,7.67,142.77,3.13,195.17
19.44,0.65,4.61,10.28,6.23,6.01,1.18,7.65,7.51,19.05,7.96,90.68
9.13,1.36,4.14,10.31,9.91,0.79,8.97,8.31,9.12,20.38,1.5,79.79
19.5,3.66,0.06,3.09,6.01,0.56,2.91,4.67,2,1.2,0.09,34.02
12.22,0.53,6.91,6.89,2.9,1.67,2.95,0.02,3.94,126.53,8.25,110.95
16.2,2.57,9.49,16.63,1.14,5.6,6.26,6.33,5.54,116.73,7.56,154.72
20.5,4.55,3.61,14.99,4.67,9.6,2.38,0,5.65,26.82,8.31,102.65
17.18,2.39,1.03,1.28,8.17,2.42,1.59,0.51,6.06,199.9,7.98,159.31
17.61,1.92,1.93,2.06,7.58,0.71,8.89,1.31,5.98,108.84,3.52,129.8
39.7,0.72,1.88,4.97,7.9,4.81,3.72,6.89,1.51,149.33,9.04,173.23
24.74,4.41,5.91,11.2,8.59,2.52,7.69,1.35,1.14,167.62,4.45,176.48
3.8,2.43,4.3,6.59,3.01,1.9,3.2,0.57,9.7,117.92,2.76,125.53
17.63,4.24,4.91,3.51,6.31,5.82,3.18,0.76,8.28,103.96,0.01,131.65
19.88,1.95,5.61,12.77,9.92,5.31,2.01,1.74,5.95,185.66,9.76,184.98
27.77,3.14,4.76,10.3,9.47,7.81,6.51,2.87,1.66,52.59,6.83,107.38
48.47,4.14,1.27,1.29,0.24,0.8,9.81,9.86,8.45,117.1,7.96,174.55
16.05,0.44,0.72,10.45,3.46,8.75,0.21,3.33,5.76,39.93,4.2,65.47
38.36,1.16,7.3,11.4,2.84,0.84,9.88,1.47,9.42,188.72,2.37,198.59
43.87,2.24,5.57,17.88,7.02,8.31,3.93,3.91,2.54,199.75,2.03,234.52
17.08,1.39,3.67,1.74,7.51,9.03,7.55,3.11,3.06,85.35,1.73,114.94
6.66,3.63,6.59,8.21,8.24,3.69,0.08,6.23,0.7,11.4,5,64.95
37.43,2.76,8.51,9.3,2.3,0.98,9.06,8.15,1.79,131.5,8.68,180.79
40.72,3.88,4.62,14.87,1.68,0.22,6.72,3.8,3.84,125.44,3.56,167.41
15.89,1.29,9.82,14.12,3.64,7.82,3.95,5.27,6.75,120.32,8.08,166.43
15.53,2.77,6.29,4.78,1.07,0.36,6.33,3.22,0.55,27.26,7.12,56.86
30.45,1.85,9.69,0.14,9.22,1.39,0.61,6.81,1.65,147.97,7.56,159.59
25.88,4.79,8.18,5.64,2.03,4.25,8.15,0.08,7.44,126.42,4.9,163.49
19.82,0.62,1.49,1.54,1.3,5.45,3.02,8.41,9.9,124.71,7.57,138.82
2.33,4.75,3.27,17.59,3.13,7.09,3.89,5.05,4.97,91.72,5.53,124.16
36.76,0.25,8.04,0.99,1.17,0.12,0.53,7.58,1.76,58.8,8.43,83.46
47.78,4.12,9.63,2.68,3.09,8.96,2.91,6.1,6.58,115.31,2.04,175.05
47.27,1.11,8.47,11.21,6.85,8.2,7.85,4.55,3.43,152.39,0.18,194.07
0.94,0.77,3.91,19.92,4.55,5.22,1.4,7.47,5.71,71.85,0.82,118.86
12.64,4.26,2,1.1,8.66,5.46,4.52,8.72,5.84,132.56,4.19,144.78
13.96,2.86,0.18,1.54,7.71,8.38,2.79,0.09,9.01,111.57,5.6,147.19
46.59,2.81,4.64,3.4,8.46,9.3,1.15,5.08,9.39,59.83,4.3,144.22
40.48,3.21,2.11,15.08,9.61,8.51,9.6,5.43,9.24,77.83,7.79,193.79
28.69,2.65,1.83,13.85,3.63,8.78,8.04,2.58,6.08,163.97,8.49,190.32
25.77,3.33,3.86,16.04,6.48,8.35,7.19,1.56,4.23,48.81,2.61,119.38
16.06,3.97,8.1,3.52,6.83,1.35,0.67,4.47,8.45,94.76,7.36,130.62
37.73,4.43,8.61,19.46,3.24,5.53,0.56,9.18,3.96,4.98,1.52,102.62
29.19,1.02,5.39,17.39,2.15,1.01,6.08,2.25,3.91,51.57,1.63,106.48
44.98,0.36,2.74,7.96,2.75,3.58,9.51,0.84,7.25,72.53,4.75,118.56
7.4,2.18,7.84,6.18,3.35,3.6,1.8,8.62,6.69,103.07,8.55,111.55
5.57,4.82,9.71,1.34,3.96,8.62,5.84,8.12,7.74,25.8,9.33,92.92
34.3,0.26,8.58,10.97,7.28,4.51,5.63,0.47,3.25,99.14,1.98,126.3
45.6,0.02,0.97,9.08,6.33,5.09,9.71,0.89,4.81,162.45,4.55,175.16
20.02,1.66,4.55,11.25,2.62,2.63,9.61,4.19,8.9,162.86,3.34,172.32
43.87,0.41,6.26,17.68,1.84,9.45,9.4,4.64,9.06,155.64,3.85,221.98
40.48,1.01,1.18,4.31,7.02,1.11,5.83,8.57,1.19,163.28,2.86,175.98
4.43,4.06,9.56,18.75,2.03,9.61,2.68,8.3,3.75,89.99,1.07,135.71
40.04,1.7,3.1,1.19,1.45,9.46,8.94,9.76,1.39,4.68,5.22,97.5
10.45,2.5,1.86,7.91,9.01,9.1,0.31,2.41,8.02,105.05,2.54,128.78
4.96,3.04,3.68,0.48,7.73,3.58,9.43,9.8,5.92,60.83,7.69,101.74
10.51,4.99,6.12,0.28,4.47,6.54,2.2,7.3,9.76,56.09,1.42,114.02
14.55,3.27,6.27,19.9,9.09,5.38,1.32,6.29,9.27,107.57,1.25,132.73
35.45,4.88,3.3,12.72,1.6,1.44,9.35,6.2,7.09,62.04,0.24,141.18
13.46,1.09,2.36,7.19,8.23,6.33,5.5,4.74,6.83,78.08,4.99,114.86
29.17,1.81,0.07,18.76,4.51,2.52,1.08,1.78,1.97,172.65,0.13,182.4
14,1.81,8.99,2.94,6.3,9.65,3.28,6.37,6.38,193.8,8.34,181.96
45.69,2.91,1.1,10.6,5.43,0.79,9.3,4.92,5.09,19.29,8,108.47
44.75,0.89,0.39,14.19,2.37,2.97,8.46,5.08,3.84,130.1,2.29,166.84
29.7,2.09,1.92,8.26,0.01,9.5,2.12,4.09,1.92,44.55,0.43,84.69
31.7,4.32,3.12,15.59,6.18,5.43,1.42,1.46,5,160.34,6.96,200.88
46.3,0.63,5.67,16.16,1.23,6.87,6.81,6.6,4.78,174.24,8.76,205.32
8.73,3.12,7.22,16.69,6.38,0.5,1.87,0.65,8.72,23.8,9.72,83.04
19.59,4.93,6.61,6.71,3.21,7.85,1.76,8.51,6.81,130.16,4.64,169.71
43.14,0.51,1.71,19.57,7.28,7.49,7.67,7.94,6.79,154.13,2.32,202.34
4.75,0.94,4.92,8.28,4.75,9.74,0.39,6.08,5.08,155.01,6.25,156.41
5.3,0.23,5.83,16.49,0.28,1.9,1.44,5.35,2.21,187.07,1.38,172.16
35.66,3.11,2.65,14.41,1.3,9.89,4.76,7.52,5.25,72.68,1.89,136.07
25.68,3.89,6.28,18.54,4.26,6.91,0.09,9.6,6.56,148.8,2.62,201.39
14.12,3.28,7.37,0.58,1,8.91,0.73,9.01,8.27,105.43,7.22,118.68
43.66,2.51,2.55,14.29,7.46,1.11,2.86,5.87,3.04,148.61,3.16,197.3
1.09,1.58,5.93,13.69,1.2,7.2,3.66,9.64,4.65,106.76,2.26,130.3
43.22,3.02,0.23,19.44,4.26,1.85,0.99,2.85,4.76,149.86,3.56,170.2
29.27,3.04,6.35,13.52,9.86,2.11,8.46,2.28,8.97,34.17,8.46,122.1
20.86,4.93,5.93,17.95,4.05,9.64,5.04,3.46,1.57,196.95,1.56,215.87
38.84,0.08,2.85,9.52,3.68,9.3,9.67,2.14,5.93,79.57,6.82,129.62
8.37,0.17,8.96,11.86,6.88,5.2,7.02,5.21,9.43,55.38,3.3,108.43
7.66,0.56,3.98,12.94,6.27,4.22,8.45,5.73,5.41,50.29,7.67,102.56
18.56,4.2,6.18,2.27,9.99,4.56,9.38,4.85,7.63,83.58,8.05,136.08
35.31,0.39,7.36,2.97,5.48,2.09,2.7,2.28,6.43,144.27,2.44,149
15.06,3.08,5.06,15.24,9.77,5.34,7.01,8.89,5.32,179.61,2.3,187.29
12.37,0.03,9.29,18.51,3.17,5.79,8.08,9.23,2.69,67.69,5.35,116.78
7.58,4.5,0.55,2.48,5.2,7,1.17,9.39,4.12,181.19,6.55,168.75
19.72,0.06,3.48,0.65,2.36,0.04,6.2,8.11,2.66,192.97,8.68,179.77
30.22,3.06,1.05,18.46,2.45,4.77,8.29,0.59,5.54,17.34,2.85,89.83
13.09,3.86,9.05,8.83,7.69,0.14,5.66,1.85,4.27,110.5,7.1,120.89
13.18,3.14,0.51,11.58,9.94,3.69,7.87,5.64,5.81,33.27,7.16,85.03
15.43,1,8.97,2.73,2.75,3.32,3.21,2.39,3.66,163.74,7.12,140.46
12.1,2.02,4.79,16.27,7.8,0.93,0.5,0.58,5.96,66.25,6.47,119.41
11.63,2.55,8.08,7.07,5.12,8.09,6.98,0.06,0.28,44.57,6.94,87.62
38.73,1.57,3.61,7.6,5,9.28,3.06,7.01,4.64,161.73,5.37,195.85
38.26,4.04,4.41,12.61,9.16,0.73,1.28,0.64,8.79,164.47,2.18,196.74
13.44,1.41,0.61,12.82,8.38,7.49,3.54,6.56,6.76,199.21,7.75,191.45
17.32,2.5,1.66,0.6,4.77,8.04,4.58,6.67,5.65,97.46,2.61,121.83
1.27,1.5,3.41,16.96,1.64,6.86,1.4,7.91,5.36,98.65,9.92,134.54
7.69,3.86,8.61,6.4,8.43,7.02,2.31,0.2,2.74,139.09,8.96,147.95
16.6,2.46,7.06,11.68,7.83,7.48,1.67,8.76,9.06,7.22,1.43,93.29
35.11,4.03,8.91,10.1,6.21,0.37,2.64,9.83,6.45,2.54,1.81,83.9
17.05,0.31,3.97,15.38,8.93,8.17,0.73,0.89,5.1,57.94,9.71,98.55
38.77,1.61,1.4,11.2,0.72,0.53,0.1,4.55,9.17,31.04,7.24,87.21
28.38,0.96,7.86,1.53,6.27,4.17,1.6,9.62,5.05,55.23,8.54,117.3
3.67,4.52,1.4,15.69,7.54,0.03,6.28,2.03,9.83,20.4,9.4,89.34
39.07,2.88,5.57,16.1,4.95,4.87,6.6,1.18,0.74,65.61,4.89,114.58
10.14,0.84,3.82,15.31,6.32,9.75,7.37,0.83,9.25,192.66,7.83,222.18
24.74,2.41,7.39,13.99,9.88,8.08,4.9,1,1.12,55.04,2.38,101.48
5.13,4.4,3.03,18.6,1.68,7.24,6.23,5.98,8.94,85.3,6.1,145.63
31.13,4.4,2.83,14.51,1.4,5.9,7.91,6.62,9.14,122.52,5.83,182.71
24.33,4.18,6.21,9.86,8.25,9.56,9.91,4.75,0.35,6.31,6.22,93.09
44.42,2.35,1.57,16.42,4.52,9.89,4.96,0.44,4.35,131.99,0.79,167.84
16.99,1.19,4.04,2.27,5.68,1.06,3.4,9.59,0.85,85.68,5.98,100.41
47.09,1.26,3.81,14.04,0.39,2.53,5.27,4.5,2.35,83.59,1.5,131.01
7.38,0.08,4.28,7.11,7.91,7.02,7.57,8.06,5.25,31.11,6.97,70.84
18.65,0.87,2.52,2.23,7.02,1.11,6.9,9.82,6.94,65.46,2.48,111.28
40.28,2.52,6.6,9.13,4,7.41,3.95,8.09,1.46,128.59,6.13,166.89
39.31,3.45,6.14,1.83,5.64,7.68,4.92,8.93,9.66,146.35,6.39,196.36
14.36,0.92,9.78,13.38,6.41,1.24,3.83,1.87,5.08,77.91,8.45,120.08
6.3,4.96,8.6,4.52,8.52,2.63,6.07,1.07,1.81,27.79,5.81,92.64
19.58,0.14,4.68,15.55,3.66,7.53,9.77,7.11,0.17,147.52,9.4,176.2
32.68,3.08,4.44,4.08,2.25,4.07,9.26,8.92,9.7,153.01,6.12,193.44
3.61,4.06,8.52,3.87,5.95,5.08,0.94,7.12,1.64,141.6,6.7,138.83
27.75,1.05,4.27,16.41,4.97,1.12,9.69,4.54,6.15,21.06,5.92,100.21
28.22,1.1,5.89,19.59,5.81,7.82,1.72,5.32,9.76,133.88,8.2,180.05
30.18,3.17,2.07,12.37,0.82,8.61,7.95,4.8,3.02,25.37,6.04,102.13
3.08,3.7,2.74,7.14,2.76,7.21,6.51,5.46,2.34,11.67,3.14,56.4
35.61,4.08,5.35,12.53,8.12,9.95,8.16,9.86,5.56,34.9,0.62,138.33
5.47,4.81,3.94,10.02,4.1,8.42,0.61,9.29,5.1,121.37,0.67,130.95
40.6,4.79,2.89,17.81,0.19,3.98,9.13,1.55,6.7,103.08,0.97,165.17
38.97,4.5,4.56,13.33,2.95,1.66,3.46,4.79,5.02,152.89,9.72,192.35
19.66,2.5,0.95,3.73,9.41,5.42,7.7,9.47,2.62,111.41,3.06,130.45
19.35,1.39,0.44,7.36,0.9,5.43,5.16,5.11,5.88,130.05,1.61,142.59
6.56,3.42,3.43,0.91,2.77,2.16,2.43,8.81,6.21,69.66,8.44,90.12
2.55,1.47,1.27,17.9,5.14,6.08,9.76,4.19,3.66,99.23,8.04,135.03
36.03,0.78,0.69,3.3,6.31,1.94,1.74,6.37,6.9,140.09,7.17,162.33
22.13,3.36,8.76,11.44,4,0.76,3.16,3.92,5.36,99.95,2.16,133.29
37.55,1.94,1.99,4.7,0.74,8.55,3.13,8.71,7.21,136.89,6.34,160.17
9.76,3.63,6.52,7.95,6.61,6.85,8.91,1.47,6.25,19.31,2.4,59.44
24.56,3.6,2.43,0.97,8.71,4.52,7,4.1,5.87,175.9,1.29,169.6
36.93,2.6,3.36,4.02,8.51,3.3,7.04,7.93,0,43.48,0.75,86.46
13.12,5,1.02,10.45,4.14,2.9,9.91,0.72,1.08,124.92,7.23,154.71
28.08,3.86,8.56,15.91,7.07,3.99,8.73,8.75,8.06,8.35,1.49,101.73
45.19,1.65,5.69,13.41,6.98,0.56,3.94,9.9,4.14,94.78,7.18,163.68
39.38,0.3,7.95,0.8,9.57,9.2,0.64,1.63,2.57,131.91,9.02,155.85
5.26,1.31,0.14,12.37,4.96,3.6,7.61,1.08,4.11,74.49,9.98,109.59
20.53,1.3,5.6,10.17,1.25,8.4,3.14,0.94,0.09,162.96,7.03,160.22
44.46,0,0.91,14.21,8.89,0.86,9.65,8.22,7.43,147.01,2.6,195.46
22.87,0.01,5.82,0.13,3.56,2.97,3.9,6.53,0.41,135.15,6,135.94
7.03,1.15,9.49,15.89,8.72,1.97,2.72,6.04,9.21,56.96,7.62,86.11
3.52,2.46,3.33,11.53,4.68,9.01,8.56,9.75,5.12,125.68,7.8,152.77
48.73,0.51,5.09,0.78,6.56,9.12,6.5,0.01,2.16,87.87,9.41,125.74
4.19,2.73,1.65,10.85,2.49,7.59,8.52,2.92,8.45,130.53,5.85,142.27
44.71,1.43,3.9,17.7,2.94,3.57,0.47,8.11,2.73,25.3,1.28,111.39
14.67,0.24,3.16,13.52,6.57,5.42,4.6,6.09,0.18,52.66,4.1,99.65
20.68,4.2,9.44,9.7,5.41,7.73,9.71,2.91,3.49,169.16,6.61,198.02
27.6,4.03,8.98,11.02,1.41,5.41,9.56,2.8,4.48,8.15,6.84,102.86
23.39,4.56,2.11,6.23,1.68,0.56,0.81,4.2,3.26,20.07,3.51,71.94
43.87,3.65,0.88,17.35,4.4,2.44,9.23,0.38,5.99,3.17,2.54,108.32
6.12,0.76,1.93,14.64,5.77,9.76,3.65,8.8,2.39,99.09,9.89,137.63
44.29,2.27,8.51,8.61,2.78,0.2,3.22,0.53,9.21,71.58,9.27,140.84
1.04,1.43,7.37,18.35,9.95,9.54,2.83,4.43,6.42,167.55,3.37,183.24
48.91,0.23,5.77,2.21,3.58,6.31,4.96,4.07,6.75,54.1,2.72,112.03
45.22,4.97,7.88,19,1.79,4.13,6.47,9.82,5.49,126.04,2.72,201.83
6.09,2.06,6.2,18.08,7.55,9,4.35,7.9,2.81,53.6,8.3,110.83
19.72,1.43,1.23,9.23,0.45,2.48,0.31,5.1,4.54,174.99,3.9,157.62
34.2,4.72,7.06,0.11,8.64,3.46,3.99,3.07,3.76,22.9,3.83,86.2
29.83,3.91,3.96,1.3,3.76,1.56,5.85,9.92,6.89,135.75,0.83,157.7
7.51,1.1,7.43,2.36,5.51,2.68,9.05,0.57,3.51,166.15,2.75,152.96
21.5,4.82,0.56,9.91,7.15,1.6,5.85,7.1,8.24,16,5.48,92.17
32.8,3.08,5.81,18.81,3.85,2.78,9.88,6.84,4.83,81.21,2.04,135
0.45,4.36,8.15,7.27,6.11,8.81,0.98,8.21,5.61,163.05,5.05,155.85
20.37,4.77,7.65,3.99,2.27,1.15,0.91,9.21,7.87,184.18,0.89,189.98
14.29,0.42,5.86,5.68,8.09,6.81,0.33,8.22,7.13,19.97,8.95,71.23
30.94,1.34,8.73,18.31,8.55,8.52,2.42,3.43,9.78,124.63,2.4,166.15
6.39,2.03,5.2,3.89,6.21,4.98,8.55,2.69,9.22,19.54,6.07,90.59
22.89,0.6,1.42,7.79,7.86,1.44,0.92,7.2,3.78,58.97,9.33,98.34
6.76,0.05,8.88,15.78,4.94,1.65,3.07,4.98,5.73,145.85,2.34,158.34
22.57,4.16,6.84,14.81,5.75,4.44,7.01,5.25,9.6,95.5,5.24,175.63
2.68,4.82,7.65,2.76,5.85,3.42,9.09,4.88,7.75,47.59,0.38,92.71
46.87,4.16,4.14,11.63,9.93,9.31,4.4,0.6,3.89,152.29,2.97,185.59
0.94,2.64,3.52,13.45,9.45,4.46,0.28,7.57,0.29,122.21,7.09,132.64
46.83,4.57,0.43,18.58,5.03,2.13,7.85,7.48,8.79,84.14,5.79,169.92
17.95,4.57,4.03,13.03,4.49,7.15,6.29,3.25,2.95,152.73,0.2,163.29
27.56,2.34,1.21,0.84,0.61,4.99,5.38,6.81,4.8,14.4,8.03,60.17
13.32,2.42,1.64,5.68,8.7,5.66,7.27,6.78,3.2,117.62,1.19,135.37
47.43,3.82,9.02,10.4,9.34,6.65,9.95,0.54,3.85,69.07,0.15,135.21
1.98,4.55,2.8,2.93,6.22,3.08,3.53,4.13,3.94,91.18,3.57,107.08
19.18,2.25,5.8,4.24,9.98,0.78,8.39,0.59,6.01,198.28,3.49,200.68
35.12,2.72,5.81,12.86,4.52,4.14,8.3,3.1,5.54,50.39,2.16,115.18
0.52,2.86,4.55,10.68,6.18,8.67,4.39,3.87,0.94,25.01,7.12,78.2
8.15,3.1,1.52,13.59,0.52,2.47,7.77,9.66,3.16,42.59,5.1,95.01
49.04,4.62,9.91,10.11,2.68,7.52,9.87,1.04,7.31,156.9,6.64,213.07
6.64,1.98,9.81,0.76,8.22,2.95,9.83,3.1,6.99,53.19,5.48,95.02
30.92,4.62,3.72,10.9,4.27,1.1,1.24,9.31,9.75,8.07,4.56,99.96
21.9,0.99,1.02,17.54,7.6,0.56,5.12,4.88,9.13,149.35,7.95,168.12
29.63,2.31,7.52,15.9,5.1,2.08,4.43,8.44,1.46,90.64,0.33,126.34
45.61,3.27,5.75,7.36,4.41,4.24,6.84,6.26,9.29,165.54,0.45,196.9
5.23,1.64,3.05,4.29,2.65,5.46,0.59,1.13,9.3,163.58,9.93,152.61
0.56,3.26,1.41,17.54,7.14,9.35,3.12,5.73,9.58,191.57,7.76,200.88
9.95,0.13,3.23,3.28,5.72,4.45,7.54,6.89,3.79,120.26,1.55,123.88
11.52,4.11,9.1,5.2,3.12,5.63,5.48,0.3,7.58,113.81,7.88,131.93
48.65,3.45,4.41,11.36,9.25,7.7,8.77,5.93,6.95,107.12,3.62,178.89
47.87,2.09,2.24,14.85,4.82,2.52,3.13,5.31,6.03,88.1,9.55,133.92
12.96,4.2,4.37,17.65,9.27,5.76,4.81,1.7,4.45,135.31,1.97,173.63
34.59,1.95,5.35,19.23,5.72,7.91,3.54,9.64,6.41,33.13,8.99,129.93
40.16,3.81,1.84,7.93,1.87,7.33,9.3,5.95,9.2,111.06,7.29,190.83
16.67,1.85,8.29,11.74,8.08,6.07,2.95,4.08,1.4,87.98,3.23,124.87
14.86,0.05,6.78,2.75,5.81,9.43,4.34,1.14,2.66,34.34,6.69,82.13
13.21,2.73,5.06,17.73,1.51,8.56,4.26,4.46,3.35,94.13,4.77,127.39
37.58,0.84,9.49,13.56,2.06,6.71,4.7,6.45,0.03,193.38,2.73,196.84
31.1,0.99,5.55,17.66,6.3,1.65,5.55,8.67,8.54,168.84,0.28,205.59
6.15,0.74,7.83,3.55,3.54,1.2,4.25,5.63,7.17,87.6,8.61,101.39
6.4,4.16,1,8.99,7.04,7.16,7.28,0.46,2.52,155.31,7.66,167.08
4.22,4.03,5.45,10.21,9.69,9.03,0.68,4.27,0.06,117.5,4.1,141.67
30.54,2.78,2.48,18.82,9.42,9.9,5.9,0.33,2.96,85.29,0.41,122.93
35.19,3.38,1.11,10.66,8.9,0.4,8.99,9.37,8.1,98.7,6.58,155.21
23.35,1.14,2.11,13.23,4.85,4.93,8.05,8.02,9.09,5.58,3,91.56
11.15,2.78,2.85,14.96,3.52,9.99,5.31,7.06,6.34,179.76,3.06,195.32
21.03,0.89,0.16,1.76,9.65,0.04,3.08,7.68,2.78,126.06,7.73,130.32
19.2,3.84,6.39,3.52,6.41,4.78,6.49,4.1,7.1,36.39,1.51,102.79
44.06,3.62,0.22,19.93,6.91,2.97,8.35,0.9,6.2,93.72,7.16,159.97
33.5,4.88,7.24,17.4,6.41,0.66,8.07,7.52,1.23,111.43,2.36,156.37
26.97,0.84,3.73,15.58,3.08,5.48,5.43,1.76,3.54,0.38,7.79,52
22.39,1.73,4.47,13.64,0.21,2.04,3.77,4.54,7.35,44.43,2.7,101.57
44.06,2.49,5.09,10.55,8.84,4.53,8.06,9.74,1.85,165.05,1.54,190.31
45.01,4.93,2.6,17.29,1.57,8.77,0.32,2.38,7.5,107.83,8.1,169
46.62,4.64,5.53,5.67,8.9,2.42,3.46,2.12,7.67,159.99,6.16,199.46
31.02,4.24,8.01,9.85,9.3,6.29,9.32,8.02,4.45,74.66,8.91,174.54
15.36,0.01,5.14,10.49,8.97,3.46,0.85,5.89,1.82,152.11,0.87,134.96
22.62,3.18,3.78,5.59,3.44,8.22,4.09,7.37,4.59,143.86,0.46,152.78
14.84,1.3,5.92,6.78,4.05,6.56,0.76,4.09,6.18,88.74,3.54,97.17
38.18,2.62,8.57,12.42,0.1,4.07,3.2,7.55,5.81,86.6,9.3,133.54
44.96,0.56,5.52,19.45,3.52,7.98,0.46,5.61,4.74,96.09,2.86,162.96
11.16,3.42,2.97,17.81,9.34,8.99,5.19,7.04,8.23,47.06,8.35,132.45
47.62,3.91,6.49,6.89,3.23,0.62,1.88,0.16,9.8,110.38,4.56,160.38
44.44,3.61,1.08,8,5.85,7.79,8.84,8.72,6.35,136.94,2.12,198.18
8.16,0.03,8.72,6.94,6.58,8.39,3.9,4.53,8.71,182.46,3.77,170.59
27.35,0.31,1.38,14.88,4.62,9.58,0.46,4.48,8.88,28.04,3.91,81.56
14.37,3.19,1.76,8.06,5.75,5.99,7.41,6.47,9.96,135.36,4.78,162.63
40.58,1.31,3.42,3.56,3.33,4.22,2.73,0.12,7.66,72.93,8.43,126.91
46.2,1.93,5.38,4.28,2.8,3.24,3.64,8.87,5.72,191.67,8.46,218.73
27.86,4.63,9.49,15.95,5.88,2.95,3.08,7.65,6.51,75.35,1.9,133.71
27.07,2.29,6.84,12.72,0.59,8.92,2.8,4.56,2.04,59.47,6.07,103.48
10.01,2.21,6.65,19.86,0.55,8.49,1.49,0.27,2.11,36.6,6.19,78.39
45.13,1.73,1.09,13.24,2.42,1.97,4.48,3.16,2.79,91.79,0.78,140.1
23.12,3.75,6.24,1.28,3.79,1.87,2.47,1.46,6.36,1.15,9.53,63.14
32.59,3.74,0.11,15.22,6.89,4.73,8.04,9.76,4.58,24.66,5.66,122.14
32.81,2.97,2.47,13.64,8.14,6.59,9.44,0.09,9.46,90.99,8.36,160.43
27.2,4.14,0.3,17.93,1.63,1.88,2.97,9.68,5.61,110.61,9.75,164.44
4.97,3.55,8.84,5.09,2.41,0.13,0.43,1.86,4.68,40.15,9.93,69.62
45.35,0.06,4.52,3.02,3,8.51,5.22,9.58,4.24,54.33,2.81,135.64
4.84,4.66,8.67,8.76,8.46,6.03,4.52,2.61,1.04,105.21,2.43,106.28
1.04,4.63,0.75,19.71,0.23,1.04,4.41,5.91,0.67,33.38,0.37,68.02
43.65,3.23,9.51,9.35,8.18,2.3,7.74,8.49,0.11,165.02,4.55,191.81
30.49,4.45,7.63,18.1,6.78,4.19,8.69,4.3,2.59,152.75,3.22,202.24
43.09,1.96,6,14.27,2.85,8.08,6.6,9.79,3.14,116.94,8.55,192.16
28.68,3.62,4.78,0.74,5.65,0.91,2.45,8.47,1.53,40.7,7.91,74.61
35.56,2.64,5.69,2.97,5.2,2.95,0.26,1.1,2.62,133.65,3.62,140.61
28.78,4.03,2.99,1.82,2.45,9.31,6.28,0.08,0.92,192.7,6.12,192.08
48.63,3.65,1.91,18.13,8.67,2.35,0.21,2.46,7.46,100.68,4.25,152.74
33.95,3.82,0.83,6.38,4.49,0.21,6.96,6.12,2.4,36.38,1.43,94
46.85,4.29,7.66,11.04,5.02,0.27,5.09,8.46,2.29,4.93,0.96,101.59
34.62,3.28,9.03,15.29,8.61,5.25,2.37,0.34,9.79,186,4.84,211.51
45.23,1.34,2.72,9.26,0.62,8.36,8.65,6.09,5.49,141.8,8.92,179.94
20.07,0.18,9.54,8.89,1.94,1.38,4.12,2.91,8.62,49.52,2.36,102.07
14.92,1.99,4.24,18.66,9.97,1.46,4.13,1.87,0.07,199.7,1.03,160.91
24.92,3.06,9.17,8.87,9.43,8.91,0.37,7.92,0.67,121.77,9.07,154.97
22.46,3.03,9.05,5.89,4.24,9.03,0.96,1.88,8.98,158.55,3.3,163.21
5.59,4.55,3.79,16.92,2.71,1.84,5.37,1.45,3.37,194.99,6.79,191.42
26.78,4.87,8.03,10,6.54,0.37,8.59,3.36,7.59,113.22,9.71,172.36
27.71,4.94,5.33,11.68,4.53,0.48,6.49,5.33,7.25,102.97,4.68,160.42
39.79,2.53,2.01,3.8,7.35,4.8,9.62,8.19,9.61,55.03,9.9,134.66
45.92,4.69,1.72,7.01,6.41,0.99,7.97,4.54,5.22,74.43,9.94,124.81
22.47,4.65,5.24,5.22,9.07,1.38,5.25,1.88,4.05,148.93,1.78,165.33
38.66,0.81,2.34,13.45,2.79,1.62,1.36,2.91,3.15,142.8,8.43,163.42
27.69,1.52,9.13,5.78,6.61,9.58,9.25,8.14,0.98,159.42,6.33,199.44
8.25,2.89,0.07,2.51,3.77,7.36,2.86,6.76,8.21,143.49,3.01,156.31
24.31,2.44,5.82,3.93,6.02,1.66,3.83,3.62,9.57,101.15,9.18,146.77
32.57,0.25,5.86,11.65,9.97,2.59,2.36,1.3,9.21,113.21,8.48,133.38
10.46,3.4,0.43,9.45,3.13,6.76,1.69,4.3,8.68,48.56,5.81,94.84
0.14,4.64,3.62,10.55,1.14,2.25,2.35,6.34,7.64,107.01,9.69,114.79
46.48,2.19,8.21,18.29,9.35,8.71,8.77,4.14,3.95,157.56,7.6,215.58
37.52,2.31,9.05,5.19,4.04,7.88,9.18,9.73,8.33,88.64,9.5,172.33
30.55,1.42,2.4,11.09,5.34,1.68,2.01,8.22,6.22,12.37,4.72,90.34
10.72,0.37,5.83,7.81,4.64,3.06,4.99,7.76,6.37,196.62,1.95,191.86
42.63,1.35,0.32,2.76,4.01,5.94,9.43,3.6,7.75,171.83,3.23,185.32
13.11,0.78,4.06,12.62,4.82,6.61,5.15,9.52,6.74,2.35,4.76,77.29
49.23,3.54,5.55,5.88,0.18,7.63,2.96,3.85,5.31,47.99,9.02,138.09
13.88,2.41,1.81,15.46,9.37,8.56,0.85,3.15,4.74,59.5,9.28,113.98
24.11,1.31,6.27,2.75,1.28,3.86,5.55,5.77,0.25,151.27,8.19,159.28
19.35,4.15,9.28,8.44,7.79,4.78,1.77,3.2,3,169.48,9.02,180.92
29.24,4.64,1.22,12.07,7.3,6,9.67,6.82,8.09,48.93,7.48,154.81
17.26,2.95,3.17,15.31,4.48,7.55,3.2,2.21,0.62,113.45,4.23,139.28
32.39,4.97,4.5,14.1,5.82,7.93,2.08,8.61,1.01,77.87,2.19,136.67
5.94,3.66,4.24,4.33,5.33,3.61,4.2,4.31,8.99,89.89,8.19,109.77
22.85,2.44,4.83,16.21,5.14,2.27,4.97,4.69,6.46,44.86,8.47,102.12
4.37,1.98,7.91,0.57,2.84,7.96,1.14,7.28,5.89,176.04,6.85,171.85
24.45,0,5.04,13.34,8.27,1.82,2.84,9.62,2.47,103.09,3.9,139.45
12.54,2.07,2.73,14.24,5.76,2.33,7.49,5.6,9.99,140.77,3.42,177.63
23.97,4.48,7.08,6.3,4.89,6.1,0.68,4.31,2.13,3.51,7.86,57.13
32.67,2.56,1.9,3.26,8.6,6.92,3.21,0.58,0.44,158.47,8.46,171.44
10.91,1.3,8.71,13.23,7.33,6.27,6.24,9.7,0.55,35.52,0.74,98.9
31.64,3.39,2.88,19.26,5.05,5.83,6.45,7.95,3.43,84.89,3.08,149.53
22.93,2.12,5.03,13.4,1.5,6.3,0.51,9.45,8.55,199.25,3.33,211.69
32.98,2.14,6.07,1.23,1.11,6.91,1.46,1.84,7.42,18.13,8.47,74.13
16.78,0.77,2.55,5.19,6.93,5.5,3.94,2.88,0.14,44.84,3.64,62.55
35.5,4.76,5.38,6.97,4.49,7.17,0.55,3.16,1.18,196.29,3.67,184.58
17.05,3.48,8.28,15.31,1.75,1.73,3.76,8.15,8.32,38.75,3.19,100.51
11.15,3.23,3.52,17.72,5.16,6.76,8.67,2.6,1.45,107.3,4.79,149.32
49.48,1.29,3.19,1.94,0.39,8.29,0.56,2.9,9.9,19.95,1.88,88.41
17.24,1.22,1.92,10.18,5.66,7.14,4.64,7.65,3.72,196.61,3.41,188.01
29.11,4.69,5.9,16.42,7.21,7.8,1.34,0.23,7.43,4.55,1.01,92.26
36.7,0.73,8.88,18.83,9.01,2.15,2.46,7.94,1.09,101.56,9.78,166.53
15.47,3.55,5.83,0.94,2.8,3.37,2.94,5.91,1.98,22.37,1.3,52.77
12.9,3.57,0.1,6.46,0.37,3.58,0.74,7.41,2.34,96.05,0.65,97.48
41.9,1.55,7.54,13.27,4.6,2.34,9.06,2.97,1.84,13.47,5.83,93.87
49.25,4.48,2.29,2.25,7.07,7.98,8.06,0.78,7.91,186.93,1.28,210.84
10.98,4.23,4.99,5.36,0.48,8.96,7.32,7.12,3.11,163.86,1.4,179.68
46.21,2.56,8.38,8.63,2.27,4.81,3.4,8.19,3.86,61.14,6.55,132.3
28.85,2.5,6.77,13.49,4.28,5.18,0.34,3.37,3.36,110.62,3.09,119.12
47.54,1.45,1.67,6.76,4.27,1.71,4.7,3.9,3.82,109.81,9.1,171.26
37.69,2.08,4.67,15.66,1.28,5.09,6.54,5.81,2.67,27.51,1.22,105.46
6.21,4.87,8.11,17.94,8.86,6.92,0.86,8.04,0.42,87.78,5.56,126.11
7.19,2.99,8.35,13.1,8.98,4.45,6.61,7.25,4.6,30.23,4.56,85.7
32.4,3.21,8.43,6.11,6.66,5.78,8.16,5.96,7.69,132.26,4.26,172.45
28,4.68,3.66,11.47,6.14,8.72,8.79,6.11,9.21,52.3,9.3,134.84
43.16,2.38,6.27,8.73,9.19,7.36,6.11,3.86,5.97,81.94,0.53,143.16
43.23,3.79,6.26,19.94,0.87,9.08,8.82,5.14,8.74,19.21,0.41,123.51
30.08,0.99,3.08,0.67,3.49,6.66,2.71,7.58,6.47,98.77,3.3,122.05
30.28,0.92,0.86,18.57,5.74,8.55,4,6.03,1.14,113.1,1.04,157.47
40.22,2.73,5.97,5.88,6.36,5.84,6.69,2.03,4.41,151.77,2.69,173.28
36.27,2.73,1.71,19.23,2.1,0.5,6.24,1.21,1.18,170.06,1.91,183.96
11.28,1.66,2.3,19.39,6.58,5.72,1.26,4.39,6.42,200,4.48,189.1
16.53,3.04,3.76,12.14,4.14,3.32,2.07,8.56,3.44,13.75,5.52,83.39
19.58,3.52,1.41,8.88,9.46,5.09,4.06,5.64,3.59,13.75,2.09,68.51
48.7,0.05,7.57,3.21,7.32,9.76,3.34,8.17,6.52,71.97,2.55,133.9
6.17,3.36,1.52,9.1,5.03,3.88,0.76,1.25,5.91,11.58,8.4,49.9
40.66,4.37,5.97,1.89,1.08,5.56,4.73,2.42,8.31,128.17,1.94,171.02
1.49,2.26,4.09,3.96,3.13,9.08,5.16,7.59,9.54,26.51,5.86,86.23
33,4.82,3.33,6.24,1.19,3.62,8.87,4.57,3.57,48.27,0.05,99.32
46.75,0.74,2.72,0.28,1.9,2.12,0.71,7.29,6.79,30.37,7.5,83.19
46.58,1.37,8.73,6.06,7.05,10,4.98,8.08,6.98,115.56,1.33,163.5
37.82,4.59,4.09,16.35,8.59,7.97,0.81,2.61,2.87,6.39,9.98,83.41
34.85,1.66,2.92,10.5,1.73,3.99,4.27,5.19,3.04,80.96,5.42,131.39
36.85,1.9,6.75,0.2,5.92,0.74,7.4,3.73,3.8,12.2,9.2,102.28
46.42,1.04,8.9,13.46,2.67,3.38,3.16,2.49,9.17,192.42,8.76,221.64
36.99,4.51,9.88,2.92,3.75,8.04,7.82,4.3,9.14,73.14,4.12,150.33
0.67,1.78,1.82,9.45,5.81,7.24,3.1,1.33,2.37,186.5,9.93,158.05
49.38,0.86,3.18,0.06,9.39,9.67,0.03,1.84,4.22,31.64,9.8,86.87
40.88,3.21,3.64,11.76,4.69,8.7,4.69,7.48,9.57,51.75,5.21,149.57
5.12,3.48,8.55,10.23,4,0.81,3.36,1.63,2.36,125.12,6.1,119.88
16.59,2.84,6.41,3.37,7.3,8.29,0.59,2.41,6.8,173.81,6.39,170.49
39.21,2.52,0.73,5.45,4.57,0.83,3.47,5.37,5.89,123.27,5.03,133.8
42.68,3.94,9.77,5.7,9.35,0.11,4.23,6.73,9.34,91.94,0.62,143.68
21.67,1.93,8.01,5.34,7.21,3.56,4.22,1.05,0.75,25.18,3.58,95.28
16.16,0.78,8.3,5.6,4.53,0.04,6.71,8.24,9.21,68.27,3.03,124.06
18.17,0.36,1.57,11.33,9.39,5.77,9.67,1.83,5.26,62.13,1.26,117.21
34.49,3.85,6.42,5.37,8.73,4.92,1.61,2.76,5.79,26.26,3.9,91.59
27.04,0.63,2.81,3.63,9.07,0.14,6.45,8.23,8.22,24.22,9.42,94.21
12.45,0.1,5.38,14.12,0.04,4.29,3.73,8.58,4.96,120.8,2.29,137.94
13.28,1.42,3.35,5.26,7.42,7.88,6.59,1.58,5.08,77.87,0.44,93.02
40.36,4.06,3.36,4.17,5.52,6.31,0.05,5.85,2.2,67.03,7.29,116.32
43.41,4.57,1.45,6.99,5.71,5.1,4.99,1.1,9.89,46.84,2.07,102.86
1.6,4.82,2.81,12.88,6.06,0.42,8.67,2.8,0.78,52.66,5.05,80.43
31.86,1.29,2.77,8.3,5.37,9.27,0.67,8.41,5.16,96.8,9.9,128.64
9.01,1.28,7.12,18.35,0.95,6.85,8.76,2.35,5.56,163.82,2.98,171.7
22.23,2.92,3.28,6.66,3.64,4.99,4.8,6.67,7.29,159.75,6.4,200.95
21.89,1.16,1.34,3.3,6.34,7.19,9.19,7.82,6.39,165.8,2.74,179.41
32.88,0.2,6.73,1.88,8.87,3.62,5.38,2.46,1.99,93.89,5,116.47
12.79,1.81,1,8.34,1.44,7.38,6.63,5.04,1.94,69.22,8.92,99.56
44.96,1.05,3.32,7.22,6.3,1.75,9.33,8.88,0.65,149.95,3.64,172.85
20.48,1.68,8.42,17.96,6.9,1.28,2.01,6.57,2.66,28.16,5.08,94.5
37.31,1.34,3.93,17.52,2.53,2.58,4.14,9.52,5.72,88.55,0.88,147.76
16.78,2.04,0.62,8.91,2.52,2.29,4.49,9.37,6.56,5.49,1.72,51.98
2.04,4.14,9.12,13.12,9.02,5.05,1.46,6.33,7.45,74.36,5.91,120.38
48.44,2.74,7.73,9.92,5.83,3.6,7.62,1.2,6.6,48.14,7.99,140.16
11.67,0.19,3.36,3.42,5.72,4.24,3.53,6.3,1.23,167.38,9.03,148.29
8.41,3.48,3.22,5.24,8.62,1.07,3.57,7.84,3.31,173.44,4.81,162.42
17.75,3.59,5.25,8.43,7.72,4.78,8.35,1.54,10,77.45,2.13,128.02
13.2,2.46,4.48,14.64,8.91,1.41,7.08,7.36,9.4,125.62,5.02,177.44
45.65,0.7,3.02,6.79,5.34,7.17,8.44,5.19,2.47,19.17,4.04,103.13
36.37,2.27,5.62,7.77,3.63,0.4,3.71,3.13,6.04,168.19,1.94,163.89
2.11,4.92,2.93,6.21,7.63,8.98,5.59,0.53,4.64,37.14,6.17,76.01
24.43,0.75,0.89,13.46,4.93,3.62,1.13,7.78,3.9,91.82,6.93,140.27
5.23,4.01,0.9,4.39,4.87,1.17,1.87,2.31,0.19,102.45,4.79,101.43
44.47,4.37,3.2,2.6,9.8,7.5,7.67,0.24,1.77,71.29,2.47,112.21
14.46,0.77,0.36,9.38,0.88,6.16,1.53,9.55,9.47,163.9,4.39,165.05
48.67,2.33,9.93,11.67,9.01,8.29,4.41,1.8,0.5,152.22,8.08,188.7
48.97,4.09,1.47,11.95,0.61,0.08,8.29,4.68,8.57,117.9,0.42,169.14
36.29,4.07,0.54,2.64,1.57,3.02,5.95,8.74,0.92,114.7,7.73,163.95
17.51,2.57,2.53,13.84,8.18,1.61,5.49,0.27,1.66,33.85,3.31,78.74
33.18,1.26,6.06,4.9,4.9,9.12,7.97,7.86,2.06,81.27,7.46,146.95
48.53,2.07,1.89,11.6,2.47,0.24,7.33,4.51,6.39,78.98,9.41,140.67
47.82,1.79,8.73,17.81,6.52,7.69,6.15,9.11,4.24,147.45,5.53,210.58
38.03,3.88,1.88,10.65,2.14,4.24,2.82,1.87,7.21,99.51,2.49,148.96
33.76,4.62,7.1,19.38,9.6,5.92,0.17,9.18,4.52,179.06,4.24,222.08
6.1,2.12,0.83,16.01,6.89,5.64,0.54,4.69,9.69,103.57,1.71,135.24
49.08,1.68,7.83,7.75,8.45,6.39,8.64,0.37,5.33,145.88,6.89,191.69
16.43,3.54,1.99,10.31,1.53,6.64,3.5,8.12,7.51,131.27,4.63,147.45
12.39,0.53,7.59,4.57,8.88,9.23,8.34,6.03,8.15,80.03,1.28,132.38
3.37,2.89,0.33,4.59,0.56,3.83,7.61,3.44,6.53,181.4,2.28,168.11
23.36,1.9,9.43,0.77,6.11,7.92,6.88,2.13,3.55,127.51,10,158.3
40.21,4.46,3.74,5.87,3.69,7.3,2.14,0.74,5.25,99.95,9.46,149.04
36.3,0.49,0.83,13.06,2.13,3.65,0.77,7.12,1.83,125.09,6.79,163.79
17.7,3.17,1.59,8.14,2.15,9.95,9.36,9.14,0.87,199.33,4.64,185.4
33.7,1.64,8.96,16.41,3.02,5.38,6.24,9.27,8.2,103.01,1.4,160.59
23.41,0.02,9.72,12.55,3.03,3.36,1.64,2.94,5.9,104.81,5.24,118.84
28.62,4.53,7.23,18.64,8.81,4.87,0.72,8.87,2.1,98.9,1.25,160.01
13.8,1.08,7.69,7.77,6.71,9.94,4.36,7.97,2.82,42.24,6.96,85.08
2.54,3.27,4.67,5.48,5.85,2.9,0.3,5.4,7.4,95.82,3.43,120.9
49.34,3.42,0.95,13.5,7.81,3.36,5.13,0.66,5.56,65.55,3.05,143.63
5.31,2.64,2.88,6.98,0.13,5.88,0.66,2.73,5.48,8.3,0.4,38.29
27.35,1.19,9.99,0.86,7.35,4.53,8.99,2.51,3.71,126.72,6.22,125.48
34.35,3.19,7.4,3.7,0.51,1.09,7.5,5.13,1.95,183.53,9.39,196.32
25.73,1.7,9.81,11.8,7.5,6,3.02,7.61,2.7,97.72,1.37,132.46
5.05,4.52,0.25,8.18,0.28,2.3,3.11,3.57,0.54,18.98,4.16,46.44
43.23,0.73,9.87,11.63,3.99,9.15,9.04,2.3,4.98,136.48,3.91,184.18
11.66,4.88,3.25,16.16,2.14,8.91,3.35,5.46,4.3,106.76,0.34,123.61
21.63,1.29,0.5,16.47,6.81,3.7,9.36,3,2.37,11.31,4.52,89.07
33.2,0.84,7.52,0.78,5.45,2.27,8.63,6.86,0.53,125.76,5.82,154.04
13.63,1.26,6.82,4.74,4.83,8.97,6.44,4.26,2.67,105.45,1.44,121.4
15.49,2.35,3.03,6.57,0.25,0.32,2.75,8.49,3.68,149.89,3.56,168.93
28.37,4,8.96,1.1,9.49,7.55,1.77,0.54,9.88,140.43,0.36,153.52
18.07,0.29,6.42,12.33,8.1,2.12,8.87,9.38,5.86,143.97,4.32,171.13
26.22,0.75,3.31,13.97,2.5,0.29,6.66,2.21,1.24,65.42,8.93,111.84
42.04,0.98,9.94,14.13,4.5,0.73,9.94,1.86,7.21,103.91,1.17,158.38
36.19,1.54,0.24,6.65,1.91,6.8,3.22,9.61,6.78,138.86,5.58,173.58
16.31,1.33,6.62,1.57,6.03,9.32,3.48,2.66,7.49,19.5,5.67,76.01
39.7,4.64,1.98,16.52,8.58,2.6,3.64,5.16,7.68,30.5,1.45,127.88
45.8,3.23,6.96,3.17,0.1,2.16,0.95,5.57,3.23,39.81,8.08,78.77
18.6,1.68,4.53,12.94,4.71,0.76,5.86,4.26,6.05,108.17,2.9,143.23
47.42,2.8,5.51,4.22,6.18,8.76,2.96,4.08,7,196.06,6.06,215.05
6.81,0.85,9.02,14.47,1.42,2.66,5.34,3.05,6.34,61.07,2.47,95.1
41.61,1.33,4.3,18.82,8.89,5.61,2.45,2.33,3.86,176.02,2.13,196.75
39.09,4.22,6.74,16.72,1.92,1.64,4.29,4.46,1.55,88.39,5.66,144.81
48.81,2.26,0.73,8.3,6.87,7.79,8.3,4.18,1.87,83.53,7.34,148.72
45.53,1.81,3.94,2.26,7.78,3.19,2.93,9.82,4.71,160.48,3.07,162.32
12.18,1.23,3.11,17.29,0.97,8.21,7.84,3.17,2.11,27.3,0.2,78.13
13.11,2.06,5.64,18.66,1.27,0.62,5.07,6.79,1.02,147.74,4.81,160.38
33.12,3.61,2.05,16.15,0.79,4.45,8.24,1.07,4.66,176.88,4.82,208.21
46.52,4.25,5.75,18.52,6.58,1.88,0.01,7.09,1.13,15.11,6.96,110.71
9.68,2.6,7.27,12.54,7.87,5.46,5.93,5.4,3.31,20.95,2.4,79.27
23.46,4.76,8.16,4.31,6.61,7,0.39,6.92,4.29,153.44,0.15,173.75
9.4,2.61,1.53,2.73,6.14,3.12,1.47,6.95,9.51,46.39,5.87,90.48
11.35,3.06,9.74,7.64,0.89,6.54,8.08,2.87,6.34,103.34,5.26,133.05
28.36,1.3,0.34,17.02,2.26,9.76,5.63,0.77,0.31,162.15,9.21,173.89
35.13,1.34,6.84,7.6,6.09,4.97,3.39,3.62,7.02,82.25,3.64,140.65
35.84,0.38,1.16,12.12,7.04,6.07,6.25,0.13,0.04,197.87,4.72,183.45
6,4,8.01,18.32,4.17,0.51,0.8,4.54,1.2,15.24,3.65,58.35
29.88,2.44,8.14,1.84,5.57,5.24,3.11,1.02,0.25,195.08,9.27,188.89
41.78,0.62,5.19,16.18,1.82,1.36,8.52,7.4,4.18,23.7,1.41,98.16
25.48,2,5.37,8.2,0.49,3.83,8.46,0.75,2.88,191.92,1.02,182.5
25.7,1.36,3.74,13.39,1.25,1.18,0.63,5.08,6.62,110.28,4.92,141.54
27.67,3.56,6.26,0.02,7.55,1.76,2.64,3.19,9.05,68.02,6.86,121.36
31.87,1.09,3.46,3.98,3.95,1,7.16,9.95,5.8,187.69,3.74,209.98
21.33,3.16,5.44,0.71,6.51,5.02,4.21,2.92,7.81,33.61,3.74,76.38
45.94,0.83,7.74,7.5,7.94,6.63,0.96,8.03,5.56,87.05,4.1,147.36
8.03,2.47,7.24,12.68,7.53,4.33,6.04,0.56,8.77,87.54,6.83,130.37
2.44,0.43,1.01,15.65,8.03,3.88,9.45,5.84,0.74,128.71,7.68,137.08
18.2,3.48,0.4,5.04,3.56,6.93,9.55,7.79,2.69,35.62,5.19,85.08
41.52,4.68,5.98,12.03,7.28,6.45,2.2,8.11,9.7,190.19,1.22,222.57
18.56,4.92,2.72,4.69,8.86,4.53,3.1,3.71,3.87,48.84,2.83,87.51
13.43,0.19,6.77,18.61,7.61,3.32,3.6,2.23,8.58,119.53,1.05,131.42
10.94,4.72,0.79,1.8,5.54,2.41,2.6,5.98,0.71,129.99,1.15,121.66
24.46,3.34,7.66,1.83,8.75,4.34,6.8,7.92,9.74,48.55,2.52,129.02
46.89,4.33,4.47,10.79,6.63,8.73,6.38,4.48,8.52,38.29,5.74,141.89
0.73,2.89,9.51,0.83,6.98,5.05,3.6,7.9,9.88,74.6,2.1,109.29
12.66,0.55,0.4,4.75,1.94,9,8.17,9.88,9.42,145.25,8.84,163.26
48.74,4.59,5.89,15.86,1.29,2.22,3.47,1.46,0.53,166.31,9.96,185.13
26.15,1.78,5.5,7.39,8.54,4.09,0.98,0.86,3.34,177.14,7.39,173.06
45.94,1.48,3.92,15.78,6.08,0.05,8.25,8.87,5.23,43.71,8.47,130.28
23.45,2.62,6.58,18.17,0.92,2.98,0.39,9.16,0.05,30.59,4.15,103.1
32.9,4.06,3.64,17.73,9.84,7.15,9.62,9.72,1.48,3.57,6.21,110.62
31.69,2.42,2.95,0.28,2.64,9.82,4.36,1.55,5.85,122.39,4.34,130.61
27.16,1.91,4.49,13.08,3.68,8.08,0.55,6.81,5.47,54.02,5.39,119.25
47.84,2.43,5.99,2.16,4.12,4.21,2.61,6.81,1.88,104.6,8.35,136.61
11.6,4.79,0.44,16.89,9.77,7.94,1.97,6.51,8.22,89.11,2.39,145.84
33.88,0.64,6.26,12.43,6.97,6.3,1.11,5.57,2.92,71.37,8.54,133.43
21.56,0.54,8.39,4.95,6.15,3.86,9.58,7.02,2.08,188.72,9.77,183.05
48.46,3.19,8.38,7.79,1.03,8.01,8,7.68,8.65,38.76,2.47,129.35
2.41,4.54,8.71,19.48,9.9,9.15,3.15,5.71,4.71,71.5,8.73,121.37
38.57,1.42,5.21,19.97,3.1,9.88,1.19,1.62,7.36,83.94,6.9,138.34
6.98,1.55,8.73,8.38,7.18,1.49,8.14,7.81,4.85,106.38,5.61,128.08
39.28,3.16,1.89,11.68,4.02,5.02,8.79,2.6,1.54,138.36,8.31,172.8
32.24,1.85,1.42,8.45,6.6,2.45,2.52,8.47,9.07,176.99,1.75,201.95
12.54,0.62,6.94,3.63,8.46,9.07,8.19,8.84,4.96,20.44,6.51,80.17
14.7,0.93,6.34,3.11,8.84,1.22,3.7,6.47,0.05,3.19,5.52,38.88
29.68,1.91,1.72,16.14,5.97,0.34,5.12,1.98,8.08,83.87,5.46,141.5
11.1,0.01,8.45,10.25,6.73,8.72,3.25,1.91,9.33,1.94,9.01,53.47
23.77,0.68,1.81,15.83,8.64,2.09,8.21,3.58,6.35,76.24,3.38,132.88
22.29,0.59,1.84,7.2,7.93,2.79,5.18,6.68,4.57,90.3,5.72,118.61
10.46,2.91,2.71,8.63,6.1,8.57,0.08,1.9,1.08,57.7,5.04,75.65
46.51,1.04,6.73,7.86,0.5,5.41,9.42,5.17,9.19,155.16,1.32,212.74
0.83,1.13,8.9,19.66,9.25,0.92,6.02,9.29,9.93,9.03,3.98,84.15
17.63,4.09,6.89,16.47,0.44,7.05,1.07,9.36,4.13,42.11,8.62,120.32
16.43,1.69,9.83,9.03,6.73,7.35,7.93,6.1,0.08,123.65,4.57,164.24
26.75,1.03,4.26,18.89,2.06,5.22,9.1,4.57,9.05,26.32,1.74,102.35
36.29,2.17,5.76,1.48,3.61,5.06,6.11,8.86,1.15,58.87,9.71,102.92
32.49,2.94,2.92,5.98,4.39,8.26,5.92,4.37,8.15,95.24,9.92,151.05
4.93,4.76,0.4,6.07,5.85,1.34,3.94,8.25,4.1,45.67,8.37,93.77
13.76,1.45,7.25,1.58,9.19,3.81,2.07,2.23,8.81,72.02,1,87
46.54,4.85,8.8,9.86,7.87,7.99,1.61,7.69,0.45,180.79,3.3,215.09
28.87,3.52,0.64,14.58,4.65,2.08,6.14,9.17,6.39,132.05,7.43,171.41
23.12,4.42,9.39,16.76,2.47,7,6.39,7.35,4.47,48.51,5.87,99.97
33.4,2.41,7.89,9.74,2.18,6.26,7.17,5.48,3.98,151.66,1.57,175.65
43.57,3.8,0.72,10.53,8.07,2.14,6.17,3.45,2.07,149.97,4.17,176.42
33.32,2.97,9.84,17.08,5.14,4.44,7.71,1.99,5.14,134.79,6.2,172.9
34.52,4.29,6.46,16.17,4.61,2.48,4.19,3.52,8.77,63.49,6.31,128.77
29.36,1.3,2.45,0.6,0.27,2.06,0.58,1.61,6.03,64.02,1.39,73.13
9.35,1.55,1.16,4.52,2.71,6.27,5.33,1.91,5.47,21.4,0.18,52.49
43.54,2.82,5.14,11.64,1.89,5.13,2.8,2.13,2.17,179.61,3.47,194.25
49.28,4.24,3.24,15.12,3.02,2.13,3.41,3.14,9.77,172.88,3.8,228.13
30.32,2.2,7.94,18.17,5.85,5.23,0.5,4.77,1.38,112.76,5.59,138.88
47.12,4.19,3.17,16.17,2.69,9.96,8.5,3.85,2.56,69.85,7.31,161.06
3.69,4.37,5.21,17.16,5.18,1.91,6.62,3.37,3.57,72.94,0.36,127.25
10.73,4.33,8.41,2,7.98,10,2.13,5.64,4.37,199.3,3.12,189.96
13.17,4.78,2.12,16.24,1.79,6.98,7.87,7.1,0.7,87.83,0.55,130.42
9.43,1.03,9.45,2.38,1.7,4.1,7.98,3.53,3.7,90.44,8.57,106.27
22.94,0.12,1.09,2.13,9.38,8.27,8.17,5.66,9.78,146.78,8.12,172.48
37.44,3.32,7.52,0.39,0.27,4.95,9.53,1.95,6.91,22.13,5.75,88.47
13.73,1.72,6.98,10.4,5.38,8.81,2.16,5.74,0.16,92.65,7.25,132.42
43.88,0.02,5.77,1.34,1.15,9.77,5.83,4.26,2.28,148.27,5.31,174.93
37.24,1.11,6.93,1.21,3.64,7.22,2.32,5.13,1.72,27.8,8.45,81.99
5.75,4.84,5.01,9.21,2.65,6.83,7.2,6.39,9.05,168.57,2.38,171.5
38.44,1.52,7.56,10.56,9.93,8.82,8.55,7.69,7.85,1.34,1.13,114.58
12.78,3.33,1.07,4.15,7.3,4.73,6.31,0.05,3.29,149.26,0.13,146.7
5.19,1.52,9.6,4.46,1.93,0.67,2.29,9.01,4.52,126.65,8.64,113.17
26.85,1.12,6.58,17.72,8.76,2.72,1.15,3.11,1.72,97.56,7.52,136.58
46.49,4.38,1.77,11.52,7.67,0.48,1.21,3.51,4.4,52.44,6.18,119.42
47.38,3.83,1.36,8.14,1.36,0.7,7.44,0.17,8.34,171.57,3.21,201.31
28.58,1.09,1.46,17.21,3.99,6.78,0.45,4.11,1.6,62.65,7.97,114.99
9.01,2.15,0.09,8.97,2.68,1.89,0.68,5.81,7.01,178.91,0.06,161.84
25.43,2.78,9.82,1.23,7.91,3.08,3.49,5.35,9.55,72.29,3.78,117.28
1.26,1.2,0.53,2.79,3.21,0.36,8.97,4.6,9.43,59.61,9.07,83.7
23.01,1,3.9,17.59,9.65,9.47,6.33,6.77,9.71,40.62,2.11,128.68
40.89,1.05,3.59,9.96,5.03,5.94,2.29,9.5,3.96,25.42,3.45,95.14
31.24,3.24,4.88,5.26,3.79,8.73,8.74,2.93,6.38,199.49,9.55,213.83
17.21,2.34,3.43,19.3,2.31,3.64,9.89,0.95,8.94,178.83,8.13,191.77
24.76,1.37,2.3,1.36,8.21,6.59,3.13,3.57,9.81,103.37,9.53,119.27
39.01,0.1,2.03,17.16,6.8,5.07,9.82,7.98,4.32,65.71,3.18,143.48
29.77,1.87,9.29,5.12,6.2,4.84,7.45,4.38,3.91,168.83,0.63,179.25
5.29,3.9,8.02,8.69,7.83,7.87,8.02,6.36,2.72,195.63,2.19,190.68
13.39,4.5,4.93,16.57,5.95,4.31,2.66,8.8,3.04,112.18,8.23,131.29
2.22,3.85,4.1,2.98,9.37,5.4,0.84,4.31,8.16,182.7,2.95,168.37
40.79,2.84,9.48,13.9,5.87,0.97,4.52,8.37,4.86,85.23,3.3,162.36
42.25,1.74,3.32,18.77,0.52,8.85,2.18,2.64,7.32,73.08,1.41,127.41
27.76,4.88,8.09,16.83,0.3,2.38,5.7,0.76,9.31,147.22,5.66,174.24
47.52,3.81,0.7,11.84,9.36,2.52,4.38,6.66,4.74,193.18,9.66,240.84
42.61,2.81,7.07,19.06,8.89,9.53,1.93,6,3.18,168.81,9.22,213.76
17.63,0.5,6.46,1.97,4.19,4.24,7.57,6.92,6.62,6.6,0.16,51.9
20.77,2.45,7.79,12.93,5.99,5.35,6.9,8.33,8.38,179.59,7.81,203.74
26.96,3.61,7.09,16.3,7.21,7.62,7.28,1.52,5.52,196.95,3.81,217.28
10.8,4.48,0.86,11.27,2.57,6.09,8.98,2.91,1.32,25.32,4.83,74.89
30.43,2.09,7.01,18.6,9.54,1.14,6.52,5.89,5.17,139.98,4.13,200.58
43.19,1.17,6.49,8.04,5.21,1.59,2.97,6.47,4.1,55.52,6.86,109.15
41.82,1.64,2.13,2.58,1.21,6.86,7.13,9.19,6.04,64.33,5.37,121.12
15.44,1.94,1.26,6.18,3.91,5.49,2.44,2.63,6.54,174.09,6.18,178.99
41.15,2.24,5.85,12.11,8.52,8,2.9,2.78,1.98,10.58,9.24,89.54
24.46,1.92,1.93,4.1,1.14,2.93,2.9,3.99,2.58,103.98,2.86,121.67
16.1,3.01,4.32,8.45,3.43,3.68,9.32,1.86,9.04,103.56,9.71,136.38
7.59,1.25,8.17,11.1,3.64,4.22,7.31,1.4,9.59,92.25,5.42,129.14
35.67,1.14,1.44,9.8,3.08,9.61,7.5,4.42,1.13,9.54,2.15,80.3
38,4.56,4.55,15.51,2.01,7.86,6.4,9.2,6.02,35.91,3.36,133.15
29.25,4.3,5.91,14.57,0.41,3.64,1.64,6.68,0.89,71.19,2.14,135.64
5.78,1.07,3.51,19.35,0.73,9.85,0.94,7.41,7.59,11.91,2.44,85.59
33.72,2.61,3.96,8.13,4.91,8.21,4.99,5.42,1.16,83.98,3.5,129.13
18.46,0.92,6.93,6.78,6.18,7.06,7.47,0.9,2.2,112.46,2.22,135.33
21.38,0.79,8.68,7.66,0.99,9.66,8.62,7.36,8.44,181.11,2.52,200.12
22.98,0.64,1.88,10.38,1.92,5.82,8.9,2.55,1.75,155.54,1.36,153.98
26.54,4.18,9.68,7.84,4.48,6.52,5.1,9.19,6.93,28.31,4.32,115.33
41.63,0.21,0.89,9.01,8.18,9.18,2.73,8.89,6.31,179.25,1.77,183.72
21.14,3.94,4.29,12.6,7.92,4.96,3.99,0.86,4.38,188.75,3.61,173.98
32.22,4.83,6.05,5.14,7.58,7.63,7.46,5.81,2.19,90.07,7.06,146.68
15.84,2.78,0.05,14.67,8.98,0.23,6.11,9.31,5.27,93.67,2.77,123.47
25.65,4.45,0.85,17.97,2.57,1,2.04,5.32,7.48,190.75,9.12,196.1
2.36,3.97,2.08,15.91,5.15,3.41,4.21,0.89,0.73,107.32,6.03,113.2
18.28,0.95,3.57,1.48,7.75,8.11,9.36,8.74,6.22,134.75,9.79,172.62
26.27,0.43,2.87,12.21,9.65,9.63,2.48,1.7,8.95,12.81,1.38,86.76
0.21,2.34,0.63,18.85,9.36,5.46,3.46,2.01,5.18,114.01,0.08,133.59
34.15,1.66,6.27,2.09,5.24,4.48,9.58,9.2,0.63,135.45,0.68,150.9
29.68,2.24,7.44,13.21,5.7,5.04,7.96,1.19,6.43,69.18,0.08,130.17
30.5,2.28,3.08,12.05,3.95,8.38,0.09,2.38,2.87,17.51,4,80.59
19.39,1.34,2.52,10.99,7.23,8.54,1.59,1.22,8,186.55,0.63,182.78
19.13,4.05,1,5.97,6.9,1.79,7.82,6.82,5.25,26.13,5.11,101.7
4.74,0.79,3.14,16.78,7.54,0.67,9.11,8.88,8.34,176.61,6.16,192.99
28.98,1.65,4.55,19.82,4.61,6.97,7.03,1.63,6.92,49.35,3.52,120.18
26.76,2.09,9.62,18.57,1.3,2.11,9.75,7.03,1.41,11.28,7.31,91.04
6.12,3.52,2.14,17.12,1.64,9.96,8.74,9.98,3.45,12.02,1.64,82.87
27.09,0.52,2.76,2.36,6.7,1.91,4.04,5.41,3.56,106.54,5.44,121.6
41.48,4.86,4.21,10.04,7.17,6.02,1.16,0.25,2.89,53.7,4.22,111.93
31.04,4.79,5.16,16.68,3.69,5.42,2.03,9.19,8.53,152.23,9.93,193.73
17.59,1.43,7.05,7.25,6.17,8.78,1.08,2.48,1.79,122.46,1.98,139.37
38.1,1.88,7.47,11.64,4,7.41,2.63,1.51,0.05,148.29,3.98,165.08
3.34,2.08,2.87,7.91,0.29,0.79,4.35,0.65,8.97,150.36,1.25,130.33
48.18,1.28,2.82,14.28,3.35,3.57,9.02,2.09,4.02,161.11,6.22,196.58
28.79,1.79,4,12.93,0.57,5.22,7.56,4.41,0.68,157.13,8.56,170.35
44.42,2.53,1.8,7.78,2.4,7.86,6.33,1.33,6.15,41.75,1.18,104.25
23.74,4.91,4.27,12.91,6.32,0.86,8.26,3.8,7.53,144.56,0.27,182.3
43.35,1.3,2.68,11.65,7.9,9.17,5.34,8.51,5.14,50.81,1.67,127.05
46.97,4.91,6.17,16.44,2.64,2.56,4.6,8.22,6.21,177.28,1.86,210.66
27.39,3,5.46,11.21,4.88,4.46,3.54,0.36,7.72,35.36,2.58,98.31
6.36,2.46,6.47,18.78,0.9,5.88,5.06,7.15,8.22,162.98,6.69,168.42
37.83,1.63,9.07,0.44,2.91,5.3,5.81,0.93,8.54,139.13,9.43,151.55
27.67,4.07,1.01,14.44,2.43,5.53,2.81,2.92,0.57,20.47,1.27,81.01
31.56,2.32,3.41,10.31,3.54,6.46,6.25,1.11,0.62,173.37,7.15,172.67
21.99,1.59,0,18.4,9.02,4.63,0.64,8.98,4.07,13.92,3.48,82.55
39.04,1.9,2.56,14.91,2.1,3.57,4.66,0.45,1.02,65.96,7.05,133.85
3.49,0.14,5.67,10.94,9.04,0.03,6.19,5.81,7.84,148.11,2.75,162.79
41.34,4.41,9.42,1.37,3.21,4.94,8.61,5.72,8.62,180.66,9.94,227.65
42.05,0.04,9.77,2.27,5.93,1.5,0.98,1.92,1.84,63.08,5.65,91.84
46.63,1.16,3.27,5.5,9.4,7.52,5.84,4.15,9.48,41.07,8.8,124.01
4.19,0.44,8.94,4.4,6.62,6.28,3.95,7.23,8.26,94.18,0.53,111.16
0.99,4.92,2.88,17.42,6.07,1.99,7.32,2.34,1.52,131.06,2.79,147.74
24.46,4.97,0.39,4.48,7.16,9.44,9.74,8.88,0.41,113.83,3,160.39
27.58,3.34,3.03,8.26,7.37,0.04,8.29,2.42,3.05,78.92,1.98,124.26
10.49,0.16,1.56,14.97,2.14,4.35,9.84,6.98,2.07,82.63,7.75,121.19
4.37,1.22,1.97,19.73,5.62,6.38,6.84,9.16,3.15,191.68,0.46,203.01
38.45,3.12,0.26,2.73,9.77,9.68,2.84,9.98,1.4,177.32,2.96,185.08
24.73,1.9,3.16,7.95,1.99,8.56,0.37,1.82,7.47,176.17,4.74,164.21
45.36,0.67,4.06,3.51,3.89,4.36,5.8,9,0.38,52.03,2.11,111.72
36.3,2.43,2.29,10.43,7.17,0,2.28,4.18,2.17,74.32,7.67,128.83
48.31,2.16,0.21,2.81,8.38,6.97,2.19,3.72,0.32,103.9,1.83,143.43
35.54,1.93,5.21,6.18,9.36,4.28,7.59,3.98,7.68,15.84,7.12,88.49
24.73,2.47,0.69,17.19,4.24,1.38,5.41,0.17,7.8,9.49,2.35,90.63
0.3,2.28,6.26,0.72,6.2,3.07,9.26,7.89,9.86,157.11,4.96,181.13
49.03,0.87,2.18,12.27,0.31,0.8,3.34,1.37,7.56,15.12,2.12,107.82
36.37,4.65,6.9,19.56,4.76,6.22,7.77,8.34,0.87,71.38,7.98,150.25
11.96,3.18,3.12,13.57,7.63,8.91,8.94,9.38,7.19,165.44,5.89,197.9
7.85,1.55,4.74,8.49,8.02,9.56,0.69,8.1,0.62,45.08,3.1,70.32
49.81,3.81,0.93,19.76,3.66,0.44,9.76,5.43,2.76,78.62,3.26,147.15
23.96,3.98,4.58,7.26,4.18,4.74,3.77,1.22,3.05,97.87,4.95,137.79
12.42,2.2,5.21,2.06,4.19,7.34,3.92,7.86,8.99,190.65,2.42,184.63
18.5,4.67,9.12,1.16,0.32,3.58,6.87,5.73,5.71,95.35,4.41,130.52
24.62,0.48,1.42,7.07,3.08,1.21,8.2,2.34,0.66,106.19,1.14,114.17
9.55,1.1,3.81,0.92,1.75,5.55,9.3,9.38,2.83,118,4.66,141.91
14.8,3.69,7.88,12.49,0.72,1.06,2.62,9.98,7.08,10.3,5.56,76.34
22.39,3.34,0.13,6.53,4.94,2.99,8.21,1.95,0.58,34.5,7.64,107.77
3.26,3.25,6.91,0,7.49,9.3,1.79,9.79,4.95,177.87,4.86,185.09
18.69,2.76,6.78,10.5,0.09,5.88,5.27,2.54,2.12,11.52,7.31,64.22
27.2,2.53,0.94,18.51,4.85,1.95,3.86,3.78,3.9,113.3,3.83,156.75
11.32,2.16,5.41,14.24,7.11,8.82,4.83,2.32,0.96,125.43,4.4,137.47
42.19,0.69,6.61,0.07,8.77,1.63,4.76,8.47,3.87,139.02,9.27,191.98
32.89,0.94,2.41,16.3,7.78,2.53,6.11,7.6,1.33,129.29,4.07,161.89
41.79,3.87,6.26,11.46,7.87,7.73,7.46,3.56,1.09,58.62,3.59,140.1
25.03,3.17,3.22,19.22,6.91,8.11,3.1,8.83,2.61,110.33,5.25,169.99
17.38,2.53,7.18,2.43,3.41,6.74,6.41,1.8,5.35,152.45,9.26,151.01
39.3,3.78,0.69,14.31,3.3,1.49,6.26,4.77,5.72,52.75,1.57,124.49
15.42,0.22,2.91,2,5.14,7.06,7.59,2.28,2.25,169.23,5.06,148.08
32.32,3.59,7.19,19.61,2.04,5.56,6.09,5.11,1.86,139.44,2.55,186.21
41.2,0.33,0.83,11.84,8.61,1.89,4.47,4.52,4,106.08,3.48,148.55
34.02,3.67,3.06,3.34,4.75,9.08,9.47,8.69,1.82,182.97,3.49,202.92
34.55,3.82,3.33,8.04,2.55,7.26,7.48,5.31,7.46,74.65,8.46,135.93
15.9,3.18,6.63,9.58,6.11,4.27,1.86,1.57,8.3,174.61,9.01,174.97
11.73,4.32,9.96,16.62,7.29,3.43,9.75,2.72,0.42,114.26,5.01,149.21
29.06,1.61,5.32,9.56,4.28,5.41,9.36,2.74,3.35,10.51,7.34,83.09
20.82,1,7.13,7.7,1.99,8.82,8.81,2,1.84,12.75,4.25,90.34
12.24,2.5,9.71,6.4,5.61,1.58,0.31,7.63,8.43,89.05,2.83,111.51
37.93,2.03,3.42,16.15,9.93,9.27,4.28,8.38,6.35,154.22,9.94,195.84
48.13,3.92,5.32,17.15,3.04,8.82,8.58,4.45,2.71,180.33,2.68,227.88
13.38,1.11,9.25,4.69,0.82,1.5,5.74,4.71,0.03,24.33,5.73,61.45
16.97,4.39,8.24,8.04,5.46,4.29,8.75,2.3,5.47,180.85,7.37,190.57
31.82,4.55,5.33,0.11,1.49,2.03,7.89,2.95,1.16,25.74,8.62,73.72
47.56,2.69,6.44,19.91,8.54,2.18,7.37,3.61,3.77,132.16,7.23,178.13
33.24,4.04,4.18,5.28,6.12,3.43,7.74,6.62,3.19,86.64,2.44,129.4
35.47,1.69,0.71,0.6,0.34,2.05,5.52,1.24,2.05,49.64,5.81,86.19
40.84,4.67,5.88,15.66,2.32,3.01,2.52,6.32,6.27,170.66,1,210.57
14.09,0.82,2.76,14.8,9.84,0.69,1.88,9.95,6.89,154.15,1.17,166.32
8.8,0.74,1.26,7.45,0.57,1.93,4.12,2.44,5.24,66.15,1.27,79.99
49.34,0.99,3.45,2.61,5.07,2.31,4.19,3.83,5.94,11.39,6.59,88.63
46.43,3.46,7.5,16.45,4.81,7.06,9.22,4.34,1.63,65.65,4.21,147.94
38.59,0.57,2.61,14.41,4.78,8.15,8.82,5.2,8.9,173.5,8.87,218.7
13.75,4.23,1.38,4.92,5.35,4.73,2.67,0.22,7.17,114.3,0.69,117.37
2.62,0.82,3.89,5.08,7.84,1.1,3.86,2.51,8.03,193.46,9.55,169.15
23.5,0.71,4.72,16.29,1.37,4.36,1.38,9.82,5.05,175.29,2.45,187.81
24.83,1.75,0.39,10.86,4.61,3.9,7.51,8.48,2,10.88,1.39,72.33
22.27,3.6,3.32,3.34,1.94,6.65,5.58,1.39,1.8,163.58,2.57,149.27
41.41,2.44,1.18,4.77,3.56,2.99,7.28,9.09,6.2,25.51,6,96.29
11.33,2.15,1.96,3.23,2.78,8.14,9.52,7.11,6.32,69.88,7.73,99.59
31.53,0.02,0.95,13.09,8.98,1.46,6.7,3.53,6.85,93.07,9.97,131.3
9.51,0.47,8.43,7.27,6.66,1.31,0.23,4.34,5.13,132.88,6.24,125.26
11.75,4.3,7.45,3.03,9.14,9.22,2.86,7.76,1.9,127.8,0.51,126.58
49.14,1.01,0.34,10.54,8.46,9.53,8.6,1.49,6.92,54.11,6.95,124.89
36.7,1.5,0.69,8.25,6.9,9.24,2,5.22,5.88,76.82,5.04,122.87
10.94,4.73,9.03,6.63,1.11,1.8,0.02,0.23,9.85,177.18,3.34,166.12
41.13,3.68,3.16,19.31,5.47,5.18,5.93,5.82,6.14,56.94,0.94,147.53
49.31,0.3,3.57,13.62,2.84,7.76,7.77,8.5,3.29,148.17,3.1,198.34
12.03,1.28,4.12,18.05,5.62,2.17,5.05,4.87,3.28,198.29,4.27,192.65
15.22,3.65,2.51,18.77,5.66,7.21,1.33,8.34,7,80.91,5.77,148.45
37.71,3.37,4.48,0.32,0.4,5.09,1,4.35,5.49,101.41,4.21,121.76
8.14,1.8,2.5,9.75,6.26,5.94,3.5,8.92,5.46,19.89,7.85,103.81
41.69,0.75,3.48,7.19,6.4,3.42,0.61,8.6,0.39,161.96,3.05,167.78
30.44,0.8,7.89,19.88,3.37,1.67,0.53,4.57,9.85,113.42,9.96,165.69
11.78,2.16,3.84,16.47,1.34,2.71,8.24,3.8,2.66,155.3,3.7,166.42
42.29,1.32,4.77,1.75,6.15,9.59,6.79,8.58,1.15,173.73,8.85,180.77
39.63,3.24,1.22,2.92,8.73,3.22,7.79,2.5,9.42,170.24,5.39,180.16
5.69,3.84,9.2,15.14,0.35,9.8,4.12,3.46,2.42,45.79,8.28,98.1
49.12,2.57,6.29,5.45,0.36,2.03,5.95,8.39,3.11,13.85,7.53,110.89
44.57,4.2,6.77,12.16,0.75,8.96,7.61,5.15,3.56,55.67,5.14,135.58
49.64,4.21,2.65,7.09,7.74,2.29,9.32,9.5,7.94,82.26,3.97,164.53
47.67,4.2,1.28,11.06,3.71,0.75,5.86,3.55,7.8,169.71,0.3,188.41
13.13,0.04,6.86,16.51,2.15,3.1,5.18,8.03,4.97,19.8,5.28,85.15
41.08,3.61,8.31,19.9,5.06,2.1,7.88,2.04,3.67,85.63,1.39,146.85
44.96,2.45,7.58,6.95,0.89,3.01,5.8,3.53,3.4,175.43,1.28,185.65
34.62,0.71,4.9,19.66,0.95,9.2,7.47,0.92,1.41,48.86,4.24,98.73
3.9,4.97,6.48,5.98,3.03,6.62,3.91,6.33,7.94,151.62,9.89,180.38
44.64,4.99,0.27,15.57,0.55,6.26,5.1,2.82,7.08,17.43,1.46,107.7
9.07,0.87,5.05,2.69,4.35,1.67,3.08,1.02,9.25,17.75,1.98,68.84
19.26,1.56,3.14,19.07,0.12,9.59,0.87,9.59,8.59,187.93,0.16,204.78
45.43,0.08,7.77,2.79,9.98,1.55,3.28,8.6,2.93,80.92,1.15,112.48
10.99,3.85,8.81,12.25,0.1,3.39,4.56,0.32,2.1,110.37,9.51,129.63
30.39,2.79,4.19,6.57,1.48,1.81,9.07,6.53,2.34,21.04,2.58,85.01
42.37,0.45,2.07,9.7,6.07,1.11,4.81,0.77,6.32,62.32,2.59,91.63
19.75,1.38,6.98,14.74,3.22,9.52,0.89,0.78,2.78,67.57,5.31,109.2
34.96,2.22,0.06,16.01,9.52,3.92,6.83,1.66,1.32,170.07,8.62,193.95
11.81,0.26,5.33,6.44,5.7,3.91,5.23,6.14,1.41,73.35,0.68,89.93
7.55,4.46,7.16,19.71,5.4,5.9,4.49,4.02,5.51,36.57,1.43,103.7
13.93,0.63,1.48,0.83,5.55,4.28,7.12,3.47,8.74,147.7,5.58,130.44
23.74,0.69,5.37,18.16,0.31,3.37,0.93,9.21,3.19,174.47,9.74,178.95
22.06,2.78,3.06,13.24,0.81,6.62,3.7,1.53,9.9,127.81,3.58,140.76
28.43,1.42,8.63,12.31,5.19,9.5,1.49,1.8,7.08,153.42,4.23,199.31
38.56,0.56,1.27,7.87,6.54,5.73,8.68,1.56,1.43,85.99,4.83,129.49
27.03,1.8,6.01,18.9,8.93,4.61,2.93,0.37,5.49,110.41,1.66,142.09
46.21,3.09,8.48,1.34,6.19,1.21,7.67,0.98,8.12,50.06,7.36,124.83
17.08,0.71,0.64,1.84,8.94,9.91,0.19,5.4,8.72,23.41,3.03,89.85
16.32,2.21,2.8,13.54,0.62,2.5,6.39,3.66,3.06,21.81,3.53,78.38
47.95,0.02,5.39,3.97,2.16,8.85,0.74,9.45,1.07,169.93,6.98,182.86
19.77,4.63,6.29,18.17,8.07,8.86,6.94,4.09,9.08,60.42,1.68,129.76
9.06,4.72,2.36,17.13,4.4,4.54,7.72,2.89,2.2,76.06,7.13,108.84
11.42,3.76,7.7,12.57,4.69,3.11,3.24,9.06,7.18,38.07,8.46,107.12
40.54,1,4.56,13.35,2.95,8.84,6.76,9.27,3.55,25.85,2.36,109.77
1.98,1.83,8.71,18.25,4.72,9.93,6.42,5.07,2.79,152.62,8.68,182.15
23.92,0.71,4.19,5.15,7.65,9.6,9.53,1.98,0.09,4.47,5.96,64.3
24.45,2.77,7.77,13.81,3.77,8.59,0.11,7.65,0.79,101.6,8.05,135.75
1.88,2.81,2.94,16.23,5.24,9.61,7.43,9.78,6.83,77.58,6.11,135.75
19.64,4.97,1.95,18.6,4.01,1.35,7.46,6.34,2.62,47.58,5.09,125.38
1.18,4.08,4.35,1.38,2.83,4.6,8.64,9.6,8.57,152.25,3.82,160.32
5.82,1.22,0.83,10.04,3.81,0.55,6.57,5.5,7.93,62.92,0.96,100.83
34.95,4.98,4.71,10.53,8.72,2.3,9.86,7.88,7.18,6.33,7.85,142.56
24.98,4.99,1.36,14.01,1.04,3.52,4.62,0.99,9.47,157.29,5.26,168.16
34.46,1.92,3.57,0.05,9.54,5.05,9.36,2.28,2.25,42.13,6.1,110.4
16.11,2.05,6.06,0.06,1.81,0.39,0.37,7.8,3.98,118.68,7.43,135.75
9.94,0.81,5.19,9.85,5.42,3.55,6.41,4.91,4.33,108.53,8.99,126.99
12.81,3.07,3.42,12.07,2.37,1.22,3.78,9.74,6.42,147.79,2.45,168.23
40.58,3.5,0.63,10.72,1.58,6.15,6.45,4.24,5.64,14.18,5.51,123.39
38.44,1.41,4.65,14.91,8.57,7.85,5.88,9.81,7.66,62.58,9.01,141.98
46.08,2.95,3.45,7.37,6.57,1.47,1.24,9.11,6.29,161.31,9.95,211.87
35.71,3.33,8.23,9.36,9.62,6.9,2.39,4.79,4.88,142.94,7.8,172.17
17.06,3.53,0.14,0.64,6.72,5.39,3.77,3.14,9.27,121.19,7.39,140.89
18.55,3.29,1.95,19.48,9.42,1.81,1.93,9.53,1.82,146.22,9.24,185.32
45.57,0.89,7.84,16.41,3.88,1.54,3.76,2.83,4.21,39.39,5.41,93.61
46.09,3.1,2.64,9.58,1.28,8.86,2.74,6.8,0.11,186.09,2.17,198.25
26.71,2.08,8.83,4.61,0.27,7.65,8.19,7.67,9.55,105.75,0.44,152.01
3.69,4.44,6.26,6.27,0.78,3.26,1.83,8.48,7.16,0.87,6.26,64.1
17.76,1.08,3.75,16.75,6.56,4.65,9.44,4.08,7.64,107.65,0.23,154.31
47.53,3.47,8.57,11.89,4.62,5.6,1.18,3.21,8.45,74.52,6.86,141.66
11.25,2.25,4.74,17.61,2.15,6.79,4.21,5.17,8,56.54,6.15,118.71
31.37,3.38,1.86,2.17,0.02,7.16,1.59,1.36,3.59,2.33,0.51,57.56
23.18,1.79,4.96,18.46,5.84,3.65,5.06,2.81,3.32,63.99,7.77,114.77
25.31,1.57,1.08,9.6,0.53,4.93,2.1,8.76,4.74,118.08,4.03,133.68
28.34,2.43,5.81,19.61,5.29,5.95,2.6,9.86,1.85,60.01,6.6,136.55
20.98,1.59,6.74,6.89,2.64,2.29,8.89,7.7,6.99,40.5,4.6,107.84
3.25,4.06,6.05,6.6,7.44,3.81,8.69,1.78,9.39,188.3,2.04,183.5
7.72,3.84,5.42,0.7,9.64,8.04,7.95,7.24,5.24,120.05,1.66,133.25
36.53,1.93,4.92,16.49,2.41,6.55,1.23,8.55,5.04,184.75,2.22,204.74
49.97,1.73,1.65,4.21,3.61,1.65,1.38,8.91,3.4,93.4,6.69,130.04
28.27,3.32,3.28,16.78,8.81,1.48,3.35,4.43,6.56,70.16,8.61,126.87
26.03,1.63,5.51,13.55,3.29,6.92,7.88,2.64,5.92,164.29,5.99,184.53
23.48,2.84,0.5,19.46,5.06,5.29,1.28,3.69,4.1,2.57,6.65,69.73
41.69,4.74,6.14,9.14,2.18,2.97,8.49,2.66,3.12,117.87,0.94,157.04
35.5,0.6,8.1,10.68,3.68,9.73,9.83,7.19,5.5,70.9,9.58,150.91
34.33,0.59,1.2,9.69,7.43,0.25,1.56,3.4,6.72,13.34,4.29,72.25
28.2,1.18,3.55,6.52,5.39,3.19,4.87,6.35,1.46,122.75,2.83,139.35
45.67,4.07,4.03,11.63,6.55,0.06,8.33,6.55,0.58,78.53,5.16,153.77
0.17,2.04,4.05,12.8,1.08,9.6,1.58,7.59,6.88,104,3.75,113.71
2.3,4.16,4.52,0.6,5.35,8.64,9.89,1.09,9.21,128.12,1.43,136.01
31.86,3.64,0.48,5.81,0.71,4.48,2.41,9.69,3.48,171.19,9.46,183.89
48.65,3.16,4.35,17.34,1.21,4.15,5.13,5.76,3.41,22.22,1.71,112.44
37.93,2.24,6.26,14.8,5.5,0.4,8.19,1.55,8.2,144.46,8.47,184.97
38.7,4.39,5.08,4.28,9.13,0.11,7.97,6.52,7.82,160.12,6.46,202.7
5.15,2.29,3.45,10.53,4.06,6.64,1.92,5.82,0.49,129.21,1.71,125.97
48.88,3.85,0.42,4.6,4.38,0.52,8.64,8.15,0.91,49.86,2.65,128.52
2.94,4.37,9.68,0.27,9.1,4.13,4.59,5.2,8.11,73.59,5.13,117.4
20.52,3.05,8.16,10.58,8.73,7.22,8.65,8.96,9.06,145.64,1.61,184.73
7.09,2.12,6.93,19.98,6.17,0,9.31,0.64,4.33,74.86,7.03,106.74
4.09,1.07,8.61,14.6,7.1,6.55,9.15,9.03,0.63,153.7,0.77,154.27
10.81,2.14,5.22,3.68,9.76,2.74,5.29,6.86,9.2,85.9,0.67,124.71
41.82,3.24,7.17,18.37,9.28,4.81,1.16,7.66,8.24,104.98,2.79,178.79
48.63,2.51,3.26,7.71,7.26,2.8,1.62,4.86,0.25,160.95,3.56,180.58
45.99,4.35,1.12,13.13,9.31,6.18,9.59,0.12,6.49,162.48,1.39,214.64
42.75,2.84,5.05,18.75,2.81,6.36,5.44,5.31,7.45,141.58,3.94,193.63
8.93,2.94,0.1,16.76,5.18,5.96,2.34,1.86,4.39,84.37,7.05,116.44
19.58,1.33,8.98,1.91,1.64,4.02,6,5.27,4.46,81.19,8.02,109.69
21.87,3.07,8.44,16.53,1.24,5.61,2.8,0.48,0.73,151.23,1.63,142.39
6.86,4.44,8.26,5.32,5.19,7.31,9.5,9.57,2.47,88.7,0.77,138.85
47.84,0.4,5.34,4.03,5.01,9.96,0.79,2.46,7.45,101.88,6.69,157.68
23.7,3.45,4.59,17.91,4.02,4.25,6.33,0.62,0.3,121.1,0.51,130.02
33.12,3.36,0.21,18.31,0.78,1.73,6.84,9.74,0.22,74.26,3.12,136.62
25.14,4.3,1.36,8.83,6.03,2.56,8.19,6.39,9.09,97.87,9.4,135.33
31.06,0.23,4.31,9.97,9.81,3.11,7.54,1.48,6.66,113.43,9.97,141.37
7.92,1.43,4.43,16.53,4.44,4.45,4.35,4.49,4.87,61.92,4.72,96.17
2.95,0.99,3.92,18.44,2.23,9.48,2.67,4.54,7.25,116.01,2.57,137.81
21.23,1.87,5.65,4.54,1.91,7.85,5.42,5.7,6.44,62.75,9.92,110.89
2.66,0.73,7.11,11.44,2.62,4.82,8.23,9.08,8.38,182.79,0.66,171.77
16.24,0.26,0.22,7.06,0.91,8.09,0.99,8.56,1.37,120.5,6.55,118.78
10.7,4.73,6.31,4.4,9.72,7.45,5.58,3.89,5.59,69.25,2.35,99.1
48.69,1.22,8.21,10.56,9.19,3.72,5.93,0.71,0.47,62.91,9.93,115.7
42.75,2.78,0.39,12,2.31,7.84,6.19,4.84,2.25,182.47,5.4,176.79
26.96,1.91,3.3,11.1,2.71,7.91,1.52,6.95,3.29,37.42,4.86,115.54
41.77,2.82,0.51,8.07,0.92,9.07,2.49,7.21,6.5,117.92,6.25,167.14
3.87,0.4,9.06,7.1,6.54,4.77,1.07,7.61,1.68,188.6,3.91,159.1
15.68,0.16,7.79,8.24,5.59,5.52,2.65,8.92,4.48,178.74,7.14,187.92
23.82,2.87,7.01,1.64,2.12,6.02,8.34,6.91,1.75,41.32,8.28,83.05
36.01,4.07,7.12,5.07,9.01,8.75,0.08,8.53,6.63,12.19,3.58,98.62
18.77,0.75,6.13,6.71,0.19,9.48,4,8.37,8.02,133.5,1.2,151.02
27.08,4.66,7.54,11.21,4.59,5.19,9.56,0.19,0.26,19.94,4.19,88.27
13.54,4.18,4.05,16.84,9.14,1.42,7.14,8.53,2.63,72.3,0.32,113.6
12.41,3.17,2.5,1.33,8.92,3.05,9.88,5.52,0.95,143.33,5.04,139.5
37.22,1.45,4.58,10.53,7.25,4.6,3.22,6.29,8.55,191.35,4.44,195.92
1.12,2.92,5.3,5.83,3.22,8.36,1.22,6.44,2.05,20.22,7.58,47.44
47.08,1.83,2.35,2.29,5.36,6.46,6.48,6.9,4.95,57.9,4.88,133.93
37.69,1.25,9.55,19.99,1.18,5.08,8.66,2.08,0.3,169.18,3.37,198.72
22.52,4.3,3.57,18.99,9.68,1.97,8.88,1.12,4.32,181.84,4.27,211.87
42.87,0.33,4.85,2.58,7.72,3.37,8.88,4.09,1.68,190.66,0.28,206.65
1.68,2.94,6.59,10.58,8.91,6.8,0.6,8.87,2.22,2.02,7.57,68.62
6.99,1.72,9.23,4.62,7.24,4.72,8.84,5.98,1.75,144.07,3.62,132.83
27.8,2.18,5.46,2.02,2.64,4.32,9.21,1.25,6.67,131.65,4.7,150.27
1.46,2.78,5.34,1.22,3.71,4.6,1.94,8.43,4.79,33.13,0.36,66.35
21.51,0.52,8.07,9.68,8.57,2.23,9.59,1.18,7.03,87.47,3.77,123.86
33.32,2.85,3.66,11.55,7.43,5.28,3.01,7.94,6.35,90.13,4.25,135.83
43.72,2.71,4.98,5.23,9.52,4.14,2.69,5.11,8.2,125.9,9.73,168.93
24.66,2.03,8.11,11.24,3.08,9.09,2.36,7.67,2.67,199.42,1.87,211.87
14.14,2.8,5.83,14.09,9.9,6,6.83,0.2,7.78,155.71,2.31,172.01
32.82,3.86,3.54,14.83,2.53,1.95,8.1,0.74,1.69,84.94,5.22,140.66
29.95,2.04,9.63,14.33,1.27,1.44,5.35,4.35,7.75,91.91,4.87,144.17
23.14,4.4,6.02,0.27,9.62,7.73,0.29,0.76,6.16,121.42,5.85,127.2
11.69,2.42,3.47,18.17,2.18,5.7,4.52,6.9,1.92,168.23,0.1,167.64
40.54,0.53,8.17,16.3,3.86,7.94,5.72,8.17,8.11,119.84,3.05,170.01
21.87,3.19,4.96,2.48,6.4,8.4,9.96,8.02,2.21,48.88,5.59,107.44
46.43,3.64,7.03,11.58,6.33,4.97,0.83,2.25,8.83,41.25,1.02,109.37
42.76,2.01,9.8,1.82,2.87,3.49,1.08,7.09,0.57,148.53,3.77,155.83
19.02,0.59,9.84,15.82,4.95,7.51,2.41,2.18,0.31,29.92,8.04,68.28
40.67,3.87,5.77,3.98,2.21,1.69,6.2,3.84,7.6,98.86,5.61,134.96
18.97,2.47,2.77,7.06,5.28,9.38,4.28,6.72,6.51,128.84,7.08,147.95
23.35,4.78,8.66,18.67,1.06,6.05,8.62,1.64,8.23,173.02,7.57,197.22
36.29,2.43,8.16,0.99,2.34,5.75,6.73,2.12,0.77,199.73,8.35,186.33
45.7,3.19,5.46,6.73,5.65,2.91,1.24,1.55,0.89,177.82,7.2,195.44
35.99,4.14,3.39,13.32,9.97,1.89,5.67,7.56,3.31,185.06,6.5,226.01
0.73,2.47,5.6,19.88,3.04,1.44,1.15,3.63,9.89,31.01,6.23,87.16
42.08,0.07,9.43,13.07,5.79,2.25,3.53,8.63,2.62,190.41,7.76,210.3
22.28,1.13,6.29,8.41,4.64,9.26,3.57,6.28,8.01,180.02,8.37,196.62
20.76,2.5,3.74,0.6,3.14,3.13,5.5,6.06,5.06,14.34,8.27,65.2
42.49,3.12,9.04,10.96,8.21,0.46,8.12,5.22,7.09,117.8,7.7,169.98
43.14,3.28,5.23,2.12,0.31,5.49,9.37,2.97,7.64,62.52,5.12,116
39.96,2.06,2.05,1.6,1.61,2.05,7.5,9.18,3.97,199.85,6.66,215.9
25.01,1.74,1.14,10.1,6.37,5.14,2.02,5.51,5.51,195.84,0.55,179.92
16.01,0.06,7.25,2.08,3.65,3.91,9,2.14,8.98,26.53,5.24,88.55
17.84,1.13,3.85,15.98,6.74,9.86,0.96,3,8.68,30.44,2.9,95.18
37.15,2.98,0.62,5.01,7.06,4.09,1.11,3.53,3.29,55.36,3.26,112.62
19.62,1.29,6.83,15.6,6.87,9.04,3.33,0.11,5.75,182.76,8.56,185.14
3.24,0.62,4.8,11.73,5.31,3.73,6.62,4.12,0.09,99.19,0.3,119.64
37.28,3.06,6.77,2.15,0.59,0.85,1.61,6.49,0.21,147.4,5.18,168.42
9.1,3.91,2.78,5.65,8.21,9.24,3.11,1.36,5.11,169.29,1.85,166.31
25.72,1.66,1.1,1.48,1.22,0.72,5.51,8.95,4.73,22.35,8.33,86.85
1.24,1.47,9.33,10.26,3.55,3.57,0.23,5.23,4.54,175.02,8.95,162.52
1.34,4.29,4.48,11.23,4.15,5.15,5.3,9.83,6.45,85.98,8.65,133.93
11.81,1.79,8.45,5.19,6.3,6.44,9.74,1.51,6.43,46.99,1.48,92.5
14.4,4.17,9.15,8.97,0.39,0.35,7.6,5.72,8.33,30.04,6.35,95.16
46.76,3.63,7.09,9.22,8.16,6.15,2.4,1.39,5.33,124.81,3.52,168.08
27.9,4.93,1.56,3.63,4.75,3.77,3.26,5.12,3.61,156.55,9.4,170.06
5.83,2.84,8.31,19.75,3.18,2.66,2.43,6.11,5.59,113.33,5.82,164.2
19.12,4.96,9.51,18.7,2.51,6.79,3.15,0.3,9.78,68.91,9.24,124.51
13.23,4.67,2.6,12.27,4.45,5.43,9.66,5.32,8.29,65.75,8.91,133.5
47.06,3.24,8.58,11.79,9.69,0.01,4.62,7.8,5.87,150.75,1.31,192.8
14.36,2.41,7.55,5.96,5.79,3.16,2.23,0.88,4.62,45.86,3.82,65.81
45.3,3.22,1.91,19.04,8.42,0.38,2.09,7.51,9.55,65.74,3.18,159.05
7.23,0.64,0.72,16.06,4.14,1.5,7.69,0.65,2.93,4.14,8.96,75.26
41.98,3.19,4.24,5.73,1.81,8.81,5.37,7.42,9.9,121.19,4.78,181.45
29.06,0.2,3.24,8.68,6.89,6.03,3.47,0.66,0.29,180.6,6.09,172.92
42.36,0.26,7.47,5.57,5.81,2.38,1.75,1.25,9.35,111.05,6.95,148.71
31.13,1.73,2.33,11.21,4.47,7.91,1.75,3.63,9,46.11,6.99,96.69
20.06,3.77,5.65,1.1,9.71,6.33,3.53,8.75,6.27,91.34,2.09,126.87
31.37,0.97,3.78,10.36,9.09,3.35,7.22,9.08,6.19,79.17,2.2,149.91
20.07,1.1,9.16,4.37,5.39,2.44,9.51,2.63,1.15,120.03,1.74,138.7
11.56,3.75,5.47,11.33,9.25,5.98,1.18,2.95,3.41,65.15,5.61,100.42
7.74,2.7,6.93,7.36,8.34,7.53,1.83,5.32,6.82,90.09,5.85,110.05
16.86,4.72,6.66,14.36,1.86,7.28,2.86,5.06,6.39,131.5,6.76,168.73
26.27,3.4,9.71,17.85,5.6,6.75,6.39,6.52,2.36,69.11,1.78,131.61
6.71,1.36,6.57,12.44,8.49,1.56,8.22,5.52,8.64,111.88,6.55,150.33
6.43,1.51,8.79,5.85,8.24,6.92,0.84,2.09,0.86,121.93,4.72,123.48
12.65,3.62,5.46,14.67,8.55,0.46,6.91,6.27,9.42,161.55,5.76,181.63
25.18,4.95,9.68,19.08,1.78,9,4.09,1.98,8.16,25.28,4.4,117.06
48.29,2.87,3.4,10.07,2.66,8.79,1.14,0.98,6.15,65.55,7.3,115.9
9.04,3.42,2,9.38,5.82,8.7,1.98,8.88,1.21,57.29,9.76,102.24
5.78,3.22,7.99,15.81,0.29,3.55,2.55,7.05,6.51,16.11,6.35,82.4
7.66,4.37,3.94,8.94,1.97,8.57,6.03,5.69,0.39,81.72,7.65,109.88
34.73,1.41,1.74,15.55,4.17,4.24,1.57,2.65,4.55,14.07,8,74.41
38.64,2.23,7.67,11.62,2.75,8.67,2.79,0.82,3.84,65.39,7.26,116.89
3.41,3.99,8.93,6.81,0.73,2.3,7.26,6.11,2.47,26.91,5.12,61.58
28.55,1.37,8.8,14.71,0.77,8,4.81,4.22,4.31,20.47,4,82.11
24.29,4.66,5.04,17.56,5.83,3.78,4.3,8.01,6.93,16.57,9.99,118.12
20.67,3.92,3.04,8.9,4.67,2.88,1.65,8.07,2.69,74.55,6.27,117.45
36.76,1.68,4.44,6.63,6.95,8.55,6.74,6.77,5.37,157.14,2.05,206.19
8.08,1.64,6.79,15.89,4.18,5.26,0.33,5.46,9.86,152.73,0.66,176.33
47.1,2.12,7.35,5.09,1.22,0.5,7.74,6.11,1.84,26.31,2.48,93.55
47.63,2.07,6.92,13.63,6.69,1.75,0.19,9,6.72,53.91,4.15,130.44
36.22,1.67,8.34,12.69,9.77,1.29,7.58,9.26,2.73,151.65,8.85,193.94
2.51,0.77,9.9,6.37,3.73,2.84,9.26,8.79,2.39,166.06,1.34,156.17
3.02,4.57,4.69,18.01,1.23,1.74,2.23,9.69,7.78,16.13,8.87,97.15
30.49,4.03,8.56,3,5.43,9.06,6.4,0.37,1.33,138.29,3.81,158.55
23.81,0.55,5.83,12.86,8.33,9.48,6.07,2.86,3.84,182.92,5.78,188.46
34.87,2.62,2.61,12.44,9.84,1.91,5.93,2.65,3.73,167.28,5.85,181.05
47.65,0.81,5.74,4.95,4.36,7.41,8.64,9.52,5.94,151.34,2.84,201.6
4.86,1.23,9.65,14.11,5.83,2.03,2.24,5.97,2.04,194.08,7.21,188.7
44.99,4.15,2.72,1.63,6.49,1.73,3.96,8.4,5.86,92.71,5.66,143.07
9.72,0.41,0.59,16.66,3.36,1.24,7.68,1.35,8.49,61.88,2.57,101.27
26.51,1.96,3.96,14.29,2.05,2.95,8.97,7.65,2.06,153.46,2.68,185.23
48.43,4.97,8.74,17.39,6.68,0.64,9.31,9.07,6.2,94.25,7.16,182.41
49.03,0.7,0.57,10.97,1.97,3.93,9.07,0.19,3.03,47.12,6.42,119.94
14.54,4.63,0.58,13.69,4.45,4.56,4.08,1.87,6.23,125.16,0.18,139.29
39.02,4.2,4.08,11.53,4.82,2.68,0.8,5.59,7.42,164.44,2,187.1
2.12,0.03,9.22,3.2,2.03,2.76,6.47,4.61,9.53,43.99,8.11,94.96
39.76,1.97,9.74,1.81,0.98,8.13,7.17,0.91,9.18,147.85,0.97,185.76
31.82,1.99,6.99,17.9,1.24,7.31,1.49,0.6,4.5,127.56,2.54,148.64
12.86,1.71,4.42,11.68,1.7,4.1,7.44,5.39,5.13,34.41,2.85,79.4
5.6,2.69,3.66,13.06,2.12,4.44,0.56,1.4,5.57,86.08,3.86,87.39
2.29,1.08,1.48,2.66,8.84,0.9,0.35,6.73,9.39,33.37,9.08,68.02
23.61,3.98,7.48,18.6,2.65,2.91,5.18,6.18,6.87,174.22,3.17,203.92
19.35,0.63,5.83,6.91,2.9,0.55,8.31,5.52,8.05,20.31,7.54,89.31
25.06,2.74,7.29,15.71,3.17,5.11,6.41,7.22,7.91,95.35,3.73,172.27
33.28,4.42,4.1,9.8,7.18,1.13,7.49,9.96,7.42,192.05,2.54,236.16
35,4.83,9.25,3.69,2.44,3.81,6.35,1.66,8.38,94.61,9.42,140.4
6.15,0.59,9.64,17.86,8.28,6.66,4.49,5.15,4.25,57.86,6.69,108.06
24.02,4.77,7.2,1.46,8.8,1.02,4.21,0.72,0.74,6.58,3.43,65.81
40.52,0.08,7.19,1.4,3.17,7.32,4.41,8.67,3.37,154.89,9.58,181.49
19.16,3.42,5.73,10.89,5.28,6.76,9.51,4.52,5.75,136.58,8.57,176.1
23.49,1.21,0.52,8.59,0.7,9.87,5.63,6.43,2.48,138.82,9.73,184.07
21.64,0.7,5.76,13.68,4.34,5.42,5.97,9.74,0.71,83.33,3.41,135.4
23.05,0.44,5.81,18.34,7.47,3.64,6.68,4.83,6.29,136.02,9.96,180.35
20.56,2.32,5.4,17.76,8.56,7.13,7.61,9.28,9.31,101.82,3.89,177.3
26.13,3.82,5.74,10.19,8.06,4.65,2.53,8.26,1.73,31.62,0.71,92.46
13.5,0.34,7.12,15.81,5.96,0.88,5.01,0.11,6.99,171.61,0.47,176.41
44.25,2.39,4.2,12.33,2.28,4.76,9.28,5.79,4.68,39.34,9.27,143.66
5.52,3.32,8.93,15.23,4.52,1.94,1.11,1.33,8.45,114.63,6.51,131.89
4.71,3.9,6.98,11.99,7.68,2.94,8.29,7.39,6.44,121.4,6.03,162.53
3.32,1.08,4.22,17.72,1.72,4.97,2.92,5.42,8.74,77.51,5.1,101.07
14.98,4.05,4.94,9.85,8.36,6.17,2.48,7.45,4.02,18.38,9.38,97.61
8.41,4.06,2.09,13.76,4.48,0.63,5.36,1.62,4.32,28.56,7.96,73.72
28.73,2.91,7.06,11.4,1.17,5.83,1.28,4.38,2.65,8.62,8.53,84.66
47.11,3.16,5.52,4.37,1.36,7.84,1.64,8.81,8.78,14.55,3.14,102.45
0.63,3.89,2.73,0.79,1.66,7.01,8.76,1.05,9.24,19.02,5.75,58.65
14.08,1.36,7.06,16.48,8.6,2,9.67,9.28,5.43,83.45,2.41,142.5
44.53,3.45,5.06,1.6,5.01,1.16,7.15,7.92,6.04,84.83,5.59,138.58
46.22,3.58,9.48,5.08,1.19,8.11,7.71,6.04,9.05,99.36,2.01,182.57
14.61,2.19,1.84,8.72,7.14,6.75,4.66,5.64,8.68,151.3,6.56,161.81
25.22,1.51,9.08,11.96,2.06,1.92,7.44,7.1,5.76,55.92,7.43,116.2
31.86,4.69,7.29,19.75,0.38,7,1.24,8.04,8.1,147.9,1.78,189.15
18.18,1.15,1.9,19.16,3.12,9.73,8.91,3.45,0.04,183.99,8.06,193.72
11.86,2.24,5.57,19.61,0.43,7.96,8.43,7.29,0.86,168.78,8.6,204.51
17.61,0.35,0.93,2.71,6.52,2.28,9.97,5.36,8.67,161.62,9.15,181.57
40.64,2.62,5.5,19.98,7.95,5.59,2.18,6.62,7.98,22.26,0.3,126.91
48.05,3.2,4.16,9.18,7.08,0.94,4.18,9.27,7.39,48.58,0.23,127.13
44.67,4.86,8.27,1.92,1.8,7.42,8.82,5.19,1.05,117.42,7.75,175.83
23.23,3.82,7.79,15.91,8.81,7.8,5.96,6.42,9.86,93.53,7.97,164.97
5.88,1.18,6.32,17.34,8.78,9.45,2.74,6.59,8.55,168.62,1.86,179.23
3.35,2.03,1.2,9.82,4.81,0.88,1.92,8.35,6.68,73.8,1.65,97.25
17.98,1.94,2.57,8.41,6.89,3.64,0,2.93,1.43,90.48,6.4,100.99
24.08,0.52,0.97,10.18,7.77,0.84,5.32,2.06,0.43,185.59,9.71,177.63
1.18,4.64,0.75,14.3,7.41,6.81,9.15,8.36,3.71,19.5,7.17,92.42
45.78,0.4,2.07,3.09,2.73,9.17,6.54,0.25,3.51,20.69,0.7,81.3
31.31,4.34,9.29,10.75,0.28,1.49,2.28,0.22,1.59,146.79,2.28,167.15
4.46,4.26,0.09,3.79,4.36,2.67,6.65,6.36,0.17,196.33,3.88,184.12
11.53,2.77,7.62,7.15,4.16,7.46,6.81,1.02,8.79,125.05,5.83,148.74
15.26,3.1,5.63,19.41,2.43,7.99,8.12,0.54,9.75,172.06,1.51,188.83
48.66,3.56,8.05,8.48,4.67,0.23,9.97,8.71,7.7,40.08,3.91,136.24
35.55,1.76,8.17,4.98,4.49,9.56,4.3,9.35,2.4,173.33,0.77,181.13
6.52,1.6,6.09,12.32,2.07,2.52,0.9,9.97,0.49,136.86,3.59,151.06
45.39,1.44,4.65,1.15,7.92,1.08,5.26,8.78,7.76,166.08,0.14,182.03
5.94,3.81,2.94,7.93,9.84,1.34,5.24,6.84,2.09,121.39,6.87,130.74
31.75,2.54,0.6,4.85,5.63,5.75,2.12,0.87,0.31,169.86,8.03,157.19
4.09,0.21,3.3,7.84,6.71,4.6,1.91,9.79,7.31,144.28,7.19,141.53
21.32,3.8,2.95,14.58,3.08,6.71,9.56,2.58,9.32,8.69,2.82,91.62
40.93,2.81,5.05,18.17,4.27,6.38,3.75,1.4,4.3,139.14,3.06,191.17
29.32,3.78,3.67,2.28,5.91,7.58,3.51,4.14,3.47,94.19,4.42,145.05
37.14,2.21,5.29,3.82,1.8,4.31,7.2,0.62,0.75,139.09,2.36,144.79
2.93,0.29,8.81,15.48,7.82,4.08,9.34,0.64,2.39,54.59,6.51,102.7
33.75,2.85,3.31,1.41,7.38,7.1,5.07,0.88,6.62,40,9.2,104.41
2.31,2.29,9.47,2.99,9.8,3.74,3.01,0.01,0.02,45.56,0.58,63.72
34.87,3.48,7.95,7.88,2.4,2.98,5.09,2.46,1.16,86.42,4.75,122.57
21.21,2.86,7.97,0.97,2.6,0,7.18,8.8,4.33,176.2,7.49,187.53
6.8,4.63,0.26,15.37,0.4,6.82,1.5,6.73,6.92,7.04,6.05,68.93
25.76,0.69,6.12,12,9.34,1.35,8.09,0.18,2.14,48.59,1.05,93.86
2.91,2.33,8.04,4.02,3.32,6.72,3,7.38,1.61,42.87,9.47,73.07
43.29,1.79,2.5,0.64,6.77,0.11,5.97,5.37,8.4,154.76,0.04,178.18
0.77,3.33,8.54,3.97,5.23,8.17,9.68,1.65,8.1,145.65,5.22,161.29
26.77,3.29,7.09,2.71,2.02,6.5,1.73,2.17,1.98,144.75,8.76,147.3
22.98,3.56,6.12,12.23,7.65,3.53,9.48,1.69,4.75,85.6,2.55,132.02
10.5,2.14,1.29,2.92,6.96,3.03,0.89,3.11,4.35,61.28,0.44,74.42
47.18,3.42,2.83,8.31,1.99,0.92,2.88,1.93,7.29,102.88,4.62,154.58
13.37,4.93,0.25,6.9,3.27,3.69,4.92,7.6,1.6,59.9,8.79,85.73
13.48,4.44,4.67,0.18,8.83,0.49,8.46,2.55,6.71,17.42,1.25,70.49
36.29,1.39,1.95,13.8,4.44,4.59,4.7,9.84,7.98,23.57,5.27,124.13
42.92,2.72,1.07,16.1,7.05,6.89,5.63,7.81,8.62,51.78,0.2,140.59
44.9,1.52,6.81,10.53,3.9,4.95,6.91,1.75,9.6,88.72,3.99,151.26
18.1,3.96,1.39,3.74,9.29,6.61,7.11,3.33,6.13,52.45,9.28,101.17
28.2,1.71,9.51,12.73,6.56,5.18,8.39,3.44,1.87,78.8,3.61,134.82
29.56,1.28,6.17,5.61,1.57,2.74,9.04,3.66,8.68,23.65,8.56,71.47
42.05,2.71,1.08,7.07,1.87,9.54,1.78,9.45,0.46,139.81,3.28,174.63
38.53,0.71,0.05,1.72,2.24,3.83,9.71,1.43,2.38,63.42,8.25,114.99
6.55,4.64,2.96,3.17,6.17,2.87,8.28,2.53,6.77,122.42,0.56,119.1
13.49,0.91,0.29,8.2,8.82,1.13,0.74,6.46,6.42,148.57,8.6,147
3.05,1.62,6.95,15.3,5.82,1.89,5.66,9.25,3.96,82.28,4.25,145.84
0.94,2.72,5.75,19.93,2.01,0.07,2.87,6.14,1.47,98.95,7.59,131.08
13.71,1.98,1.93,8.64,3.35,0.74,6.52,2.56,9.34,76.4,0.83,120.65
24.86,2.25,1.78,8.33,2.64,0.73,3.09,4.19,9.91,156.08,4.75,175.28
24.07,1.14,9.4,7.91,2.33,5.11,9.1,6.32,2.83,117.8,2.98,141.96
27.91,4.49,0.09,14.68,6.13,4.38,1.37,4.28,4.7,80.07,2.47,107.76
32.25,3.01,0.5,12.22,7.61,8.18,4.59,2.73,6.47,188.49,3.5,200.9
39.96,2.42,4.87,12.87,9.44,2.24,8.06,7.93,8.76,96.7,8.41,175.72
17.65,2.8,6.06,10.73,0.73,4.11,4.58,5.03,4.72,138.86,3.79,154.98
24.73,0.97,9.19,12.52,7.25,1.46,7.84,8.66,7,166.2,2.64,192.58
1.89,2.56,4.05,19.57,0.11,6.22,9.36,4.31,8.47,140.23,6.24,168.11
28.14,4.54,6.66,17.7,7.85,0.3,7.29,6.99,8.81,38.27,8.81,150.32
11.99,1.31,1.72,16.42,2.72,4.02,3.45,6.87,6.97,64.19,4.83,121.04
30.41,0.73,4.54,3.37,0.29,1.81,5.92,7.37,6.19,32.48,3.7,104.9
33.97,2.35,9.55,9.66,4.99,5.72,1.32,0.03,8.62,11.11,2.83,71.51
19.16,0.31,3.92,8.3,9.56,5.4,7.12,3.88,0.88,107.3,8.52,138.89
23.94,4.45,0.74,14.85,1.75,7.51,3.93,2.42,8.14,3.62,6.27,74.16
20,3.87,3.05,15.25,8.61,3.89,7.3,2.68,2.8,82.7,6.22,131.05
48.77,1.11,6.8,1.43,5.02,7.64,6.78,9.89,9.49,26.16,8.79,115.88
21.72,0.53,8.71,15.8,8.17,4.55,2.43,8.73,8.42,99.28,0.62,171.79
4.85,4.03,9.94,3.96,0.45,4.71,9.26,1.91,8.95,165.01,8.98,170.81
42.08,4.85,4.66,5.92,8.79,6.41,0.92,1.53,2.47,98.01,0.65,156.81
33.44,0.76,6.98,15.74,4.7,4.08,1.61,6.72,0.51,195.35,4.03,193.68
20.96,0.37,6.62,6.73,4.85,2.57,3.9,8.42,9.92,47.11,4.67,99.77
23.29,0.73,4.79,9.39,7.53,1.18,4.56,4.5,2.92,154.1,0.02,139.4
5.09,2.21,2.65,16.53,7.95,3.49,1.92,9.82,9.59,62.31,6.21,124.7
23.04,3.64,8.57,2.4,4.22,8.66,0.9,0.18,5.53,11.93,3.62,47.86
14.1,0.63,9.32,19.18,8.77,2.25,3.57,9.62,1.05,107.76,4.84,141.46
44.45,3.88,5.75,3.47,8.35,6.45,7.75,1.6,8.66,131.31,4.61,187.45
7.78,1.35,2.48,15.61,3.95,6.65,5.44,0.48,0.7,77.42,8.2,88.69
13.61,3.37,3.87,8.59,1.81,7.52,9.23,7.35,0.68,41.18,1.43,78.78
27.55,0.8,2.72,11.32,6.82,4.8,5.66,5.84,7.13,87.24,4.72,133.59
18.75,2.92,7.69,12.48,1.75,8.12,5.01,5.33,9.42,153.66,5.09,176.59
4.17,4.29,9.79,13.8,9.81,6.7,2.66,4.26,1.05,76.71,5.17,126.97
22.51,3.84,8.3,11.3,6.81,9.16,2.34,8.58,5.45,168.96,5.12,189.69
32.06,4.58,6.18,4.23,4.46,5.26,5.78,0.66,7.29,33.86,9.61,99.45
2.72,4.01,4.98,14.16,8.07,5.01,4.43,4.97,2.35,172.19,3.25,180.7
27.25,2.17,6.71,19.14,2.33,6.86,6.88,0.9,4.19,162.33,6.96,175.12
29.91,0.91,4.34,13.48,2.77,6.17,3.98,7.63,3.17,60.18,6.84,120.61
29,3.11,6.47,16.07,8.34,4.33,4.46,1.83,5.87,6.02,6.68,75.09
7.62,0.49,2.45,14.37,9.7,7.42,9.99,8.67,8.88,193.51,4.73,216.08
39.16,2.43,6.52,11,5.22,8.45,7.07,0.33,2.51,137.7,2.31,160.01
20.1,1.57,8.95,17.77,9.58,6.84,5.82,9.02,2.23,39.59,9.91,118.73
28.41,4.56,9.95,18.92,4.65,2.35,5.99,0.47,6.15,193.87,1.24,218.72
24.82,1.05,6.61,4.72,7.47,7.55,5.33,9.65,1.77,185.85,8.55,196.97
14.87,3.96,0.66,4.08,0.13,6.24,7.73,1.68,1.31,168.52,7.63,150.69
28.8,2.12,2.53,13.56,1.47,1.25,6.1,3.66,9.36,173.87,8.73,185.39
32.99,3.68,8.25,13.9,2.07,7.32,1.57,2.12,3.68,92.04,1.5,135.42
12.74,4.01,6.6,15.79,0.22,9.37,6.63,2.69,1.35,19.15,3.97,62.52
30,2.67,7.13,8.38,1.5,7.37,6.05,9.47,4.42,95.31,5.87,146.8
1.21,0.74,7.82,1.82,0.18,4.71,3.64,7.42,7.8,198.15,1.47,161.97
41.08,2.1,9.38,12.07,9.55,0.73,7.94,6.43,8.82,59.73,0.85,144.26
11.74,3.76,0.8,15.12,4.62,3.75,5.47,3.45,0.15,153.95,9.25,160.36
35.25,3.02,3.91,15,4.74,0.58,9.57,1.65,4.03,2.11,4.33,81.98
26.83,1.86,8.05,6.25,8.62,0.95,3.12,6.3,8.92,2.97,6.62,91.85
28.17,4.1,5.71,18.6,0.86,8.19,7.14,5.11,5.51,101.08,7.09,169.75
34.41,0.69,8.15,18.2,2.24,0.46,7.62,5.58,0.74,127.73,6.43,170.54
33.37,1.94,1.88,9.55,3.96,0.73,0.92,5.3,1.27,56.92,7.42,93.53
4.03,2.65,5.47,3.02,5.21,6.08,4.35,3.9,7.12,1.72,2.8,73.85
27.99,1.74,7.29,12.25,1.72,8.14,3.78,3.72,5.97,17.66,6.22,90.31
30.09,2.7,2.48,9.73,5.87,3.45,1.35,9.37,6.89,179.17,4.94,206.15
7.83,1.12,1.07,2.57,4.04,7.88,8.26,4.67,7.45,50.27,1.83,86.53
28.91,3.95,3.32,11.06,8.46,0.08,1.43,2.19,2.59,13.72,5.71,72.29
36.35,1.39,6.31,14.89,4.35,4.25,4.48,5.89,3.3,87.2,9.39,145.73
42.6,4.93,2.31,15.13,7.46,5.62,2.6,9.27,5.89,3.26,8.5,106.86
48.65,0.3,5.1,11.95,0.23,0.94,2.49,9.78,2.48,43.99,2.22,128.75
37.84,3.91,2.24,19.7,8.82,3.64,0.49,1.9,6.61,145.96,3.13,164.55
15.09,2.91,3.06,18.22,3.64,0.04,7.93,7.17,5.4,16.31,7.05,81.49
15.89,1.3,0.38,4.53,8.44,1.57,8.46,6.63,6.76,65.4,0.53,110.36
0.5,1.6,3.22,7.49,1.34,5.2,0.19,4.07,6.02,36.64,9.75,69.69
36.87,0.14,8.34,8.18,7.09,9.02,4.2,8.65,2.08,29.63,6.43,111.84
42.05,2.69,9.16,12.37,6,7.45,0.24,1.19,4.07,38.88,6.68,124.53
18.64,3.71,8.24,7.58,6.85,6.6,2.29,2.53,8.72,27.26,7.75,80.75
11.22,3.74,0.4,19.58,2.77,0.46,3.02,0.38,0.08,25.59,4.85,63.99
23.4,1.42,6.36,2.73,9.36,2.42,7.16,6.44,2.45,51.18,5.9,98.31
18.56,3.93,6.79,12.88,2.72,1.93,1.31,4.97,2.52,33.63,8.34,105.95
35.75,1.73,3.52,2.54,3.11,4.63,8.97,2.05,5.44,8.63,4.4,78.28
44.9,4.4,2.05,12.28,3.44,0.21,5.62,3.36,8.43,139.69,9.71,176.9
21.44,2.85,4.23,9.4,5.8,9.66,4.2,3.3,9.74,171.56,3.35,189.28
10.01,3.31,4.82,19.85,2.02,4.27,6.27,6.43,3.29,88.91,8.24,130.38
7.03,1.17,9.08,15.37,2.52,8.9,8.9,8.19,3.02,0.76,5.85,74.62
3.28,4.33,7.64,10.82,8.07,2.38,2.71,0.07,3.55,104.78,3.05,120.9
3.86,0.72,9.11,7.51,0.74,3.89,5.74,0.75,5.7,135.44,2.94,136.89
32.59,4.37,8.82,11.82,7.44,5.33,0.19,4.25,4.91,0.81,2.3,84.73
23.39,4.76,1.73,12.88,3.37,0.19,1.6,7.09,6.78,45.21,9.73,140.48
16.96,2.12,3.17,9.99,1.8,9.38,1.95,8.44,7.24,78.5,3.65,124.5
30.42,2,3.06,7.33,7.3,6.32,8.31,6.34,1.77,108.79,0.16,153.66
46.48,4.2,9.14,10.58,3.47,1.5,1.48,5.38,8.53,141.7,5.24,184.46
16.5,2.67,1.86,0.91,6.72,8.02,9.22,7.96,5.75,17.72,7.7,103.47
7.78,1.44,5.55,14.04,7.55,7.66,1.69,4.46,2.59,127.93,0.08,150.78
11.56,0.17,3.09,17.37,9.36,0.53,1.05,5.53,3.05,75.22,9.4,129.74
8.6,3.07,1.42,0.06,9.43,3.95,5.24,2.62,1.76,149.91,4.35,133.41
22.86,0.86,3.67,18.71,4.23,3.06,6.47,8.62,5.25,81.94,4.51,143.52
28.25,1.91,8.86,18.21,7.22,3.3,2.59,6.93,6.33,80.3,3.53,138.16
14.96,4.58,9.78,14.49,8.51,3.1,3.27,8.23,8.9,22.87,5.55,109.95
48.88,2.67,9.86,15.89,1.14,2.05,5.01,1.16,7.05,161.45,9.07,209.16
41.75,3.82,3.86,15.69,6.05,8.91,6.98,5.07,0.78,23.82,2.88,124.16
41.21,4.35,3.67,10.25,5.72,5.45,8.05,7.54,7.6,26.94,5.16,130.54
31.12,4.34,9.89,7.51,2.75,7.46,4.81,5.89,8.91,102.52,9.13,156.27
25.62,3.87,9.17,13.16,5.7,7.59,8.35,4.53,9.68,75.84,1.03,149.78
12.09,4.26,7.31,8.36,8.37,9.62,5.54,9.21,4.12,39.81,0.93,95.59
43.44,0.48,2.66,10.85,6.44,1.51,8.17,4.1,5.59,131.06,3.71,161.03
6.59,0.49,9.65,3.07,9.52,9.38,6.28,0.88,9.58,99.74,9.97,130.13
46.52,4.9,8.9,13.78,5.5,8.88,1.14,8.9,0.09,173.54,1.39,195.15
45.91,4.06,2.53,0.42,5.7,3.21,0,3.23,3.18,105.6,8.02,145
18.2,3.98,5.58,7.73,3.19,0.75,5.7,6.87,9.04,68.67,0.16,124.17
37.66,3.31,2.55,16.48,6.61,8.61,0.77,6.31,0.71,36.46,7.86,114.73
49.24,3.97,5.97,13.86,4.57,6.48,6.73,7.67,2.26,133.47,4.48,192.21
13.22,4.51,8.35,7.95,6.75,6.69,3.31,1.27,0.51,56.52,3.16,84.89
48.55,2.52,5.97,14.54,4.66,2.2,2.93,9.91,2.93,37.01,4.66,127.87
43.03,2.19,0.11,16.47,7.73,8.26,0.76,5.58,0.94,138.06,4.45,173.91
11.27,1.73,1.01,12.24,2.01,9.3,1.34,9.26,4.19,24.46,5.17,56.4
8.5,4.5,4.58,2.64,8.31,5.84,1.34,2.7,6.04,155.24,4.19,137.15
26.78,1.13,3.97,4.51,6.72,7.8,5.8,5.72,5.07,165.99,1.34,170.01
47.47,1.88,7.76,19.1,0.35,0.47,4.12,8.97,1.29,20.67,5.04,101.68
30.36,2.6,0.56,0.14,4.41,9.56,3.99,9.18,3.64,126.54,4.08,144.38
20.56,2.17,9.52,4.25,8.82,4.05,1.33,3.41,2.93,191.84,5.55,188.53
40.86,0.48,4.79,10.5,0.77,7.44,6.82,1.72,8.66,61.07,8.33,132.91
28.2,0.41,4.86,12.9,0.94,9.53,6.97,6.18,7.15,178.05,2.12,177.12
46.26,3.05,0.83,8.56,4.96,8.31,9.53,2.8,9.61,197.95,7.28,209.07
27.47,1.67,3.8,14.1,2.8,9.28,9.43,5.57,5.42,20.89,3.29,91.11
28.73,3.42,3.04,4.44,9.18,1.54,6.83,8.53,8.97,28.76,2.55,124.95
11.06,4,5.14,18.39,5.11,4.14,5.54,8.42,9.94,182.23,2.56,192.56
42.35,0.12,0.8,16.87,3.08,9.18,7.9,3.18,0.07,146.02,0.13,187.3
10.62,3.31,3.1,7.38,9.69,9.96,4.57,7.92,1.32,19.03,5.61,85.43
35.46,3.81,5.61,3.01,4.16,0.16,6.12,3.94,2.85,190.74,5.14,206.48
38.58,4.06,3.98,13.93,2.56,0.04,3.63,3.44,5.71,77.03,0.9,138.9
24.14,1.24,5.15,13.3,7.64,9.95,1.92,0.81,1.24,39.81,3.23,56.72
0.57,1.34,8.05,6.95,7.53,3.3,2.62,5.8,3.83,106.08,4.16,115.15
4.86,4.4,7.91,3.08,0.63,9.9,0.96,5.27,4.26,8.28,3.42,47.89
9.24,0.43,4.76,8.04,0.79,4.09,8.18,7.97,8.39,124.36,9.21,144.95
8.84,2.48,7.97,4.79,5.99,0.49,8.8,3.2,5.79,127.79,2.78,132.54
13.92,4.13,2.63,8.74,9.62,4.16,2.23,3.62,2.54,108.26,9.94,120.62
27.3,3.23,6.14,1.87,4.88,3.04,2.7,5.85,4.17,69.1,7.27,110.14
22.88,4.86,9.17,18.17,3.12,7.6,4.25,0.22,9.76,118.56,5.45,165.65
11.74,3.96,9.57,16.2,2.55,8.03,2.94,5.19,5.7,115.27,1.19,147.36
1.38,4.35,6.09,8.87,4.28,9.52,5.27,1.01,9.98,107.82,8.22,141.4
23.37,1.63,3.17,0.71,1.19,6.97,7.43,7.1,3.47,147.87,6.84,167.64
43.69,4.32,5.12,9.17,3.59,3.58,9.19,9.52,4.86,53.41,3.44,118.11
1,1.15,6.23,10.96,4.99,2.35,8.28,0.77,3.4,137.75,2.64,115.17
3.88,2.39,5.43,17.04,1.81,5.05,9.77,0.6,8.54,101.38,0.84,123.91
4.78,1.19,4.83,14.57,4.9,7.15,0.85,6.41,8.16,38.06,1.79,98.04
9.63,4.75,7.19,14.54,6.43,8.93,5.16,6.32,2.24,171.26,6.41,187.82
21.14,3.43,7.76,17.18,8,5.41,5.12,9.66,5.6,29.95,0.9,125.01
47.82,4.04,4.33,14.51,0.56,0.98,4.31,4.66,0.97,182.55,7.17,217.85
44.16,4.45,5.75,19.51,8.38,0.15,1.54,2.89,8.54,73.46,9.07,165.61
14.58,3.43,0.38,14.51,1.46,1.12,4.16,4.96,2.38,114.22,1.52,125.04
30.97,4.25,2.22,10.13,8.57,9.41,4.84,4.36,5.56,160.78,0.2,187.9
19,0.72,5.23,0.01,6.84,1.31,9.28,0.47,8.96,164.75,3.81,173.15
1.59,4.55,3.73,10.29,6.96,8.91,9.9,2.49,2.58,152.09,7.78,154.8
45.89,2.03,0.59,18.04,0.96,1.61,0.58,1.72,2.82,34.48,3.39,94.98
18.09,2.61,0.66,11.6,1.74,4.28,7.48,2.65,9.23,103.03,3.59,132.89
40.96,1.48,7.46,1.75,6.24,9.71,3.72,6.92,9.47,147.01,5.26,166.73
43.63,4.14,2.21,3.39,4.82,6.03,4.09,8.63,0.64,139.23,4.82,183.56
49.97,2.23,9.73,13.83,6.08,5.7,5.49,7.08,5.75,64.83,3.46,153.15
5.96,1.11,5.31,8.83,6.22,4.79,9.03,2.52,6.27,107.82,3.07,120.9
41.56,2.76,0.76,16.6,7.2,8.77,3.87,4.55,2.65,186.85,2.42,200.15
2.08,2.05,2.88,6.42,3.45,1.22,2.62,2.06,4.51,92.59,9.87,109.88
38.69,3.55,0.4,4.75,9.13,9.55,1.98,2.25,4.74,165.79,0.97,175.94
46.19,4.4,3.52,18.48,6.36,7.34,7.49,8.14,0.71,98.62,6.84,169.92
12.45,2.71,7.26,18.56,1.57,3.38,4.24,1.45,2.46,114.94,6.88,151.73
28.03,4.04,6.29,4.41,2.66,3.73,4.52,9.93,3.75,192.64,1.13,207.76
30.66,4.55,1.05,17.99,2.43,1.08,3.12,7,0.66,136.59,7.63,176.9
2.99,3.3,3.82,14.79,5.43,1.81,6.76,9.51,6.96,94.31,3.9,141.23
25.63,3.29,7.52,2.26,5.47,8.58,0.09,8.07,7.93,85.33,0.81,150.86
42.37,2.67,3.03,14.65,9.41,4.94,0.25,7.08,3.15,86.56,8.44,134.06
16.77,3.3,9.94,8.98,8.12,6.81,1.97,1.35,5.98,180.72,4.62,186.35
38.73,1.67,6.67,12.42,3.36,2.93,0.84,1.66,8.39,4.71,3.54,87.51
18.1,1.8,9.56,6.07,3.62,8.97,7.95,1.76,4.53,39.6,8.61,93.18
17.39,4.32,9.55,1.32,6.92,1.59,1.86,3.98,3.22,93.43,1.1,111.37
43.29,2.3,1.32,17.74,3.28,5.44,3.44,4.46,3.87,14.36,0.42,103.66
32.74,3.85,0.84,11.76,6.73,2.45,5.11,4.62,4.88,95.42,3.23,138.08
28.85,2.45,0.67,11.46,3,4.35,5.89,1.13,5.66,87.1,8.38,164.55
32.78,0.72,9.24,16.09,0.68,8.13,9.09,1.57,1.06,13.98,4.31,88.37
39.45,4.89,4.6,17.49,8.28,6.67,7.47,8.28,0.63,89.26,5.48,177.44
29.26,4.7,6.59,4.1,8.05,7.57,3,1.49,9.53,85.04,6.36,127.42
0.88,3.76,1.07,7.14,2.41,7.18,1.85,7.54,9.45,5.32,1.9,73.92
39.98,0.29,9.46,14.58,6.57,9.05,4.99,0.04,5.77,137.33,1.65,162.6
0.59,0.26,3.28,6.32,0.11,4.53,4.19,5.86,9.96,127.9,4.86,121.08
28.64,2.6,7.84,16.44,3.73,3.86,7.54,9.13,9.88,45.06,4.32,130.95
22.01,4.73,2.38,7.2,4.39,8.48,2.8,6.92,8.13,19.32,1.52,90.61
48.81,0.83,4.77,2.3,9.6,7.21,0.9,2.81,1.83,155.66,8.62,162.73
2.53,0.35,9.1,7.3,2.67,2.53,3.59,2.92,2.38,100.94,0.37,95.4
27.72,0.67,8.71,0.77,9.27,9.58,2.44,9.75,4.23,80.11,2.74,113.19
11.61,0.07,1.01,2.55,9.09,9,6.91,7.47,7.79,22.88,1.26,69.46
35.65,2,2.98,8.57,8.51,4.86,8.18,0.61,0.9,108.11,7.65,144.67
45.9,0.33,4.01,18.42,0.99,1,7.27,3.52,9.97,58.26,2.73,139.34
21.3,2.93,6.21,2.24,0.6,0.94,5.95,8.16,6.31,195.9,3.31,190.39
23.59,1.94,6.35,19.3,7.96,1.88,9.47,4.46,9.33,138.13,6.81,186.44
11.99,2.69,8.51,12.03,7.98,8.96,9.53,2.05,1.03,172.28,8.62,177.05
11.8,1.37,8.24,6.88,5.34,7.23,9.03,8.86,7.53,98,0.68,142.51
26.06,3.92,5.55,16.12,8.1,6.74,1.55,5.99,0.71,38.11,3.28,103.73
25.62,1.17,1.13,15.98,1.9,8.67,0.57,6.22,6.39,76.7,7.17,122.82
15.07,2.77,0.5,11.17,4.85,3.07,9.62,0.44,3.72,97.85,8.56,133.64
5.06,1.59,6.74,11.94,6.49,3.2,8.71,6.97,4.66,197.58,8.1,213.92
17.84,3.41,6.64,19.11,0.01,1.66,9.17,9.9,3.97,177.58,7.75,202.88
19.52,4.86,3.46,19.29,5.2,6.19,0.3,7.26,2.11,61.77,4.5,110.38
4.1,1.61,5.02,4.37,1.39,5.08,0.09,6.24,3.09,30.82,1.26,62.32
25.46,0.68,9.3,12.32,2.41,8.32,7.31,1.95,4.73,99.48,9.51,131.77
48.07,4.35,8.25,7.51,0.42,8,5.17,0.95,4.18,116.35,5.89,167.75
29.91,1.53,4.55,19.93,3.3,9.08,7.93,3.08,4.44,38.78,8.51,103.07
15.13,3.96,9.48,7.15,6.12,1.94,3.31,7.37,9.36,147.15,2.32,189.43
19.29,0.57,0.24,18.41,9.23,7.58,3.72,2.24,2.3,53.2,3.34,113.61
37.99,2.12,9.28,18.36,9.65,1.53,6.38,1.1,3.09,193.28,8.21,215.84
10.26,4.8,6.27,10.85,5.95,8.4,2,5.37,2.57,38.39,7.4,108.8
16.27,3.01,2.6,16.16,3.68,0.04,5.5,3.6,8.82,35.29,2.15,108.62
41.79,4.76,9.88,5.18,4.24,4.58,6.23,1.23,6.7,159.98,9.51,215.66
0.31,3.41,0.26,9.59,2.09,9.17,1.55,6.4,3.66,132.4,0.34,124.01
14.23,1.26,2.22,14.03,2.92,5.99,4.41,9.95,7.37,100.54,8.3,155.32
49.41,3.54,4.75,12.92,4.67,4.51,7.33,2.19,0.14,149.02,0.07,202.6
0.47,4.36,6.04,10.08,0.1,6.9,6.76,9.94,2.71,176.4,1.99,169.64
18.89,1.36,7.45,8.19,8.82,9.78,4.45,6.06,7.22,30.44,5.61,98.86
7.97,0.37,7.79,14.32,2.36,3.66,3.88,1.88,0.7,127.42,9.47,132.36
12.08,2.77,5.91,19.86,9.9,2.58,7.8,0.39,6.6,87.38,9.1,133.09
38.75,1.67,2.61,18.6,9.14,6.99,2.01,9.57,9.68,45.02,3.81,151.04
39.78,3.69,9.86,2.42,5.79,1.45,1.73,4.9,0.95,8.97,2.95,67.1
33.88,0.79,6.74,10.65,1.3,2.17,5.45,6.93,4.17,190.17,8.35,203.31
1.04,2,3.66,3.91,6.88,0.74,4.82,6.29,5.16,197.27,3.11,191.93
27.58,4.61,7.74,5.27,8.04,4.25,5.39,1.83,7.07,96.46,5.85,119.21
1.5,0.68,9.35,5.1,7.77,6.01,2.57,4.29,3.36,47.23,7.44,77.28
31.98,1.02,6.96,6.13,1.04,4.3,5.94,2.09,3.87,1.26,7.06,67.31
24.65,2.69,9.21,3.39,0.3,4.23,2.52,9.29,7.67,104.81,8.6,155.55
31.14,0.12,6.47,15.6,8.25,4.92,6.87,7.35,7.3,28.79,7.35,128.01
33.62,4.79,6.28,15.65,8.07,6.62,4.1,4.11,2.84,100.59,5.81,161.88
11.28,4.2,6.94,4.4,7.25,1.41,2.04,2.87,1.57,15,7.6,66.44
9.85,4.24,9.55,13.69,2.11,9.13,1.89,2.96,0.92,177.83,0.41,181.5
44.73,3.86,8.88,2.89,1.2,6.05,9.95,8.08,3.98,123.85,5.28,162.36
12.43,2.36,7.15,11.2,2.12,3.78,1.09,7.54,6.86,84.86,5.51,128.25
5.98,1.47,3.63,14.73,7.33,9.48,1.27,9.37,6.17,57.8,7.2,113.18
26.6,3.74,2.91,2.86,4.78,8.16,9.43,2.68,5.08,35.86,0.12,92.99
5.81,3.08,2.02,13.96,8.23,1.54,6.1,7.03,1.83,111.63,0.69,122.16
47.4,0.58,2.25,6.8,8.3,8.11,4.93,3.11,8.74,193.24,8.41,219.07
33.24,4.03,6.87,5.44,6.49,4.88,6.4,8.24,3.86,66.3,5.65,123.08
39.78,4.09,6.59,3.94,2.5,3.31,4.59,0.11,8.49,119,6.85,162.34
45.91,4.5,1.08,19.68,4.59,2.42,1.52,9.31,1.35,129.74,9.51,191.14
44.3,2.69,7.58,16.23,0.88,3.15,2.4,0.28,6.67,198.28,1.24,229.63
44.84,1.56,3.93,9.54,4.86,1.55,5.92,4.68,4.1,55.76,8.69,107.54
33.93,2.44,0.69,7.91,3.07,9.84,6.62,2.52,4.45,58.05,4.58,92.16
45.1,1.74,1.32,16.97,8.61,2.3,2.86,2.78,7.77,99.24,2.1,162.89
33.86,0.15,9.88,8.53,8.58,2,4.65,4.4,8.67,137.37,3.2,182.17
46.18,4.32,5.69,10.83,3.4,3.97,9.87,1.22,1.55,101.96,7.61,161.93
18.68,3.71,5.57,8.43,1.84,1.82,7.33,8.94,5.12,62.03,4.85,126.62
20.76,1.97,7.57,2.41,3.73,7.75,8.13,3.65,5.32,32.54,2.93,82.64
8.68,2.8,5.52,8.25,3.43,1.72,4.15,6.96,5.97,125.83,6.42,151.92
3.76,2.74,5.4,16.93,1.2,6.97,6.1,3.84,0.35,46.42,9.86,97.23
6.35,1.17,9.8,11.3,7.75,3.69,7.77,4.66,4.13,119.4,7.03,126.76
10.47,2.74,0.73,3.29,9.38,2.67,7.31,2.05,3.94,54.51,5.51,92.4
20.71,0.45,8.62,17.31,2.26,4,0.67,8.1,4.73,55.05,5.48,109.85
33.2,0.04,1,15.05,7.28,7.07,8.43,7.84,6.21,107.02,5.74,172.03
3.14,2.01,4.43,5.39,4.38,6.59,2.03,5.86,9.38,32.28,1.38,75.52
10.88,3.97,7.03,15.79,3.7,7.17,2.78,6.06,4.56,143.57,3.83,185.97
11.58,4.1,8.7,11.08,2.52,2.92,4.21,7.87,6.12,52.98,2.55,89.72
33.59,1.27,6.62,14.62,8.91,9.49,5.41,4.29,8.39,35.87,0.98,120.84
49.48,1.24,6.42,3.19,6.41,6.11,9.06,7.17,7,8.55,3.18,102.78
28.89,2.11,3.35,0.12,5.26,1.07,4.45,1.18,5.61,193.11,6.45,185.11
49.4,2.88,4.2,12.98,6.74,2.49,8.01,8.09,1.68,135.94,3.37,162.26
2.55,2.82,5.43,9.63,6.47,6.36,0.92,1.66,6.6,189.15,7.2,170.19
10.08,3.93,8.13,14.96,0.69,3.46,4.19,9.84,9.55,5.95,2.72,86.42
15.63,4.34,5.7,13.34,1.97,7.66,9.93,3.96,9.77,151.07,5.29,172.92
40.18,0.94,8.05,8.59,5.26,1.54,5.48,3.84,3.05,180.68,4.96,186.98
24.37,3.97,8.13,8.66,2.79,0.15,7.65,4.98,6.06,67.35,4.09,124.57
43.99,3.46,9.88,1.32,8.69,9.78,9.39,8.8,9.09,16.73,0.29,122.66
29.97,1.82,3.28,17.47,3.53,9.63,0.05,9.24,1.83,134.47,5.84,182.39
37.59,3.81,6.56,17.99,5.24,6.49,2.82,1.53,1.03,60.83,3.88,104.75
36.47,3.12,2.21,17.78,7.64,5.32,8.13,9.54,0.88,176.82,3.62,209.56
33.65,1.79,7.03,5.69,7.21,9.74,2.03,0.55,2.15,40.4,1.75,86.03
42.7,0.32,6.24,4.01,4.03,2.53,1.13,7.05,9.51,151.81,8.77,168.16
6.98,0.9,5.33,18.77,1.75,3.49,3.44,2.55,3.38,13.35,2.5,61.23
18.32,3.64,8.52,10.21,8.85,9.24,5.49,9.61,7.02,134.07,5.48,175.7
35.64,4.94,2.84,17.65,1.09,2.78,6.35,9.58,9.3,164.54,4.75,207.18
14.58,1.12,9.73,12.82,4.07,6.48,8.98,3.28,1.91,82.95,6.09,137.95
3.59,3.31,2.57,15.07,4.02,4.38,1.93,2.97,9.19,0.03,7.39,64.5
35.78,1.01,9.98,5.41,0.54,4.23,6.45,7.6,2.12,85.77,2.29,140.14
27.88,4.6,0.83,16.87,7.59,3.64,3.2,7.13,3.37,57.67,4.43,130.16
15.9,3.31,3.49,14.44,5.51,9.96,9.94,7.86,2.29,136.04,5.71,179.25
28.85,2.13,3.43,18.24,9.88,8.51,7.66,3.66,6.26,13.8,4.08,97.39
30.4,1.29,7.14,17.89,9.35,3.34,3.23,5.31,7.75,75.05,1.67,136.71
23.28,2.18,0.39,18.39,2.52,0.65,4.85,0.09,0.72,164.65,4.88,183.71
14.63,2.18,0.99,10.79,3.99,5.71,7.11,6.27,5.68,17.9,2.27,69.8
23.85,4.56,5.62,3.89,9.91,6.73,3.3,3.43,7.36,176.57,6.32,201.62
14.71,1.22,4.26,15.3,5.52,5.06,6.99,1.17,7.85,113.35,6.98,164.53
6.52,1.48,4.86,19.46,5.9,5.83,8.52,3.85,9.6,149.99,2.39,168.72
12.7,0.88,2.34,17.68,2.54,6.34,5.08,4.07,6.01,7.39,8.03,78.16
41.36,2.28,9.53,6.06,5.9,0.29,7.49,8.59,1.37,82.52,6.54,141.19
11.49,4.34,6.18,8.37,0.28,2.16,7.46,9.32,7.5,83.78,7.72,133.19
19.89,0.37,0.46,0.82,4.48,3.64,5.03,2.83,4.44,103.95,8.64,116.35
6.68,4.49,3.03,15.92,9.98,9.26,2.75,7.25,2.87,101.81,4.41,151.42
1.82,2.6,0.09,8.92,8.93,6.43,5.17,1.05,8.25,142.96,1.19,143.3
37.12,4.89,6.4,12.23,7.51,4.48,1.83,4.23,3.98,69.05,7.89,126.8
9.53,2.64,8.95,4.95,1.02,0.09,9.05,7.31,4.55,164.92,8.67,162.71
29.93,1.21,4.55,19.47,3.7,4.41,3.38,7.49,3.44,151.69,5.91,174.81
4.85,4.43,1.55,19.52,8.28,4.63,8.11,9.62,2.84,145.33,1.1,183.59
49.83,2.74,6.23,6.16,3.21,1.35,7.99,7.48,0.96,170.6,3.64,192.36
29.12,3.05,1.1,12.8,3.77,1.05,9.71,3.04,9.82,100.54,2.89,153.61
26.06,2.99,0.76,13.85,4.77,9.75,4.12,3.62,8.2,195.85,1.24,202.61
44.76,3.28,2.11,14.4,5.84,8.18,7.37,6.82,5.55,96.95,7.36,175.26
48.68,1.1,9.2,9.16,9.33,3,0.98,9.46,5.13,66.62,2.95,142.47
22.58,1.39,3.31,5.08,5.68,0.76,3.91,9.47,5.43,1.1,7.32,73.86
42.68,1.54,9.92,3.81,8.62,6.7,5.68,0.77,4.33,44.65,4.18,109.91
30.56,1.21,8.7,19.88,9.35,7.63,6.42,9.72,7.33,105.84,1,170.67
31.62,1.93,7.7,1.53,9.3,5.82,4.67,3.71,1.96,21.2,3.99,74.65
37.73,3.65,3.39,4.39,1.54,2.68,3.76,3.09,6.19,92.41,0.76,123.28
42.17,4.83,6.58,6.22,9.09,1.43,3.83,2.82,0.51,94.06,7.38,175.36
4.6,1.72,9.62,3.39,8.48,1.32,1.62,4.37,8.86,37.75,3.13,79.52
8.34,4,9.14,8.38,5.61,9.36,7.52,3.6,4.39,111.01,5,162.29
35.28,3.42,7.76,12.49,0.06,7.95,0.11,0.79,4.24,18.84,1.64,79.8
38.89,2.66,1.73,5.38,8.74,7.55,8.85,3.09,2.67,71.94,8.01,153.03
39.16,3.75,9.69,17.07,1.49,8.49,2.93,5.53,4.19,147.87,6.75,201.82
15.3,4.49,8.57,19.68,1.34,9.33,4.84,4.79,6.04,138.79,0.7,170.81
11.94,2.18,6.62,10.65,1.21,1.49,1.22,5.52,9.3,165.74,4.82,153.44
40.03,4.92,7.84,2.96,9.98,6.11,8.64,6.07,2.08,198.3,9.19,209.19
19.36,0.69,6.77,8.07,7.23,9.04,9.33,6.84,6.41,15.79,8.99,108.95
13,2.67,8.47,4.84,9.31,1.23,3.61,7.22,5.18,42.86,9.14,106.86
33.61,1.45,5.53,5.57,6.22,4.23,9.14,1.48,3.82,115.4,3.06,147.12
33.68,0.41,3.3,17.69,5.15,0.98,6.94,3.61,7.28,97.47,0.87,145.52
28.5,1.76,0.42,13.33,4,3.13,4.15,8.48,4.83,67.65,0.76,113.03
14.74,0.67,3.41,3.02,0.85,7.75,5.25,2.91,9.72,183.91,9.48,175.17
39.21,3.56,7.23,2.21,2.97,4.66,9.92,1.56,5.71,155.59,0.88,200.17
24.11,1.01,0.18,6.56,3.28,5.62,2.37,1.8,0.2,24.94,5.73,51.27
7.66,1.91,2.93,7.83,9.88,8.06,5.59,7.55,6.86,153.3,2.92,146.48
8.29,1.11,7.19,17.62,7.47,3.08,4.72,5.56,2.8,151.43,8.28,175.48
8.06,2.89,8.79,17.63,9.73,5.02,4.24,9.43,8.8,127.44,2.64,186.39
6.96,4.13,5.86,18.95,6.05,2.11,7.36,7.43,5.18,69.47,4.31,117.58
1.11,0.33,4.6,8.53,1.25,7.19,5.28,7.82,5.37,12.28,0.18,62.31
15.59,3.71,8.81,11.79,2.59,1.3,4.51,3.91,7.63,59.77,0.49,86.48
34.16,2.39,8.12,19.47,6.32,4.22,5.62,9.4,1.21,177.63,0.11,197.15
11.3,0.94,9.49,14.74,4.76,5.32,1.63,2.17,5.98,85.68,3.69,108.2
24.53,4.35,6.57,17.99,2.32,9.7,3.84,5.7,5.22,58.23,4.26,133.96
15.93,0.93,7.29,6.79,8.87,0.68,6.6,4.71,0.17,100.57,6.2,113.63
27.76,0.85,3.74,9.52,0.97,0.47,0.68,8.23,8.41,198.11,3.48,201.19
49.56,1.11,6.55,3.91,8.95,6.74,6.24,2.26,6.54,43.63,2.26,121.11
11.65,0.27,1.06,8.04,2.84,2.86,1.67,3.31,6.23,109.62,6.41,112.34
13.89,0.76,5.59,4.15,6.62,1.54,1.5,8.66,8.76,163.99,8.48,169.06
15.61,1.78,1.84,2.22,3.84,2.41,0.07,2.99,4.14,17.4,3.5,82.65
34.52,4.49,9.87,12.99,0.22,6.9,3.46,0.32,8.18,32.67,6.75,119.84
16.74,0.16,3.35,11.05,3.82,5.73,2.13,8.18,8.35,0.52,9.39,73.04
42.16,2.35,4.8,17.46,1.76,5.93,2.9,0.99,7.58,88.53,7.12,172.76
14.01,4.81,5.54,5.88,2.96,0.49,6.55,1.67,5.66,82.54,5.25,125.16
47.58,1.87,3.25,17.88,3.99,2.98,8.36,4.85,1.19,88.34,9.24,157.01
26.32,1.46,5.74,19.65,2.46,5.17,4.85,6.95,3.29,74.75,5.09,135.36
32.35,2.75,7.19,3.23,7.79,7.05,4.39,6.58,9,35.72,7.74,121.06
18.34,4.7,0.25,17.6,8.21,5.02,8.92,2.36,6.01,168.02,0.65,192.42
36.08,4.39,8.86,2.22,3.86,8.97,0.1,4.35,1.12,121.64,3.26,155.66
39.19,3.14,8.78,6.43,1.76,7.55,3.76,7.13,3.81,182.51,9.85,206.42
27.73,3.69,1.88,8.51,7.41,3.73,3.01,5.69,7.81,89.51,3.31,135.87
47.19,1.66,0.55,14.88,7.4,8.05,0.59,0.6,7.77,157.99,0.21,183.16
9.2,4.42,4.26,2.93,1.75,4.86,0.62,3.39,2.27,98.55,5.16,107.7
19.81,0.69,3.37,15.82,8.28,5.68,7.32,8.68,0.38,59.67,2.13,120.44
19.33,2,5.03,4.42,0.56,7.18,3.01,3.47,6.38,65.95,2.52,94.14
16.25,3.37,6.3,18.38,9.11,6.04,2.02,8.56,4.97,32.15,7.2,113.85
35.83,4.21,9.34,17.02,4.35,5.39,2.87,4.88,5.09,27.31,1.9,118.61
7.6,0.8,7.99,16.63,5.78,1.19,6.45,7.26,4.94,29.21,7.84,88.48
48.51,3.34,3.92,16.86,5.07,6.81,2.39,4.32,7.15,170.02,7.76,226.74
45.91,0.68,7.22,1.99,5.97,4.86,3.74,8.69,7.64,124.71,4.7,167.75
24.12,3.06,6.18,18.29,9.16,4.78,6.35,3.93,3.86,183.61,9.82,208.65
1.95,1.51,1.09,4.66,6.55,5.13,0.27,2.75,2.22,10.67,0.16,27.4
48.66,0.87,2.89,6.63,5.05,7.44,6.21,2.17,4.36,115.46,6.23,148.06
48.56,3.11,2.83,17.37,0.83,5.96,9.63,0.03,6.04,142.06,3.14,200.47
22.47,2.35,8.34,8.51,2.96,2.64,8.36,8.24,4.44,50.47,1.56,115.5
44.83,2.26,2.43,13.17,0.19,7.44,8.81,4.54,6.84,145.94,1.7,185.09
28.71,4.39,4.92,9.94,0.68,9.88,3.86,2.82,0.46,103.73,8.82,133.25
7.62,0.67,6.74,14.69,4.27,8.03,5.22,5.94,9.31,43.75,4.37,103.56
25.58,1.44,4.65,14.58,9.36,9.97,9.32,9.66,8.59,162.32,1.02,183.27
13.71,0.88,4.07,14.19,1.83,9.04,4.97,7.21,3.36,109.17,4.8,145.41
19.68,1.36,7.24,2.94,9.11,8.2,1.79,6.12,6.8,9.68,3.39,66.45
48.35,0.39,0.34,17.01,0.52,3.75,1.03,7.16,3.51,120.72,8.42,161.77
32.57,0.13,4.13,0.64,5.01,6.61,8.39,4.51,6.98,127.33,5.53,151.96
26.17,0.03,0.17,13.41,2.07,8.78,4.06,0.38,0.97,13.12,1.16,56.31
41,2.63,0.28,16,8.35,6.85,8.65,0.23,5.1,58.33,5.44,125.11
28.69,2.35,3.58,6.97,3.61,1.53,2.98,0.82,3.58,13.39,2.62,54.46
8.26,0.68,5.5,0.29,0.78,1.46,4.91,1.51,5.97,164.21,4.02,142.44
31.83,4.68,3.42,1.26,4.39,7.07,2.49,7.2,9.6,148.38,6.67,177.08
15.05,3.45,3.39,5.14,4.66,3.09,7.59,8.86,2.95,88.54,2.31,133.21
42.99,0.18,0.32,3.2,5.75,3.16,7.69,6.85,5.81,90.54,2.79,124.93
18.65,3.17,7.11,4.14,3.21,7.26,9.94,8.72,0.86,104.01,2.38,128.36
45.86,0.57,6.1,3.08,3.48,0.77,1.2,7.54,8.9,102,5.57,141.86
41.5,0.34,2.05,10.08,6.6,8.17,9.65,0.37,8.81,138.94,0.1,169.2
31.19,4.72,5.55,2.41,7.5,6.77,6.07,6.84,9.99,49.5,9.69,131.53
32.38,3.89,9.35,4.73,5,6.87,4.77,5.83,2.74,184.64,7.42,209.88
32.34,2,2.16,4.38,0.67,6.96,2.07,0.09,8.89,38.94,8.13,85.36
36.32,0.29,2.39,8.05,6.1,4.23,0.05,7.04,5.22,27.99,0.23,103.07
22.22,0.73,9.68,4.75,5.21,5.62,0.07,9.9,0.76,87.32,6.62,109.37
8.59,1.47,5.74,4.62,1.08,8.21,8.65,8.94,7.28,111.86,7.39,143.72
27.3,0.58,4.85,19.62,0,7.15,6.32,4.11,4.96,110.29,4.03,126.53
30.59,0.1,8.99,18.95,3.74,8.89,2.41,1.65,7.44,64.11,0.44,108.88
4.59,4.77,6.29,11.25,2.13,2.75,4.02,6.61,5.72,59.54,3.52,97.74
46.09,1.32,7.86,14.09,0.32,7.11,8.64,3.24,7.53,15.76,5.55,111.62
1.28,3.71,0.29,7.84,8.12,8.63,7.39,0.83,0.51,106.58,4.17,113.13
33.86,0.87,7.68,1.71,4.57,2.78,3.13,1.05,0.14,125.25,1.27,146.28
10.49,3.29,4.45,8.93,6.17,1.06,4.7,8.01,1.48,86.19,9.81,117.91
37.73,0.11,2.39,6.5,1.11,5.19,0.52,9.88,6.56,96.41,0.92,149.24
6.88,1.9,3.61,16,8.23,5.83,3.91,7.06,8.13,59.43,8.96,116.48
36.1,2.17,7.14,18.04,7.74,0.55,7.32,6.49,1.05,20.66,1.25,105.08
36.58,0.41,3.23,5.9,0.5,8.64,6.6,0.34,0.87,191.83,4.88,186.5
18.69,2.65,5.64,19.6,4.92,4.36,3.4,3.24,3.45,98.71,8.1,134.48
35.89,3.07,9.72,2.59,1.01,2.35,5.35,8.92,0.86,147.9,2.6,171.01
44.22,1.25,2.77,14.58,7.91,1.93,7.06,6.48,3.45,169.97,8.82,196.53
42.57,3.74,3.2,0.55,6.38,8.49,2,3.01,5.21,116.43,6.25,147.02
23.96,1.72,3.87,10.37,8.3,5.47,5.6,0.79,1.89,88.88,1.89,130.48
10.85,3.29,8.21,9.89,3.28,6.85,2.48,1.59,9.65,13.97,0.76,67.22
39.1,0.88,9.72,18.12,5.6,9.4,4.55,9.97,3.88,142.79,0.88,191.16
15.57,2.81,8.84,7.15,7.64,7.02,3.18,2.86,9.85,35.58,5.26,104.53
28.48,2.59,4.56,15.67,3.43,8.09,7.32,0.52,7.39,42.07,7.78,131.67
42.53,4.27,3.13,6.41,6.09,8.85,2.22,9.6,9.28,43.42,9.3,134.69
20.33,2.26,1.64,7.35,8.4,7.74,4.24,7.78,4.39,159.05,9.99,169.54
38.01,2.64,9.34,7.14,1.41,2.02,9.48,1,2.24,164.42,8.32,178.11
16.77,0.57,2.89,10.98,8.75,0.98,1.45,2.93,3.26,109.44,2.96,118.34
11.3,3.32,2.5,9.2,3.29,7.14,7.88,9.2,9.47,160.35,7.45,190.32
2.71,3.57,6.25,10.1,2.84,9.46,1,3.42,6.33,71.27,8.85,101
9.48,3.72,1.82,6.35,3.57,9.98,9.64,4.28,4.3,117.53,5.34,135.52
38.74,1.82,3.12,3.71,6.25,2.41,6.81,7.15,0.61,105.92,1.67,136.9
7.08,4.83,2.1,13.45,6.15,4.27,7.75,7.25,4.63,7.03,1.67,86.2
24.83,2.25,0.48,2.13,1.93,2.75,2.94,9.35,8.6,138.82,7.05,160.69
19.97,1.12,0.45,17.85,5.39,3.28,4.64,2.54,8.23,140.74,9.32,147.35
41.36,4.36,9.14,11.84,4.03,0.04,0.61,1.83,8.79,86.61,2.28,121.22
30.28,1.07,4.09,8.67,8.82,9.06,9.73,2.6,6.51,155.74,4.04,186.13
35.82,4.91,2.24,17.86,4.22,0.96,4.63,8.96,9.42,146.99,2.81,201.16
27.56,1.83,3.41,19.29,8.16,0.16,6.66,7.27,9.47,191.33,2.71,221.49
1.28,1.66,9.63,9.38,2.03,4.45,1.24,4.59,8.14,161.51,8.86,171.63
27.45,3.8,5.94,3.99,2.58,5.52,4.48,7.12,3.7,179.68,9.53,202.46
27.2,2.1,9.87,19.08,6.85,0.19,6.9,3.2,5.09,30.58,9.19,102.74
39.39,2.71,4.89,3.72,0.93,1.51,7.06,9.76,9.53,69.35,2.02,129.56
32.67,1.7,6.42,8.81,9.45,2.17,3.57,8.15,0.25,38.35,3.45,104.99
20.78,3.47,1.08,5.88,0.06,1.37,0.18,8.14,5.28,117.93,4.72,138.67
48.85,3.98,7,10.66,1.49,5.5,5.99,9.81,7.26,189.66,2.92,222.97
39.99,3.11,2.53,19.86,8.28,8.95,4.27,2.4,2.82,12.47,7.02,109.22
33.39,0.86,2.3,12.98,4.74,3.97,5.59,9.32,0.24,78.2,1.94,123.05
37.19,2.93,3.75,3.8,7.8,9.11,0.06,6.52,3.37,98.6,6.92,136.83
